- Generating browser application bundles (phase: setup)...
√ Browser application bundle generation complete.

./src/app/employer-panel/employer-contacts/contact-group/dialogs/add-contact-group/add-contact-group.component.scss?ngResource - Warning: Module Warning (from ./node_modules/postcss-loader/dist/cjs.js):
Warning

(344:3) autoprefixer: start value has mixed support, consider using flex-start instead

./src/app/employer-panel/employer-contacts/contact-group/dialogs/add-contact-group/add-contact-group.component.scss?ngResource - Warning: Module Warning (from ./node_modules/postcss-loader/dist/cjs.js):
Warning

(345:3) autoprefixer: start value has mixed support, consider using flex-start instead

Warning: C:\Users\paulg\OneDrive\Desktop\Gethired\get-hired-FE\src\app\shared\services\excel\excel-downloader.service.ts depends on 'xlsx'. CommonJS or AMD dependencies can cause optimization bailouts.
For more info see: https://angular.io/guide/build#configuring-commonjs-dependencies


√ Browser application bundle generation complete.
√ Browser application bundle generation complete.
√ Browser application bundle generation complete.

Error: src/app/shared/components/locked-match-teaser/locked-match-teaser.component.html:1:34 - error NG8002: Can't bind to 'ngClass' since it isn't a known property of 'div'.

1 <div class="locked-match-teaser" [ngClass]="'variant-' + variant" role="group" aria-label="Unlock your match grade by creating a profile">
                                   ~~~~~~~~~~~~~~~~~~~~~~~~~~~~~~~~

  src/app/shared/components/locked-match-teaser/locked-match-teaser.component.ts:24:16
    24   templateUrl: './locked-match-teaser.component.html',
                      ~~~~~~~~~~~~~~~~~~~~~~~~~~~~~~~~~~~~~~
    Error occurs in the template of component LockedMatchTeaserComponent.



√ Browser application bundle generation complete.
√ Browser application bundle generation complete.

Error: src/app/jobs/job-card/job-card.component.html:20:52 - error TS2554: Expected 1 arguments, but got 0.

20   <p class="title-company cursor-pointer" (click)="companyRedirect()">{{data?.companyName}}</p>
                                                      ~~~~~~~~~~~~~~~

  src/app/jobs/job-card/job-card.component.ts:29:16
    29   templateUrl: './job-card.component.html',
                      ~~~~~~~~~~~~~~~~~~~~~~~~~~~
    Error occurs in the template of component JobCardComponent.


Error: src/app/jobs/job-card/job-card.component.html:56:22 - error TS2554: Expected 0 arguments, but got 1.

56    (click)="applyNow(data)"> {{ 'EMPLOYER_BRANDING.CALL_TO_ACTION_BUTTON' | translate }}</button>
                        ~~~~

  src/app/jobs/job-card/job-card.component.ts:29:16
    29   templateUrl: './job-card.component.html',
                      ~~~~~~~~~~~~~~~~~~~~~~~~~~~
    Error occurs in the template of component JobCardComponent.


Error: src/app/public/services/public-job-normalizer.service.ts:156:25 - error TS2677: A type predicate's type must be assignable to its parameter's type.
  Type 'NormalizedBadge' is not assignable to type '{ name: string; id?: undefined; icon?: undefined; } | { id: any; name: any; icon: any; }'.
    Type 'NormalizedBadge' is not assignable to type '{ id: any; name: any; icon: any; }'.
      Property 'id' is optional in type 'NormalizedBadge' but required in type '{ id: any; name: any; icon: any; }'.

156       .filter((b): b is NormalizedBadge => !!b);
                            ~~~~~~~~~~~~~~~



√ Browser application bundle generation complete.

Error: src/app/jobs/job-card/job-card.component.html:20:52 - error TS2554: Expected 1 arguments, but got 0.

20   <p class="title-company cursor-pointer" (click)="companyRedirect()">{{data?.companyName}}</p>
                                                      ~~~~~~~~~~~~~~~

  src/app/jobs/job-card/job-card.component.ts:29:16
    29   templateUrl: './job-card.component.html',
                      ~~~~~~~~~~~~~~~~~~~~~~~~~~~
    Error occurs in the template of component JobCardComponent.


Error: src/app/jobs/job-card/job-card.component.html:56:22 - error TS2554: Expected 0 arguments, but got 1.

56    (click)="applyNow(data)"> {{ 'EMPLOYER_BRANDING.CALL_TO_ACTION_BUTTON' | translate }}</button>
                        ~~~~

  src/app/jobs/job-card/job-card.component.ts:29:16
    29   templateUrl: './job-card.component.html',
                      ~~~~~~~~~~~~~~~~~~~~~~~~~~~
    Error occurs in the template of component JobCardComponent.


Error: src/app/public/services/public-job-normalizer.service.ts:156:25 - error TS2677: A type predicate's type must be assignable to its parameter's type.
  Type 'NormalizedBadge' is not assignable to type '{ name: string; id?: undefined; icon?: undefined; } | { id: any; name: any; icon: any; }'.
    Type 'NormalizedBadge' is not assignable to type '{ id: any; name: any; icon: any; }'.
      Property 'id' is optional in type 'NormalizedBadge' but required in type '{ id: any; name: any; icon: any; }'.

156       .filter((b): b is NormalizedBadge => !!b);
                            ~~~~~~~~~~~~~~~



√ Browser application bundle generation complete.

Error: src/app/jobs/job-card/job-card.component.html:20:52 - error TS2554: Expected 1 arguments, but got 0.

20   <p class="title-company cursor-pointer" (click)="companyRedirect()">{{data?.companyName}}</p>
                                                      ~~~~~~~~~~~~~~~

  src/app/jobs/job-card/job-card.component.ts:29:16
    29   templateUrl: './job-card.component.html',
                      ~~~~~~~~~~~~~~~~~~~~~~~~~~~
    Error occurs in the template of component JobCardComponent.


Error: src/app/jobs/job-card/job-card.component.html:56:22 - error TS2554: Expected 0 arguments, but got 1.

56    (click)="applyNow(data)"> {{ 'EMPLOYER_BRANDING.CALL_TO_ACTION_BUTTON' | translate }}</button>
                        ~~~~

  src/app/jobs/job-card/job-card.component.ts:29:16
    29   templateUrl: './job-card.component.html',
                      ~~~~~~~~~~~~~~~~~~~~~~~~~~~
    Error occurs in the template of component JobCardComponent.


Error: src/app/public/services/public-job-normalizer.service.ts:156:25 - error TS2677: A type predicate's type must be assignable to its parameter's type.
  Type 'NormalizedBadge' is not assignable to type '{ name: string; id?: undefined; icon?: undefined; } | { id: any; name: any; icon: any; }'.
    Type 'NormalizedBadge' is not assignable to type '{ id: any; name: any; icon: any; }'.
      Property 'id' is optional in type 'NormalizedBadge' but required in type '{ id: any; name: any; icon: any; }'.

156       .filter((b): b is NormalizedBadge => !!b);
                            ~~~~~~~~~~~~~~~



√ Browser application bundle generation complete.

Error: src/app/public/services/public-job-normalizer.service.ts:156:25 - error TS2677: A type predicate's type must be assignable to its parameter's type.
  Type 'NormalizedBadge' is not assignable to type '{ name: string; id?: undefined; icon?: undefined; } | { id: any; name: any; icon: any; }'.
    Type 'NormalizedBadge' is not assignable to type '{ id: any; name: any; icon: any; }'.
      Property 'id' is optional in type 'NormalizedBadge' but required in type '{ id: any; name: any; icon: any; }'.

156       .filter((b): b is NormalizedBadge => !!b);
                            ~~~~~~~~~~~~~~~



√ Browser application bundle generation complete.

Error: src/app/public/services/public-job-normalizer.service.ts:156:25 - error TS2677: A type predicate's type must be assignable to its parameter's type.
  Type 'NormalizedBadge' is not assignable to type '{ name: string; id?: undefined; icon?: undefined; } | { id: any; name: any; icon: any; }'.
    Type 'NormalizedBadge' is not assignable to type '{ id: any; name: any; icon: any; }'.
      Property 'id' is optional in type 'NormalizedBadge' but required in type '{ id: any; name: any; icon: any; }'.

156       .filter((b): b is NormalizedBadge => !!b);
                            ~~~~~~~~~~~~~~~



√ Browser application bundle generation complete.
√ Browser application bundle generation complete.

Error: src/app/jobs/job-match-panel/job-match-panel.component.ts:66:32 - error TS2339: Property 'data' does not exist on type 'Applicant'.

66       this.evaluate(applicant?.data ?? applicant ?? null);
                                  ~~~~



√ Browser application bundle generation complete.

Error: src/app/jobs/job-match-panel/job-match-panel.component.ts:66:32 - error TS2339: Property 'data' does not exist on type 'Applicant'.

66       this.evaluate(applicant?.data ?? applicant ?? null);
                                  ~~~~



√ Browser application bundle generation complete.

Error: src/app/jobs/job-match-panel/job-match-panel.component.ts:66:32 - error TS2339: Property 'data' does not exist on type 'Applicant'.

66       this.evaluate(applicant?.data ?? applicant ?? null);
                                  ~~~~



√ Browser application bundle generation complete.

Error: src/app/jobs/job-match-panel/job-match-panel.component.ts:66:32 - error TS2339: Property 'data' does not exist on type 'Applicant'.

66       this.evaluate(applicant?.data ?? applicant ?? null);
                                  ~~~~



√ Browser application bundle generation complete.

Error: src/app/jobs/job-match-panel/job-match-panel.component.ts:66:32 - error TS2339: Property 'data' does not exist on type 'Applicant'.

66       this.evaluate(applicant?.data ?? applicant ?? null);
                                  ~~~~



√ Browser application bundle generation complete.

Error: src/app/jobs/job-match-panel/job-match-panel.component.ts:66:32 - error TS2339: Property 'data' does not exist on type 'Applicant'.

66       this.evaluate(applicant?.data ?? applicant ?? null);
                                  ~~~~



√ Browser application bundle generation complete.

Error: src/app/jobs/job-match-panel/job-match-panel.component.ts:66:32 - error TS2339: Property 'data' does not exist on type 'Applicant'.

66       this.evaluate(applicant?.data ?? applicant ?? null);
                                  ~~~~



√ Browser application bundle generation complete.
√ Browser application bundle generation complete.
√ Browser application bundle generation complete.
√ Browser application bundle generation complete.
√ Browser application bundle generation complete.
√ Browser application bundle generation complete.
√ Browser application bundle generation complete.
√ Browser application bundle generation complete.
√ Browser application bundle generation complete.
√ Browser application bundle generation complete.

Error: src/app/public/services/public-job-normalizer.service.ts:28:5 - error TS2739: Type '{ jobId: string; title: string; companyId: string; companyName: string; companyLogo: string; location: string; city: string; country: string; workSetupId: number; workSetup: string; salaryMin: number; ... 30 more ...; savedStatus: "unknown"; }' is missing the following properties from type 'NormalizedJob': companyDetails, companyCity, companyCountry, companyNumberOfEmployee

 28     return {
        ~~~~~~~~
 29       jobId: this.toStringOrNull(raw.jobId ?? raw.job_id) ?? '',
    ~~~~~~~~~~~~~~~~~~~~~~~~~~~~~~~~~~~~~~~~~~~~~~~~~~~~~~~~~~~~~~~~
... 
 84       savedStatus: 'unknown',
    ~~~~~~~~~~~~~~~~~~~~~~~~~~~~~
 85     };
    ~~~~~~



√ Browser application bundle generation complete.
√ Browser application bundle generation complete.
√ Browser application bundle generation complete.
√ Browser application bundle generation complete.
√ Browser application bundle generation complete.
√ Browser application bundle generation complete.
√ Browser application bundle generation complete.
√ Browser application bundle generation complete.
√ Browser application bundle generation complete.
√ Browser application bundle generation complete.
√ Browser application bundle generation complete.

Error: src/app/jobs/job-posts-details/job-posts-details.component.html:6:60 - error TS2339: Property 'goToJobsList' does not exist on type 'JobPostsDetailsComponent'.

6   <button type="button" class="btn btn-apply-now" (click)="goToJobsList()">Browse all jobs</button>
                                                             ~~~~~~~~~~~~

  src/app/jobs/job-posts-details/job-posts-details.component.ts:17:16
    17   templateUrl: './job-posts-details.component.html',
                      ~~~~~~~~~~~~~~~~~~~~~~~~~~~~~~~~~~~~
    Error occurs in the template of component JobPostsDetailsComponent.



√ Browser application bundle generation complete.
√ Browser application bundle generation complete.
√ Browser application bundle generation complete.
√ Browser application bundle generation complete.
√ Browser application bundle generation complete.
√ Browser application bundle generation complete.
√ Browser application bundle generation complete.
√ Browser application bundle generation complete.
√ Browser application bundle generation complete.
√ Browser application bundle generation complete.
√ Browser application bundle generation complete.
√ Browser application bundle generation complete.
√ Browser application bundle generation complete.
√ Browser application bundle generation complete.
√ Browser application bundle generation complete.

Error: src/app/auth/auth.module.ts:33:17 - error NG1010: Value at position 5 in the NgModule.declarations of AuthModule is not a reference
  Value could not be determined statically.

 33   declarations: [
                    ~
 34     SignupComponent,
    ~~~~~~~~~~~~~~~~~~~~
... 
 40     AccountSettingComponent
    ~~~~~~~~~~~~~~~~~~~~~~~~~~~
 41   ],
    ~~~

  src/app/auth/auth.module.ts:39:5
    39     ErrorNotFoundComponent,
           ~~~~~~~~~~~~~~~~~~~~~~
    Unknown reference.


Error: src/app/auth/auth.module.ts:39:5 - error TS2304: Cannot find name 'ErrorNotFoundComponent'.

39     ErrorNotFoundComponent,
       ~~~~~~~~~~~~~~~~~~~~~~



√ Browser application bundle generation complete.
√ Browser application bundle generation complete.
√ Browser application bundle generation complete.
√ Browser application bundle generation complete.
√ Browser application bundle generation complete.
√ Browser application bundle generation complete.
√ Browser application bundle generation complete.
√ Browser application bundle generation complete.
√ Browser application bundle generation complete.
√ Browser application bundle generation complete.
√ Browser application bundle generation complete.
√ Browser application bundle generation complete.

Error: src/app/applicant-panel/applicant-dashboard/components/profile-readiness-panel/profile-readiness-panel.component.html:20:57 - error TS2339: Property 'goToCvBuilder' does not exist on type 'ProfileReadinessPanelComponent'.

20     <button type="button" class="btn-link-cta" (click)="goToCvBuilder()">Check CV readiness</button>
                                                           ~~~~~~~~~~~~~

  src/app/applicant-panel/applicant-dashboard/components/profile-readiness-panel/profile-readiness-panel.component.ts:24:16
    24   templateUrl: './profile-readiness-panel.component.html',
                      ~~~~~~~~~~~~~~~~~~~~~~~~~~~~~~~~~~~~~~~~~~
    Error occurs in the template of component ProfileReadinessPanelComponent.



√ Browser application bundle generation complete.
√ Browser application bundle generation complete.
√ Browser application bundle generation complete.

Error: src/app/applicant-panel/applicant-dashboard/components/recommended-jobs/recommended-jobs.component.html:13:7 - error NG8001: 'app-job-card' is not a known element:
1. If 'app-job-card' is an Angular component, then verify that it is part of this module.
2. If 'app-job-card' is a Web Component then add 'CUSTOM_ELEMENTS_SCHEMA' to the '@NgModule.schemas' of this component to suppress this message.

13       <app-job-card [data]="item.raw" [i]="i"></app-job-card>
         ~~~~~~~~~~~~~~~~~~~~~~~~~~~~~~~~~~~~~~~~

  src/app/applicant-panel/applicant-dashboard/components/recommended-jobs/recommended-jobs.component.ts:25:16
    25   templateUrl: './recommended-jobs.component.html',
                      ~~~~~~~~~~~~~~~~~~~~~~~~~~~~~~~~~~~
    Error occurs in the template of component RecommendedJobsComponent.


Error: src/app/applicant-panel/applicant-dashboard/components/recommended-jobs/recommended-jobs.component.html:13:21 - error NG8002: Can't bind to 'data' since it isn't a known property of 'app-job-card'.
1. If 'app-job-card' is an Angular component and it has 'data' input, then verify that it is part of this module.
2. If 'app-job-card' is a Web Component then add 'CUSTOM_ELEMENTS_SCHEMA' to the '@NgModule.schemas' of this component to suppress this message.
3. To allow any property add 'NO_ERRORS_SCHEMA' to the '@NgModule.schemas' of this component.

13       <app-job-card [data]="item.raw" [i]="i"></app-job-card>
                       ~~~~~~~~~~~~~~~~~

  src/app/applicant-panel/applicant-dashboard/components/recommended-jobs/recommended-jobs.component.ts:25:16
    25   templateUrl: './recommended-jobs.component.html',
                      ~~~~~~~~~~~~~~~~~~~~~~~~~~~~~~~~~~~
    Error occurs in the template of component RecommendedJobsComponent.


Error: src/app/applicant-panel/applicant-dashboard/components/recommended-jobs/recommended-jobs.component.html:13:39 - error NG8002: Can't bind to 'i' since it isn't a known property of 'app-job-card'.
1. If 'app-job-card' is an Angular component and it has 'i' input, then verify that it is part of this module.
2. If 'app-job-card' is a Web Component then add 'CUSTOM_ELEMENTS_SCHEMA' to the '@NgModule.schemas' of this component to suppress this message.
3. To allow any property add 'NO_ERRORS_SCHEMA' to the '@NgModule.schemas' of this component.

13       <app-job-card [data]="item.raw" [i]="i"></app-job-card>
                                         ~~~~~~~

  src/app/applicant-panel/applicant-dashboard/components/recommended-jobs/recommended-jobs.component.ts:25:16
    25   templateUrl: './recommended-jobs.component.html',
                      ~~~~~~~~~~~~~~~~~~~~~~~~~~~~~~~~~~~
    Error occurs in the template of component RecommendedJobsComponent.



√ Browser application bundle generation complete.
√ Browser application bundle generation complete.
√ Browser application bundle generation complete.

Error: src/app/public/services/job-compatibility.service.ts:36:7 - error TS2739: Type '{ score: number; label: "Low Match"; matchedFactors: undefined[]; missingFactors: undefined[]; suggestions: string[]; explanation: string; }' is missing the following properties from type 'JobCompatibilityResult': confidence, confidenceLabel

 36       return {
          ~~~~~~~~
 37         score: 0,
    ~~~~~~~~~~~~~~~~~
... 
 42         explanation: 'Create a profile to calculate your match.',
    ~~~~~~~~~~~~~~~~~~~~~~~~~~~~~~~~~~~~~~~~~~~~~~~~~~~~~~~~~~~~~~~~~
 43       };
    ~~~~~~~~


Error: src/app/public/services/job-compatibility.service.ts:64:5 - error TS2739: Type '{ score: number; label: CompatibilityLabel; matchedFactors: string[]; missingFactors: string[]; suggestions: string[]; explanation: string; }' is missing the following properties from type 'JobCompatibilityResult': confidence, confidenceLabel

 64     return {
        ~~~~~~~~
 65       score,
    ~~~~~~~~~~~~
... 
 70       explanation: this.explanationFor(matchedFactors),
    ~~~~~~~~~~~~~~~~~~~~~~~~~~~~~~~~~~~~~~~~~~~~~~~~~~~~~~~
 71     };
    ~~~~~~



√ Browser application bundle generation complete.

Error: src/app/public/services/job-compatibility.service.ts:36:7 - error TS2739: Type '{ score: number; label: "Low Match"; matchedFactors: undefined[]; missingFactors: undefined[]; suggestions: string[]; explanation: string; }' is missing the following properties from type 'JobCompatibilityResult': confidence, confidenceLabel

 36       return {
          ~~~~~~~~
 37         score: 0,
    ~~~~~~~~~~~~~~~~~
... 
 42         explanation: 'Create a profile to calculate your match.',
    ~~~~~~~~~~~~~~~~~~~~~~~~~~~~~~~~~~~~~~~~~~~~~~~~~~~~~~~~~~~~~~~~~
 43       };
    ~~~~~~~~


Error: src/app/public/services/job-compatibility.service.ts:64:5 - error TS2739: Type '{ score: number; label: CompatibilityLabel; matchedFactors: string[]; missingFactors: string[]; suggestions: string[]; explanation: string; }' is missing the following properties from type 'JobCompatibilityResult': confidence, confidenceLabel

 64     return {
        ~~~~~~~~
 65       score,
    ~~~~~~~~~~~~
... 
 70       explanation: this.explanationFor(matchedFactors),
    ~~~~~~~~~~~~~~~~~~~~~~~~~~~~~~~~~~~~~~~~~~~~~~~~~~~~~~~
 71     };
    ~~~~~~



√ Browser application bundle generation complete.

Error: src/app/public/services/job-compatibility.service.ts:58:7 - error TS2739: Type '{ score: number; label: "Low Match"; matchedFactors: undefined[]; missingFactors: undefined[]; suggestions: string[]; explanation: string; }' is missing the following properties from type 'JobCompatibilityResult': confidence, confidenceLabel

 58       return {
          ~~~~~~~~
 59         score: 0,
    ~~~~~~~~~~~~~~~~~
... 
 64         explanation: 'Create a profile to calculate your match.',
    ~~~~~~~~~~~~~~~~~~~~~~~~~~~~~~~~~~~~~~~~~~~~~~~~~~~~~~~~~~~~~~~~~
 65       };
    ~~~~~~~~


Error: src/app/public/services/job-compatibility.service.ts:86:5 - error TS2739: Type '{ score: number; label: CompatibilityLabel; matchedFactors: string[]; missingFactors: string[]; suggestions: string[]; explanation: string; }' is missing the following properties from type 'JobCompatibilityResult': confidence, confidenceLabel

 86     return {
        ~~~~~~~~
 87       score,
    ~~~~~~~~~~~~
... 
 92       explanation: this.explanationFor(matchedFactors),
    ~~~~~~~~~~~~~~~~~~~~~~~~~~~~~~~~~~~~~~~~~~~~~~~~~~~~~~~
 93     };
    ~~~~~~



√ Browser application bundle generation complete.

Error: src/app/public/services/job-compatibility.service.ts:88:5 - error TS2739: Type '{ score: number; label: CompatibilityLabel; matchedFactors: string[]; missingFactors: string[]; suggestions: string[]; explanation: string; }' is missing the following properties from type 'JobCompatibilityResult': confidence, confidenceLabel

 88     return {
        ~~~~~~~~
 89       score,
    ~~~~~~~~~~~~
... 
 94       explanation: this.explanationFor(matchedFactors),
    ~~~~~~~~~~~~~~~~~~~~~~~~~~~~~~~~~~~~~~~~~~~~~~~~~~~~~~~
 95     };
    ~~~~~~



√ Browser application bundle generation complete.
√ Browser application bundle generation complete.
√ Browser application bundle generation complete.
√ Browser application bundle generation complete.
√ Browser application bundle generation complete.
√ Browser application bundle generation complete.
√ Browser application bundle generation complete.
√ Browser application bundle generation complete.
√ Browser application bundle generation complete.
√ Browser application bundle generation complete.
√ Browser application bundle generation complete.
√ Browser application bundle generation complete.
√ Browser application bundle generation complete.
√ Browser application bundle generation complete.
√ Browser application bundle generation complete.
√ Browser application bundle generation complete.
√ Browser application bundle generation complete.
√ Browser application bundle generation complete.

Error: src/app/job/job-applicants/job-applicants.component.html:45:50 - error TS2339: Property 'hasAnyMatchSignal' does not exist on type 'JobApplicantsComponent'.

45     <div class="match-signals-disclaimer" *ngIf="hasAnyMatchSignal(applicants)" role="note">
                                                    ~~~~~~~~~~~~~~~~~

  src/app/job/job-applicants/job-applicants.component.ts:28:16
    28   templateUrl: './job-applicants.component.html',
                      ~~~~~~~~~~~~~~~~~~~~~~~~~~~~~~~~~
    Error occurs in the template of component JobApplicantsComponent.



√ Browser application bundle generation complete.
√ Browser application bundle generation complete.
√ Browser application bundle generation complete.
√ Browser application bundle generation complete.
√ Browser application bundle generation complete.
√ Browser application bundle generation complete.
√ Browser application bundle generation complete.
√ Browser application bundle generation complete.
√ Browser application bundle generation complete.

Error: src/app/job/job-applicants/job-applicants.component.ts:44:59 - error TS2729: Property 'matchSignalsByUserId$' is used before its initialization.

44   details$ = combineLatest([this.jobFacade.details$, this.matchSignalsByUserId$])
                                                             ~~~~~~~~~~~~~~~~~~~~~

  src/app/job/job-applicants/job-applicants.component.ts:69:11
    69   private matchSignalsByUserId$ = new BehaviorSubject<Record<string, any>>({});
                 ~~~~~~~~~~~~~~~~~~~~~
    'matchSignalsByUserId$' is declared here.


Error: src/app/job/job-applicants/job-applicants.component.ts:44:59 - error TS2729: Property 'matchSignalsByUserId$' is used before its initialization.

44   details$ = combineLatest([this.jobFacade.details$, this.matchSignalsByUserId$])
                                                             ~~~~~~~~~~~~~~~~~~~~~

  src/app/job/job-applicants/job-applicants.component.ts:69:11
    69   private matchSignalsByUserId$ = new BehaviorSubject<Record<string, any>>({});
                 ~~~~~~~~~~~~~~~~~~~~~
    'matchSignalsByUserId$' is declared here.


Error: src/app/job/job-applicants/job-applicants.component.ts:44:59 - error TS2729: Property 'matchSignalsByUserId$' is used before its initialization.

44   details$ = combineLatest([this.jobFacade.details$, this.matchSignalsByUserId$])
                                                             ~~~~~~~~~~~~~~~~~~~~~

  src/app/job/job-applicants/job-applicants.component.ts:69:11
    69   private matchSignalsByUserId$ = new BehaviorSubject<Record<string, any>>({});
                 ~~~~~~~~~~~~~~~~~~~~~
    'matchSignalsByUserId$' is declared here.


Error: src/app/job/job-applicants/job-applicants.component.ts:44:59 - error TS2729: Property 'matchSignalsByUserId$' is used before its initialization.

44   details$ = combineLatest([this.jobFacade.details$, this.matchSignalsByUserId$])
                                                             ~~~~~~~~~~~~~~~~~~~~~

  src/app/job/job-applicants/job-applicants.component.ts:69:11
    69   private matchSignalsByUserId$ = new BehaviorSubject<Record<string, any>>({});
                 ~~~~~~~~~~~~~~~~~~~~~
    'matchSignalsByUserId$' is declared here.


Error: src/app/job/job-applicants/job-applicants.component.ts:44:59 - error TS2729: Property 'matchSignalsByUserId$' is used before its initialization.

44   details$ = combineLatest([this.jobFacade.details$, this.matchSignalsByUserId$])
                                                             ~~~~~~~~~~~~~~~~~~~~~

  src/app/job/job-applicants/job-applicants.component.ts:69:11
    69   private matchSignalsByUserId$ = new BehaviorSubject<Record<string, any>>({});
                 ~~~~~~~~~~~~~~~~~~~~~
    'matchSignalsByUserId$' is declared here.



√ Browser application bundle generation complete.
√ Browser application bundle generation complete.
√ Browser application bundle generation complete.

Error: src/app/job/job-applicants/job-applicants.component.html:69:29 - error TS2339: Property 'matchSignals' does not exist on type 'JobApplicantDetails | { matchSignals: any; profile: any; interviewQuestions: any[]; profileDocs: any[]; answers: any[]; }'.
  Property 'matchSignals' does not exist on type 'JobApplicantDetails'.

69     [matchSignals]="details.matchSignals"></app-application-preview>
                               ~~~~~~~~~~~~

  src/app/job/job-applicants/job-applicants.component.ts:28:16
    28   templateUrl: './job-applicants.component.html',
                      ~~~~~~~~~~~~~~~~~~~~~~~~~~~~~~~~~
    Error occurs in the template of component JobApplicantsComponent.



√ Browser application bundle generation complete.

Error: src/app/job/job-applicants/job-applicants.component.html:69:29 - error TS2339: Property 'matchSignals' does not exist on type 'JobApplicantDetails | { matchSignals: any; profile: any; interviewQuestions: any[]; profileDocs: any[]; answers: any[]; }'.
  Property 'matchSignals' does not exist on type 'JobApplicantDetails'.

69     [matchSignals]="details.matchSignals"></app-application-preview>
                               ~~~~~~~~~~~~

  src/app/job/job-applicants/job-applicants.component.ts:28:16
    28   templateUrl: './job-applicants.component.html',
                      ~~~~~~~~~~~~~~~~~~~~~~~~~~~~~~~~~
    Error occurs in the template of component JobApplicantsComponent.


Error: src/app/public/services/job-compatibility.service.ts:77:12 - error TS2339: Property 'preferredSkillsFactor' does not exist on type 'JobCompatibilityService'.

77       this.preferredSkillsFactor(applicant, job),
              ~~~~~~~~~~~~~~~~~~~~~



√ Browser application bundle generation complete.

Error: src/app/job/job-applicants/job-applicants.component.html:62:43 - error TS2339: Property 'profile' does not exist on type 'unknown'.

62     <app-applicant-avatar [user]="details.profile"></app-applicant-avatar>
                                             ~~~~~~~

  src/app/job/job-applicants/job-applicants.component.ts:28:16
    28   templateUrl: './job-applicants.component.html',
                      ~~~~~~~~~~~~~~~~~~~~~~~~~~~~~~~~~
    Error occurs in the template of component JobApplicantsComponent.


Error: src/app/job/job-applicants/job-applicants.component.html:65:33 - error TS2339: Property 'answers' does not exist on type 'unknown'.

65     [applicantAnswers]="details.answers"
                                   ~~~~~~~

  src/app/job/job-applicants/job-applicants.component.ts:28:16
    28   templateUrl: './job-applicants.component.html',
                      ~~~~~~~~~~~~~~~~~~~~~~~~~~~~~~~~~
    Error occurs in the template of component JobApplicantsComponent.


Error: src/app/job/job-applicants/job-applicants.component.html:66:21 - error TS2339: Property 'profileDocs' does not exist on type 'unknown'.

66     [docs]="details.profileDocs"
                       ~~~~~~~~~~~

  src/app/job/job-applicants/job-applicants.component.ts:28:16
    28   templateUrl: './job-applicants.component.html',
                      ~~~~~~~~~~~~~~~~~~~~~~~~~~~~~~~~~
    Error occurs in the template of component JobApplicantsComponent.


Error: src/app/job/job-applicants/job-applicants.component.html:67:24 - error TS2339: Property 'profile' does not exist on type 'unknown'.

67     [profile]="details.profile"
                          ~~~~~~~

  src/app/job/job-applicants/job-applicants.component.ts:28:16
    28   templateUrl: './job-applicants.component.html',
                      ~~~~~~~~~~~~~~~~~~~~~~~~~~~~~~~~~
    Error occurs in the template of component JobApplicantsComponent.


Error: src/app/job/job-applicants/job-applicants.component.html:68:27 - error TS2339: Property 'interviewQuestions' does not exist on type 'unknown'.

68     [interviews]="details.interviewQuestions"
                             ~~~~~~~~~~~~~~~~~~

  src/app/job/job-applicants/job-applicants.component.ts:28:16
    28   templateUrl: './job-applicants.component.html',
                      ~~~~~~~~~~~~~~~~~~~~~~~~~~~~~~~~~
    Error occurs in the template of component JobApplicantsComponent.


Error: src/app/job/job-applicants/job-applicants.component.html:69:29 - error TS2339: Property 'matchSignals' does not exist on type 'unknown'.

69     [matchSignals]="details.matchSignals"></app-application-preview>
                               ~~~~~~~~~~~~

  src/app/job/job-applicants/job-applicants.component.ts:28:16
    28   templateUrl: './job-applicants.component.html',
                      ~~~~~~~~~~~~~~~~~~~~~~~~~~~~~~~~~
    Error occurs in the template of component JobApplicantsComponent.


Error: src/app/public/services/job-compatibility.service.ts:77:12 - error TS2339: Property 'preferredSkillsFactor' does not exist on type 'JobCompatibilityService'.

77       this.preferredSkillsFactor(applicant, job),
   [91m           ~~~~~~~~~~~~~~~~~~~~~



√ Browser application bundle generation complete.

Error: src/app/job/job-applicants/job-applicants.component.html:62:43 - error TS2339: Property 'profile' does not exist on type 'unknown'.

62     <app-applicant-avatar [user]="details.profile"></app-applicant-avatar>
                                             ~~~~~~~

  src/app/job/job-applicants/job-applicants.component.ts:28:16
    28   templateUrl: './job-applicants.component.html',
                      ~~~~~~~~~~~~~~~~~~~~~~~~~~~~~~~~~
    Error occurs in the template of component JobApplicantsComponent.


Error: src/app/job/job-applicants/job-applicants.component.html:65:33 - error TS2339: Property 'answers' does not exist on type 'unknown'.

65     [applicantAnswers]="details.answers"
                                   ~~~~~~~

  src/app/job/job-applicants/job-applicants.component.ts:28:16
    28   templateUrl: './job-applicants.component.html',
                      ~~~~~~~~~~~~~~~~~~~~~~~~~~~~~~~~~
    Error occurs in the template of component JobApplicantsComponent.


Error: src/app/job/job-applicants/job-applicants.component.html:66:21 - error TS2339: Property 'profileDocs' does not exist on type 'unknown'.

66     [docs]="details.profileDocs"
                       ~~~~~~~~~~~

  src/app/job/job-applicants/job-applicants.component.ts:28:16
    28   templateUrl: './job-applicants.component.html',
                      ~~~~~~~~~~~~~~~~~~~~~~~~~~~~~~~~~
    Error occurs in the template of component JobApplicantsComponent.


Error: src/app/job/job-applicants/job-applicants.component.html:67:24 - error TS2339: Property 'profile' does not exist on type 'unknown'.

67     [profile]="details.profile"
                          ~~~~~~~

  src/app/job/job-applicants/job-applicants.component.ts:28:16
    28   templateUrl: './job-applicants.component.html',
                      ~~~~~~~~~~~~~~~~~~~~~~~~~~~~~~~~~
    Error occurs in the template of component JobApplicantsComponent.


Error: src/app/job/job-applicants/job-applicants.component.html:68:27 - error TS2339: Property 'interviewQuestions' does not exist on type 'unknown'.

68     [interviews]="details.interviewQuestions"
                             ~~~~~~~~~~~~~~~~~~

  src/app/job/job-applicants/job-applicants.component.ts:28:16
    28   templateUrl: './job-applicants.component.html',
                      ~~~~~~~~~~~~~~~~~~~~~~~~~~~~~~~~~
    Error occurs in the template of component JobApplicantsComponent.


Error: src/app/job/job-applicants/job-applicants.component.html:69:29 - error TS2339: Property 'matchSignals' does not exist on type 'unknown'.

69     [matchSignals]="details.matchSignals"></app-application-preview>
                               ~~~~~~~~~~~~

  src/app/job/job-applicants/job-applicants.component.ts:28:16
    28   templateUrl: './job-applicants.component.html',
                      ~~~~~~~~~~~~~~~~~~~~~~~~~~~~~~~~~
    Error occurs in the template of component JobApplicantsComponent.



√ Browser application bundle generation complete.

Error: src/app/job/job-applicants/job-applicants.component.html:62:43 - error TS2339: Property 'profile' does not exist on type 'unknown'.

62     <app-applicant-avatar [user]="details.profile"></app-applicant-avatar>
                                             ~~~~~~~

  src/app/job/job-applicants/job-applicants.component.ts:28:16
    28   templateUrl: './job-applicants.component.html',
                      ~~~~~~~~~~~~~~~~~~~~~~~~~~~~~~~~~
    Error occurs in the template of component JobApplicantsComponent.


Error: src/app/job/job-applicants/job-applicants.component.html:65:33 - error TS2339: Property 'answers' does not exist on type 'unknown'.

65     [applicantAnswers]="details.answers"
                                   ~~~~~~~

  src/app/job/job-applicants/job-applicants.component.ts:28:16
    28   templateUrl: './job-applicants.component.html',
                      ~~~~~~~~~~~~~~~~~~~~~~~~~~~~~~~~~
    Error occurs in the template of component JobApplicantsComponent.


Error: src/app/job/job-applicants/job-applicants.component.html:66:21 - error TS2339: Property 'profileDocs' does not exist on type 'unknown'.

66     [docs]="details.profileDocs"
                       ~~~~~~~~~~~

  src/app/job/job-applicants/job-applicants.component.ts:28:16
    28   templateUrl: './job-applicants.component.html',
                      ~~~~~~~~~~~~~~~~~~~~~~~~~~~~~~~~~
    Error occurs in the template of component JobApplicantsComponent.


Error: src/app/job/job-applicants/job-applicants.component.html:67:24 - error TS2339: Property 'profile' does not exist on type 'unknown'.

67     [profile]="details.profile"
                          ~~~~~~~

  src/app/job/job-applicants/job-applicants.component.ts:28:16
    28   templateUrl: './job-applicants.component.html',
                      ~~~~~~~~~~~~~~~~~~~~~~~~~~~~~~~~~
    Error occurs in the template of component JobApplicantsComponent.


Error: src/app/job/job-applicants/job-applicants.component.html:68:27 - error TS2339: Property 'interviewQuestions' does not exist on type 'unknown'.

68     [interviews]="details.interviewQuestions"
                             ~~~~~~~~~~~~~~~~~~

  src/app/job/job-applicants/job-applicants.component.ts:28:16
    28   templateUrl: './job-applicants.component.html',
                      ~~~~~~~~~~~~~~~~~~~~~~~~~~~~~~~~~
    Error occurs in the template of component JobApplicantsComponent.


Error: src/app/job/job-applicants/job-applicants.component.html:69:29 - error TS2339: Property 'matchSignals' does not exist on type 'unknown'.

69     [matchSignals]="details.matchSignals"></app-application-preview>
                               ~~~~~~~~~~~~

  src/app/job/job-applicants/job-applicants.component.ts:28:16
    28   templateUrl: './job-applicants.component.html',
                      ~~~~~~~~~~~~~~~~~~~~~~~~~~~~~~~~~
    Error occurs in the template of component JobApplicantsComponent.



√ Browser application bundle generation complete.
√ Browser application bundle generation complete.
√ Browser application bundle generation complete.
√ Browser application bundle generation complete.
√ Browser application bundle generation complete.
√ Browser application bundle generation complete.
√ Browser application bundle generation complete.
√ Browser application bundle generation complete.
√ Browser application bundle generation complete.
√ Browser application bundle generation complete.
√ Browser application bundle generation complete.
√ Browser application bundle generation complete.

Error: src/app/public/services/job-compatibility.service.ts:104:12 - error TS2339: Property 'certificationFactor' does not exist on type 'JobCompatibilityService'.

104       this.certificationFactor(applicant, job),
               ~~~~~~~~~~~~~~~~~~~



√ Browser application bundle generation complete.

Error: src/app/public/services/job-compatibility.service.ts:104:12 - error TS2339: Property 'certificationFactor' does not exist on type 'JobCompatibilityService'.

104       this.certificationFactor(applicant, job),
               ~~~~~~~~~~~~~~~~~~~



√ Browser application bundle generation complete.
√ Browser application bundle generation complete.
√ Browser application bundle generation complete.
√ Browser application bundle generation complete.
√ Browser application bundle generation complete.
√ Browser application bundle generation complete.
√ Browser application bundle generation complete.
√ Browser application bundle generation complete.
√ Browser application bundle generation complete.
√ Browser application bundle generation complete.
√ Browser application bundle generation complete.
√ Browser application bundle generation complete.
√ Browser application bundle generation complete.
√ Browser application bundle generation complete.
√ Browser application bundle generation complete.
√ Browser application bundle generation complete.
√ Browser application bundle generation complete.
√ Browser application bundle generation complete.
√ Browser application bundle generation complete.
√ Browser application bundle generation complete.
√ Browser application bundle generation complete.
√ Browser application bundle generation complete.
√ Browser application bundle generation complete.
√ Browser application bundle generation complete.

Error: src/app/public/services/public-job-normalizer.model.ts:74:30 - error TS2304: Cannot find name 'NormalizedCertificationRequirement'.

74   certificationRequirements: NormalizedCertificationRequirement[];
                                ~~~~~~~~~~~~~~~~~~~~~~~~~~~~~~~~~~


Error: src/app/public/services/public-job-normalizer.service.ts:28:5 - error TS2741: Property 'certificationRequirements' is missing in type '{ jobId: string; title: string; companyId: string; companyName: string; companyLogo: string; companyDetails: string; companyCity: string; companyCountry: string; companyNumberOfEmployee: string; ... 36 more ...; savedStatus: "unknown"; }' but required in type 'NormalizedJob'.

 28     return {
        ~~~~~~~~
 29       jobId: this.toStringOrNull(raw.jobId ?? raw.job_id) ?? '',
    ~~~~~~~~~~~~~~~~~~~~~~~~~~~~~~~~~~~~~~~~~~~~~~~~~~~~~~~~~~~~~~~~
... 
 88       savedStatus: 'unknown',
    ~~~~~~~~~~~~~~~~~~~~~~~~~~~~~
 89     };
    ~~~~~~

  src/app/public/services/public-job-normalizer.model.ts:74:3
    74   certificationRequirements: NormalizedCertificationRequirement[];
         ~~~~~~~~~~~~~~~~~~~~~~~~~
    'certificationRequirements' is declared here.



√ Browser application bundle generation complete.

Error: src/app/public/services/public-job-normalizer.service.ts:28:5 - error TS2741: Property 'certificationRequirements' is missing in type '{ jobId: string; title: string; companyId: string; companyName: string; companyLogo: string; companyDetails: string; companyCity: string; companyCountry: string; companyNumberOfEmployee: string; ... 36 more ...; savedStatus: "unknown"; }' but required in type 'NormalizedJob'.

 28     return {
        ~~~~~~~~
 29       jobId: this.toStringOrNull(raw.jobId ?? raw.job_id) ?? '',
    ~~~~~~~~~~~~~~~~~~~~~~~~~~~~~~~~~~~~~~~~~~~~~~~~~~~~~~~~~~~~~~~~
... 
 88       savedStatus: 'unknown',
    ~~~~~~~~~~~~~~~~~~~~~~~~~~~~~
 89     };
    ~~~~~~

  src/app/public/services/public-job-normalizer.model.ts:84:3
    84   certificationRequirements: NormalizedCertificationRequirement[];
         ~~~~~~~~~~~~~~~~~~~~~~~~~
    'certificationRequirements' is declared here.



√ Browser application bundle generation complete.

Error: src/app/public/services/public-job-normalizer.service.ts:79:39 - error TS2339: Property 'toCertificationRequirements' does not exist on type 'PublicJobNormalizerService'.

79       certificationRequirements: this.toCertificationRequirements(raw.certificationRequirements),
                                         ~~~~~~~~~~~~~~~~~~~~~~~~~~~



√ Browser application bundle generation complete.

Error: src/app/public/services/public-job-normalizer.service.ts:167:52 - error TS2304: Cannot find name 'NormalizedCertificationRequirement'.

167   private toCertificationRequirements(value: any): NormalizedCertificationRequirement[] {
                                                       ~~~~~~~~~~~~~~~~~~~~~~~~~~~~~~~~~~


Error: src/app/public/services/public-job-normalizer.service.ts:170:20 - error TS2304: Cannot find name 'NormalizedCertificationRequirement'.

170       .map((item): NormalizedCertificationRequirement | null => {
                       ~~~~~~~~~~~~~~~~~~~~~~~~~~~~~~~~~~


Error: src/app/public/services/public-job-normalizer.service.ts:184:25 - error TS2304: Cannot find name 'NormalizedCertificationRequirement'.

184       .filter((c): c is NormalizedCertificationRequirement => c !== null);
                            ~~~~~~~~~~~~~~~~~~~~~~~~~~~~~~~~~~



√ Browser application bundle generation complete.
√ Browser application bundle generation complete.
√ Browser application bundle generation complete.
√ Browser application bundle generation complete.
√ Browser application bundle generation complete.
√ Browser application bundle generation complete.
√ Browser application bundle generation complete.
√ Browser application bundle generation complete.
√ Browser application bundle generation complete.
√ Browser application bundle generation complete.

Error: src/app/public/shared/talent-proof-badge/talent-proof-badge.component.html:1:27 - error NG8002: Can't bind to 'ngClass' since it isn't a known property of 'div'.

1 <div class="talent-proof" [ngClass]="'talent-proof--' + variant" [attr.aria-label]="accessibleLabel">
                            ~~~~~~~~~~~~~~~~~~~~~~~~~~~~~~~~~~~~~~

  src/app/public/shared/talent-proof-badge/talent-proof-badge.component.ts:21:16
    21   templateUrl: './talent-proof-badge.component.html',
                      ~~~~~~~~~~~~~~~~~~~~~~~~~~~~~~~~~~~~~
    Error occurs in the template of component TalentProofBadgeComponent.



√ Browser application bundle generation complete.
√ Browser application bundle generation complete.
√ Browser application bundle generation complete.
√ Browser application bundle generation complete.
√ Browser application bundle generation complete.
√ Browser application bundle generation complete.

./src/app/public/employer-portal/employer-portal.component.ts:5:0-80 - Error: Module not found: Error: Can't resolve '../shared/talent-proof-badge/talent-proof-badge.component' in 'C:\Users\paulg\OneDrive\Desktop\Gethired\get-hired-FE\src\app\public\employer-portal'

./src/app/public/main-portal/main-portal.component.ts:6:0-80 - Error: Module not found: Error: Can't resolve '../shared/talent-proof-badge/talent-proof-badge.component' in 'C:\Users\paulg\OneDrive\Desktop\Gethired\get-hired-FE\src\app\public\main-portal'

./src/app/public/public.module.ts:24:0-101 - Error: Module not found: Error: Can't resolve './shared/talent-proof-badge/talent-proof-badge.component' in 'C:\Users\paulg\OneDrive\Desktop\Gethired\get-hired-FE\src\app\public'

Error: src/app/public/components/banner/banner.component.html:1:35 - error NG8002: Can't bind to 'ngClass' since it isn't a known property of 'div'.

1 <div class="container-fluid px-5" [ngClass]="loggedUser ? 'pe-3' : ''">
                                    ~~~~~~~~~~~~~~~~~~~~~~~~~~~~~~~~~~~~

  src/app/public/components/banner/banner.component.ts:13:16
    13   templateUrl: './banner.component.html',
                      ~~~~~~~~~~~~~~~~~~~~~~~~~
    Error occurs in the template of component BannerComponent.


Error: src/app/public/components/banner/banner.component.html:4:3 - error NG8002: Can't bind to 'ngClass' since it isn't a known property of 'div'.

4   [ngClass]="loggedUser ? 'col-12 col-lg-10' : 'col-12 col-lg-12'">
    ~~~~~~~~~~~~~~~~~~~~~~~~~~~~~~~~~~~~~~~~~~~~~~~~~~~~~~~~~~~~~~~~

  src/app/public/components/banner/banner.component.ts:13:16
    13   templateUrl: './banner.component.html',
                      ~~~~~~~~~~~~~~~~~~~~~~~~~
    Error occurs in the template of component BannerComponent.


Error: src/app/public/components/banner/banner.component.html:21:4 - error NG8002: Can't bind to 'ngClass' since it isn't a known property of 'div'.

21    [ngClass]="screenSize > 1500 ? ' col-lg-10' : 'col-lg-11'"
      ~~~~~~~~~~~~~~~~~~~~~~~~~~~~~~~~~~~~~~~~~~~~~~~~~~~~~~~~~~

  src/app/public/components/banner/banner.component.ts:13:16
    13   templateUrl: './banner.component.html',
                      ~~~~~~~~~~~~~~~~~~~~~~~~~
    Error occurs in the template of component BannerComponent.


Error: src/app/public/components/banner/banner.component.html:24:25 - error NG8002: Can't bind to 'ngClass' since it isn't a known property of 'div'.

24      <div class="me-3 " [ngClass]="loggedUser ? 'search-key-2' : 'search-key'">
                           ~~~~~~~~~~~~~~~~~~~~~~~~~~~~~~~~~~~~~~~~~~~~~~~~~~~~~~

  src/app/public/components/banner/banner.component.ts:13:16
    13   templateUrl: './banner.component.html',
                      ~~~~~~~~~~~~~~~~~~~~~~~~~
    Error occurs in the template of component BannerComponent.


Error: src/app/public/components/banner/banner.component.html:25:95 - error NG8004: No pipe found with name 'translate'.

25       <input type="text" class="form-control" placeholder="{{ 'PUBLIC_PAGE.KEYWORD_TEXTBOX' | translate }}"
                                                                                                 ~~~~~~~~~

  src/app/public/components/banner/banner.component.ts:13:16
    13   templateUrl: './banner.component.html',
                      ~~~~~~~~~~~~~~~~~~~~~~~~~
    Error occurs in the template of component BannerComponent.


Error: src/app/public/components/banner/banner.component.html:26:7 - error NG8002: Can't bind to 'ngModel' since it isn't a known property of 'input'.

26       [(ngModel)]="keyword">
         ~~~~~~~~~~~~~~~~~~~~~

  src/app/public/components/banner/banner.component.ts:13:16
    13   templateUrl: './banner.component.html',
                      ~~~~~~~~~~~~~~~~~~~~~~~~~
    Error occurs in the template of component BannerComponent.


Error: src/app/public/components/banner/banner.component.html:26:20 - error TS2322: Type 'Event' is not assignable to type 'string'.

26       [(ngModel)]="keyword">
                      ~~~~~~~~~
27      </div>
   ~~~~

  src/app/public/components/banner/banner.component.ts:13:16
    13   templateUrl: './banner.component.html',
                      ~~~~~~~~~~~~~~~~~~~~~~~~~
    Error occurs in the template of component BannerComponent.


Error: src/app/public/components/banner/banner.component.html:32:11 - error NG8002: Can't bind to 'ngModel' since it isn't a known property of 'select'.

32           [(ngModel)]="work_setup">
             ~~~~~~~~~~~~~~~~~~~~~~~~

  src/app/public/components/banner/banner.component.ts:13:16
    13   templateUrl: './banner.component.html',
                      ~~~~~~~~~~~~~~~~~~~~~~~~~
    Error occurs in the template of component BannerComponent.


Error: src/app/public/components/banner/banner.component.html:32:24 - error TS2322: Type 'Event' is not assignable to type 'string'.

32           [(ngModel)]="work_setup">
                          ~~~~~~~~~~~~
33             <option selected>{{ 'PUBLIC_PAGE.WORK_SETUP_SELECTOR' | translate }}</option>
   ~~~~

  src/app/public/components/banner/banner.component.ts:13:16
    13   templateUrl: './banner.component.html',
                      ~~~~~~~~~~~~~~~~~~~~~~~~~
    Error occurs in the template of component BannerComponent.


Error: src/app/public/components/banner/banner.component.html:33:69 - error NG8004: No pipe found with name 'translate'.

33             <option selected>{{ 'PUBLIC_PAGE.WORK_SETUP_SELECTOR' | translate }}</option>
                                                                       ~~~~~~~~~

  src/app/public/components/banner/banner.component.ts:13:16
    13   templateUrl: './banner.component.html',
                      ~~~~~~~~~~~~~~~~~~~~~~~~~
    Error occurs in the template of component BannerComponent.


Error: src/app/public/components/banner/banner.component.html:44:11 - error NG8002: Can't bind to 'ngModel' since it isn't a known property of 'select'.

44           [(ngModel)]="job_type">
             ~~~~~~~~~~~~~~~~~~~~~~

  src/app/public/components/banner/banner.component.ts:13:16
    13   templateUrl: './banner.component.html',
                      ~~~~~~~~~~~~~~~~~~~~~~~~~
    Error occurs in the template of component BannerComponent.


Error: src/app/public/components/banner/banner.component.html:44:24 - error TS2322: Type 'Event' is not assignable to type 'string'.

44           [(ngModel)]="job_type">
                          ~~~~~~~~~~
45             <option selected>{{ 'PUBLIC_PAGE.JOB_TYPE_SELECTOR' | translate }}</option>
   ~~~~

  src/app/public/components/banner/banner.component.ts:13:16
    13   templateUrl: './banner.component.html',
                      ~~~~~~~~~~~~~~~~~~~~~~~~~
    Error occurs in the template of component BannerComponent.


Error: src/app/public/components/banner/banner.component.html:45:67 - error NG8004: No pipe found with name 'translate'.

45             <option selected>{{ 'PUBLIC_PAGE.JOB_TYPE_SELECTOR' | translate }}</option>
                                                                     ~~~~~~~~~

  src/app/public/components/banner/banner.component.ts:13:16
    13   templateUrl: './banner.component.html',
                      ~~~~~~~~~~~~~~~~~~~~~~~~~
    Error occurs in the template of component BannerComponent.


Error: src/app/public/components/banner/banner.component.html:60:68 - error NG8004: No pipe found with name 'translate'.

60           (click)="findJobs()">{{ 'PUBLIC_PAGE.FIND_JOBS_BUTTON' | translate }}</button>
                                                                      ~~~~~~~~~

  src/app/public/components/banner/banner.component.ts:13:16
    13   templateUrl: './banner.component.html',
                      ~~~~~~~~~~~~~~~~~~~~~~~~~
    Error occurs in the template of component BannerComponent.


Error: src/app/public/components/explore-users/explore-users.component.html:8:82 - error NG8004: No pipe found with name 'translate'.

8      <h5 class="title-banner mb-3" >{{ 'PUBLIC_PAGE.RESUME_UPLOAD_BOX_MESSAGE' | translate }}</h5>
                                                                                   ~~~~~~~~~

  src/app/public/components/explore-users/explore-users.component.ts:11:16
    11   templateUrl: './explore-users.component.html',
                      ~~~~~~~~~~~~~~~~~~~~~~~~~~~~~~~~
    Error occurs in the template of component ExploreUsersComponent.


Error: src/app/public/components/explore-users/explore-users.component.html:12:48 - error NG8004: No pipe found with name 'translate'.

12        {{ 'PUBLIC_PAGE.RESUME_UPLOAD_BUTTON' | translate }}</button>
                                                  ~~~~~~~~~

  src/app/public/components/explore-users/explore-users.component.ts:11:16
    11   templateUrl: './explore-users.component.html',
                      ~~~~~~~~~~~~~~~~~~~~~~~~~~~~~~~~
    Error occurs in the template of component ExploreUsersComponent.


Error: src/app/public/employer-portal/employer-portal.component.html:11:5 - error NG8001: 'app-talent-proof-badge' is not a known element:
1. If 'app-talent-proof-badge' is an Angular component, then verify that it is part of this module.
2. If 'app-talent-proof-badge' is a Web Component then add 'CUSTOM_ELEMENTS_SCHEMA' to the '@NgModule.schemas' of this component to suppress this message.

11     <app-talent-proof-badge variant="card" placement="employer_portal_hero"></app-talent-proof-badge>
       ~~~~~~~~~~~~~~~~~~~~~~~~~~~~~~~~~~~~~~~~~~~~~~~~~~~~~~~~~~~~~~~~~~~~~~~~

  src/app/public/employer-portal/employer-portal.component.ts:10:16
    10   templateUrl: './employer-portal.component.html',
                      ~~~~~~~~~~~~~~~~~~~~~~~~~~~~~~~~~~
    Error occurs in the template of component EmployerPortalComponent.


Error: src/app/public/employer-portal/employer-portal.component.html:45:3 - error NG8001: 'app-portal-faq' is not a known element:
1. If 'app-portal-faq' is an Angular component, then verify that it is part of this module.
2. If 'app-portal-faq' is a Web Component then add 'CUSTOM_ELEMENTS_SCHEMA' to the '@NgModule.schemas' of this component to suppress this message.

45   <app-portal-faq [items]="faqItems"></app-portal-faq>
     ~~~~~~~~~~~~~~~~~~~~~~~~~~~~~~~~~~~

  src/app/public/employer-portal/employer-portal.component.ts:10:16
    10   templateUrl: './employer-portal.component.html',
                      ~~~~~~~~~~~~~~~~~~~~~~~~~~~~~~~~~~
    Error occurs in the template of component EmployerPortalComponent.


Error: src/app/public/employer-portal/employer-portal.component.html:45:19 - error NG8002: Can't bind to 'items' since it isn't a known property of 'app-portal-faq'.
1. If 'app-portal-faq' is an Angular component and it has 'items' input, then verify that it is part of this module.
2. If 'app-portal-faq' is a Web Component then add 'CUSTOM_ELEMENTS_SCHEMA' to the '@NgModule.schemas' of this component to suppress this message.
3. To allow any property add 'NO_ERRORS_SCHEMA' to the '@NgModule.schemas' of this component.

45   <app-portal-faq [items]="faqItems"></app-portal-faq>
                     ~~~~~~~~~~~~~~~~~~

  src/app/public/employer-portal/employer-portal.component.ts:10:16
    10   templateUrl: './employer-portal.component.html',
                      ~~~~~~~~~~~~~~~~~~~~~~~~~~~~~~~~~~
    Error occurs in the template of component EmployerPortalComponent.


Error: src/app/public/employer-portal/employer-portal.component.html:48:1 - error NG8001: 'app-portal-cta-band' is not a known element:
1. If 'app-portal-cta-band' is an Angular component, then verify that it is part of this module.
2. If 'app-portal-cta-band' is a Web Component then add 'CUSTOM_ELEMENTS_SCHEMA' to the '@NgModule.schemas' of this component to suppress this message.

 48 <app-portal-cta-band
    ~~~~~~~~~~~~~~~~~~~~
 49   title="Ready to start hiring?"
    ~~~~~~~~~~~~~~~~~~~~~~~~~~~~~~~~
... 
 51   primaryLabel="Create employer account"
    ~~~~~~~~~~~~~~~~~~~~~~~~~~~~~~~~~~~~~~~~
 52   (primaryClick)="startHiring()">
    ~~~~~~~~~~~~~~~~~~~~~~~~~~~~~~~~~

  src/app/public/employer-portal/employer-portal.component.ts:10:16
    10   templateUrl: './employer-portal.component.html',
                      ~~~~~~~~~~~~~~~~~~~~~~~~~~~~~~~~~~
    Error occurs in the template of component EmployerPortalComponent.


Error: src/app/public/job-seeker-portal/job-seeker-portal.component.html:14:9 - error NG8002: Can't bind to 'ngModel' since it isn't a known property of 'input'.

14         [(ngModel)]="keyword"
           ~~~~~~~~~~~~~~~~~~~~~

  src/app/public/job-seeker-portal/job-seeker-portal.component.ts:11:16
    11   templateUrl: './job-seeker-portal.component.html',
                      ~~~~~~~~~~~~~~~~~~~~~~~~~~~~~~~~~~~~
    Error occurs in the template of component JobSeekerPortalComponent.


Error: src/app/public/job-seeker-portal/job-seeker-portal.component.html:14:22 - error TS2322: Type 'Event' is not assignable to type 'string'.

14         [(ngModel)]="keyword"
                        ~~~~~~~~
15         name="keyword">
   ~~~~~~

  src/app/public/job-seeker-portal/job-seeker-portal.component.ts:11:16
    11   templateUrl: './job-seeker-portal.component.html',
                      ~~~~~~~~~~~~~~~~~~~~~~~~~~~~~~~~~~~~
    Error occurs in the template of component JobSeekerPortalComponent.


Error: src/app/public/job-seeker-portal/job-seeker-portal.component.html:40:3 - error NG8001: 'app-inline-loading' is not a known element:
1. If 'app-inline-loading' is an Angular component, then verify that it is part of this module.
2. If 'app-inline-loading' is a Web Component then add 'CUSTOM_ELEMENTS_SCHEMA' to the '@NgModule.schemas' of this component to suppress this message.

40   <app-inline-loading *ngIf="loading$ | async"></app-inline-loading>
     ~~~~~~~~~~~~~~~~~~~~~~~~~~~~~~~~~~~~~~~~~~~~~

  src/app/public/job-seeker-portal/job-seeker-portal.component.ts:11:16
    11   templateUrl: './job-seeker-portal.component.html',
                      ~~~~~~~~~~~~~~~~~~~~~~~~~~~~~~~~~~~~
    Error occurs in the template of component JobSeekerPortalComponent.


Error: src/app/public/job-seeker-portal/job-seeker-portal.component.html:44:7 - error NG8001: 'app-job-card' is not a known element:
1. If 'app-job-card' is an Angular component, then verify that it is part of this module.
2. If 'app-job-card' is a Web Component then add 'CUSTOM_ELEMENTS_SCHEMA' to the '@NgModule.schemas' of this component to suppress this message.

44       <app-job-card *ngFor="let job of jobs.slice(0, 3); let i = index" [data]="job" [i]="i"></app-job-card>
         ~~~~~~~~~~~~~~~~~~~~~~~~~~~~~~~~~~~~~~~~~~~~~~~~~~~~~~~~~~~~~~~~~~~~~~~~~~~~~~~~~~~~~~~

  src/app/public/job-seeker-portal/job-seeker-portal.component.ts:11:16
    11   templateUrl: './job-seeker-portal.component.html',
                      ~~~~~~~~~~~~~~~~~~~~~~~~~~~~~~~~~~~~
    Error occurs in the template of component JobSeekerPortalComponent.


Error: src/app/public/job-seeker-portal/job-seeker-portal.component.html:44:73 - error NG8002: Can't bind to 'data' since it isn't a known property of 'app-job-card'.
1. If 'app-job-card' is an Angular component and it has 'data' input, then verify that it is part of this module.
2. If 'app-job-card' is a Web Component then add 'CUSTOM_ELEMENTS_SCHEMA' to the '@NgModule.schemas' of this component to suppress this message.
3. To allow any property add 'NO_ERRORS_SCHEMA' to the '@NgModule.schemas' of this component.

44       <app-job-card *ngFor="let job of jobs.slice(0, 3); let i = index" [data]="job" [i]="i"></app-job-card>
                                                                           ~~~~~~~~~~~~

  src/app/public/job-seeker-portal/job-seeker-portal.component.ts:11:16
    11   templateUrl: './job-seeker-portal.component.html',
                      ~~~~~~~~~~~~~~~~~~~~~~~~~~~~~~~~~~~~
    Error occurs in the template of component JobSeekerPortalComponent.


Error: src/app/public/job-seeker-portal/job-seeker-portal.component.html:44:86 - error NG8002: Can't bind to 'i' since it isn't a known property of 'app-job-card'.
1. If 'app-job-card' is an Angular component and it has 'i' input, then verify that it is part of this module.
2. If 'app-job-card' is a Web Component then add 'CUSTOM_ELEMENTS_SCHEMA' to the '@NgModule.schemas' of this component to suppress this message.
3. To allow any property add 'NO_ERRORS_SCHEMA' to the '@NgModule.schemas' of this component.

44       <app-job-card *ngFor="let job of jobs.slice(0, 3); let i = index" [data]="job" [i]="i"></app-job-card>
                                                                                        ~~~~~~~

  src/app/public/job-seeker-portal/job-seeker-portal.component.ts:11:16
    11   templateUrl: './job-seeker-portal.component.html',
                      ~~~~~~~~~~~~~~~~~~~~~~~~~~~~~~~~~~~~
    Error occurs in the template of component JobSeekerPortalComponent.


Error: src/app/public/job-seeker-portal/job-seeker-portal.component.html:71:3 - error NG8001: 'app-portal-faq' is not a known element:
1. If 'app-portal-faq' is an Angular component, then verify that it is part of this module.
2. If 'app-portal-faq' is a Web Component then add 'CUSTOM_ELEMENTS_SCHEMA' to the '@NgModule.schemas' of this component to suppress this message.

71   <app-portal-faq [items]="faqItems"></app-portal-faq>
     ~~~~~~~~~~~~~~~~~~~~~~~~~~~~~~~~~~~

  src/app/public/job-seeker-portal/job-seeker-portal.component.ts:11:16
    11   templateUrl: './job-seeker-portal.component.html',
                      ~~~~~~~~~~~~~~~~~~~~~~~~~~~~~~~~~~~~
    Error occurs in the template of component JobSeekerPortalComponent.


Error: src/app/public/job-seeker-portal/job-seeker-portal.component.html:71:19 - error NG8002: Can't bind to 'items' since it isn't a known property of 'app-portal-faq'.
1. If 'app-portal-faq' is an Angular component and it has 'items' input, then verify that it is part of this module.
2. If 'app-portal-faq' is a Web Component then add 'CUSTOM_ELEMENTS_SCHEMA' to the '@NgModule.schemas' of this component to suppress this message.
3. To allow any property add 'NO_ERRORS_SCHEMA' to the '@NgModule.schemas' of this component.

71   <app-portal-faq [items]="faqItems"></app-portal-faq>
                     ~~~~~~~~~~~~~~~~~~

  src/app/public/job-seeker-portal/job-seeker-portal.component.ts:11:16
    11   templateUrl: './job-seeker-portal.component.html',
                      ~~~~~~~~~~~~~~~~~~~~~~~~~~~~~~~~~~~~
    Error occurs in the template of component JobSeekerPortalComponent.


Error: src/app/public/job-seeker-portal/job-seeker-portal.component.html:74:1 - error NG8001: 'app-portal-cta-band' is not a known element:
1. If 'app-portal-cta-band' is an Angular component, then verify that it is part of this module.
2. If 'app-portal-cta-band' is a Web Component then add 'CUSTOM_ELEMENTS_SCHEMA' to the '@NgModule.schemas' of this component to suppress this message.

 74 <app-portal-cta-band
    ~~~~~~~~~~~~~~~~~~~~
 75   title="Ready to find your next role?"
    ~~~~~~~~~~~~~~~~~~~~~~~~~~~~~~~~~~~~~~~
... 
 79   (primaryClick)="createAccount()"
    ~~~~~~~~~~~~~~~~~~~~~~~~~~~~~~~~~~
 80   (secondaryClick)="goToJobs()">
    ~~~~~~~~~~~~~~~~~~~~~~~~~~~~~~~~

  src/app/public/job-seeker-portal/job-seeker-portal.component.ts:11:16
    11   templateUrl: './job-seeker-portal.component.html',
                      ~~~~~~~~~~~~~~~~~~~~~~~~~~~~~~~~~~~~
    Error occurs in the template of component JobSeekerPortalComponent.


Error: src/app/public/main-portal/main-portal.component.html:13:5 - error NG8001: 'app-role-card' is not a known element:
1. If 'app-role-card' is an Angular component, then verify that it is part of this module.
2. If 'app-role-card' is a Web Component then add 'CUSTOM_ELEMENTS_SCHEMA' to the '@NgModule.schemas' of this component to suppress this message.

 13     <app-role-card
        ~~~~~~~~~~~~~~
 14       icon="/assets/images/placeholder/icons/card-applicant-icon.png"
    ~~~~~~~~~~~~~~~~~~~~~~~~~~~~~~~~~~~~~~~~~~~~~~~~~~~~~~~~~~~~~~~~~~~~~
... 
 18       ariaLabel="Continue as Job Seeker"
    ~~~~~~~~~~~~~~~~~~~~~~~~~~~~~~~~~~~~~~~~
 19       (activated)="goToJobSeekerPortal()">
    ~~~~~~~~~~~~~~~~~~~~~~~~~~~~~~~~~~~~~~~~~~

  src/app/public/main-portal/main-portal.component.ts:14:16
    14   templateUrl: './main-portal.component.html',
                      ~~~~~~~~~~~~~~~~~~~~~~~~~~~~~~
    Error occurs in the template of component MainPortalComponent.


Error: src/app/public/main-portal/main-portal.component.html:22:5 - error NG8001: 'app-role-card' is not a known element:
1. If 'app-role-card' is an Angular component, then verify that it is part of this module.
2. If 'app-role-card' is a Web Component then add 'CUSTOM_ELEMENTS_SCHEMA' to the '@NgModule.schemas' of this component to suppress this message.

 22     <app-role-card
        ~~~~~~~~~~~~~~
 23       icon="/assets/images/placeholder/icons/card-interview-icon.png"
    ~~~~~~~~~~~~~~~~~~~~~~~~~~~~~~~~~~~~~~~~~~~~~~~~~~~~~~~~~~~~~~~~~~~~~
... 
 27       ariaLabel="Continue as Employer"
    ~~~~~~~~~~~~~~~~~~~~~~~~~~~~~~~~~~~~~~
 28       (activated)="goToEmployerPortal()">
    ~~~~~~~~~~~~~~~~~~~~~~~~~~~~~~~~~~~~~~~~~

  src/app/public/main-portal/main-portal.component.ts:14:16
    14   templateUrl: './main-portal.component.html',
                      ~~~~~~~~~~~~~~~~~~~~~~~~~~~~~~
    Error occurs in the template of component MainPortalComponent.


Error: src/app/public/main-portal/main-portal.component.html:35:5 - error NG8001: 'app-talent-proof-badge' is not a known element:
1. If 'app-talent-proof-badge' is an Angular component, then verify that it is part of this module.
2. If 'app-talent-proof-badge' is a Web Component then add 'CUSTOM_ELEMENTS_SCHEMA' to the '@NgModule.schemas' of this component to suppress this message.

35     <app-talent-proof-badge variant="pill" placement="main_portal_role_card"></app-talent-proof-badge>
       ~~~~~~~~~~~~~~~~~~~~~~~~~~~~~~~~~~~~~~~~~~~~~~~~~~~~~~~~~~~~~~~~~~~~~~~~~

  src/app/public/main-portal/main-portal.component.ts:14:16
    14   templateUrl: './main-portal.component.html',
                      ~~~~~~~~~~~~~~~~~~~~~~~~~~~~~~
    Error occurs in the template of component MainPortalComponent.


Error: src/app/public/main-portal/main-portal.component.html:55:1 - error NG8001: 'app-portal-cta-band' is not a known element:
1. If 'app-portal-cta-band' is an Angular component, then verify that it is part of this module.
2. If 'app-portal-cta-band' is a Web Component then add 'CUSTOM_ELEMENTS_SCHEMA' to the '@NgModule.schemas' of this component to suppress this message.

 55 <app-portal-cta-band
    ~~~~~~~~~~~~~~~~~~~~
 56   title="Ready to get started?"
    ~~~~~~~~~~~~~~~~~~~~~~~~~~~~~~~
... 
 60   (primaryClick)="goToJobs()"
    ~~~~~~~~~~~~~~~~~~~~~~~~~~~~~
 61   (secondaryClick)="goToEmployerPortal()">
    ~~~~~~~~~~~~~~~~~~~~~~~~~~~~~~~~~~~~~~~~~~

  src/app/public/main-portal/main-portal.component.ts:14:16
    14   templateUrl: './main-portal.component.html',
                      ~~~~~~~~~~~~~~~~~~~~~~~~~~~~~~
    Error occurs in the template of component MainPortalComponent.


Error: src/app/public/public-details/public-details.component.html:12:46 - error NG8004: No pipe found with name 'currency'.

12           {{selectedJobPost?.salaryMinimum | currency: selectedJobPost.salaryCurrency: 'symbol' }} -
                                                ~~~~~~~~

  src/app/public/public-details/public-details.component.ts:8:16
    8   templateUrl: './public-details.component.html',
                     ~~~~~~~~~~~~~~~~~~~~~~~~~~~~~~~~~
    Error occurs in the template of component PublicDetailsComponent.


Error: src/app/public/public-details/public-details.component.html:13:46 - error NG8004: No pipe found with name 'currency'.

13           {{selectedJobPost?.salaryMaximum | currency: selectedJobPost.salaryCurrency: 'symbol' }}
                                                ~~~~~~~~

  src/app/public/public-details/public-details.component.ts:8:16
    8   templateUrl: './public-details.component.html',
                     ~~~~~~~~~~~~~~~~~~~~~~~~~~~~~~~~~
    Error occurs in the template of component PublicDetailsComponent.


Error: src/app/public/public-details/public-details.component.html:23:7 - error NG8001: 'app-job-details-sidecard' is not a known element:
1. If 'app-job-details-sidecard' is an Angular component, then verify that it is part of this module.
2. If 'app-job-details-sidecard' is a Web Component then add 'CUSTOM_ELEMENTS_SCHEMA' to the '@NgModule.schemas' of this component to suppress this message.

23       <app-job-details-sidecard [data]="selectedJobPost" [company]="selectedJobPost" [screenSize]="screenSize">
         ~~~~~~~~~~~~~~~~~~~~~~~~~~~~~~~~~~~~~~~~~~~~~~~~~~~~~~~~~~~~~~~~~~~~~~~~~~~~~~~~~~~~~~~~~~~~~~~~~~~~~~~~~

  src/app/public/public-details/public-details.component.ts:8:16
    8   templateUrl: './public-details.component.html',
                     ~~~~~~~~~~~~~~~~~~~~~~~~~~~~~~~~~
    Error occurs in the template of component PublicDetailsComponent.


Error: src/app/public/public-details/public-details.component.html:23:33 - error NG8002: Can't bind to 'data' since it isn't a known property of 'app-job-details-sidecard'.
1. If 'app-job-details-sidecard' is an Angular component and it has 'data' input, then verify that it is part of this module.
2. If 'app-job-details-sidecard' is a Web Component then add 'CUSTOM_ELEMENTS_SCHEMA' to the '@NgModule.schemas' of this component to suppress this message.
3. To allow any property add 'NO_ERRORS_SCHEMA' to the '@NgModule.schemas' of this component.

23       <app-job-details-sidecard [data]="selectedJobPost" [company]="selectedJobPost" [screenSize]="screenSize">
                                   ~~~~~~~~~~~~~~~~~~~~~~~~

  src/app/public/public-details/public-details.component.ts:8:16
    8   templateUrl: './public-details.component.html',
                     ~~~~~~~~~~~~~~~~~~~~~~~~~~~~~~~~~
    Error occurs in the template of component PublicDetailsComponent.


Error: src/app/public/public-details/public-details.component.html:23:58 - error NG8002: Can't bind to 'company' since it isn't a known property of 'app-job-details-sidecard'.
1. If 'app-job-details-sidecard' is an Angular component and it has 'company' input, then verify that it is part of this module.
2. If 'app-job-details-sidecard' is a Web Component then add 'CUSTOM_ELEMENTS_SCHEMA' to the '@NgModule.schemas' of this component to suppress this message.
3. To allow any property add 'NO_ERRORS_SCHEMA' to the '@NgModule.schemas' of this component.

23       <app-job-details-sidecard [data]="selectedJobPost" [company]="selectedJobPost" [screenSize]="screenSize">
                                                            ~~~~~~~~~~~~~~~~~~~~~~~~~~~

  src/app/public/public-details/public-details.component.ts:8:16
    8   templateUrl: './public-details.component.html',
                     ~~~~~~~~~~~~~~~~~~~~~~~~~~~~~~~~~
    Error occurs in the template of component PublicDetailsComponent.


Error: src/app/public/public-details/public-details.component.html:23:86 - error NG8002: Can't bind to 'screenSize' since it isn't a known property of 'app-job-details-sidecard'.
1. If 'app-job-details-sidecard' is an Angular component and it has 'screenSize' input, then verify that it is part of this module.
2. If 'app-job-details-sidecard' is a Web Component then add 'CUSTOM_ELEMENTS_SCHEMA' to the '@NgModule.schemas' of this component to suppress this message.
3. To allow any property add 'NO_ERRORS_SCHEMA' to the '@NgModule.schemas' of this component.

23       <app-job-details-sidecard [data]="selectedJobPost" [company]="selectedJobPost" [screenSize]="screenSize">
                                                                                        ~~~~~~~~~~~~~~~~~~~~~~~~~

  src/app/public/public-details/public-details.component.ts:8:16
    8   templateUrl: './public-details.component.html',
                     ~~~~~~~~~~~~~~~~~~~~~~~~~~~~~~~~~
    Error occurs in the template of component PublicDetailsComponent.


Error: src/app/public/public-details/public-details.component.html:29:7 - error NG8001: 'app-application-process' is not a known element:
1. If 'app-application-process' is an Angular component, then verify that it is part of this module.
2. If 'app-application-process' is a Web Component then add 'CUSTOM_ELEMENTS_SCHEMA' to the '@NgModule.schemas' of this component to suppress this message.

29       <app-application-process *ngIf="isApplying" [job]="selectedJobPost" (apply)="apply($event)">
         ~~~~~~~~~~~~~~~~~~~~~~~~~~~~~~~~~~~~~~~~~~~~~~~~~~~~~~~~~~~~~~~~~~~~~~~~~~~~~~~~~~~~~~~~~~~~

  src/app/public/public-details/public-details.component.ts:8:16
    8   templateUrl: './public-details.component.html',
                     ~~~~~~~~~~~~~~~~~~~~~~~~~~~~~~~~~
    Error occurs in the template of component PublicDetailsComponent.


Error: src/app/public/public-details/public-details.component.html:29:51 - error NG8002: Can't bind to 'job' since it isn't a known property of 'app-application-process'.
1. If 'app-application-process' is an Angular component and it has 'job' input, then verify that it is part of this module.
2. If 'app-application-process' is a Web Component then add 'CUSTOM_ELEMENTS_SCHEMA' to the '@NgModule.schemas' of this component to suppress this message.
3. To allow any property add 'NO_ERRORS_SCHEMA' to the '@NgModule.schemas' of this component.

29       <app-application-process *ngIf="isApplying" [job]="selectedJobPost" (apply)="apply($event)">
                                                     ~~~~~~~~~~~~~~~~~~~~~~~

  src/app/public/public-details/public-details.component.ts:8:16
    8   templateUrl: './public-details.component.html',
                     ~~~~~~~~~~~~~~~~~~~~~~~~~~~~~~~~~
    Error occurs in the template of component PublicDetailsComponent.


Error: src/app/public/public-details/public-details.component.html:32:7 - errorm NG8001: 'app-job-posts-details' is not a known element:
1. If 'app-job-posts-details' is an Angular component, then verify that it is part of this module.
2. If 'app-job-posts-details' is a Web Component then add 'CUSTOM_ELEMENTS_SCHEMA' to the '@NgModule.schemas' of this component to suppress this message.

32       <app-job-posts-details [withBanner]="false" *ngIf="!isApplying" (apply)="apply($event)">
         ~~~~~~~~~~~~~~~~~~~~~~~~~~~~~~~~~~~~~~~~~~~~~~~~~~~~~~~~~~~~~~~~~~~~~~~~~~~~~~~~~~~~~~~~

  src/app/public/public-details/public-details.component.ts:8:16
    8   templateUrl: './public-details.component.html',
                     ~~~~~~~~~~~~~~~~~~~~~~~~~~~~~~~~~
    Error occurs in the template of component PublicDetailsComponent.


Error: src/app/public/public-details/public-details.component.html:32:30 - error NG8002: Can't bind to 'withBanner' since it isn't a known property of 'app-job-posts-details'.
1. If 'app-job-posts-details' is an Angular component and it has 'withBanner' input, then verify that it is part of this module.
2. If 'app-job-posts-details' is a Web Component then add 'CUSTOM_ELEMENTS_SCHEMA' to the '@NgModule.schemas' of this component to suppress this message.
3. To allow any property add 'NO_ERRORS_SCHEMA' to the '@NgModule.schemas' of this component.

32       <app-job-posts-details [withBanner]="false" *ngIf="!isApplying" (apply)="apply($event)">
                                ~~~~~~~~~~~~~~~~~~~~

  src/app/public/public-details/public-details.component.ts:8:16
    8   templateUrl: './public-details.component.html',
                     ~~~~~~~~~~~~~~~~~~~~~~~~~~~~~~~~~
    Error occurs in the template of component PublicDetailsComponent.


Error: src/app/public/public-list/public-list.component.htmlm:2:1 - error NG8001: 'app-public-banner' is not a known element:
1. If 'app-public-banner' is an Angular component, then verify that it is part of this module.
2. If 'app-public-banner' is a Web Component then add 'CUSTOM_ELEMENTS_SCHEMA' to the '@NgModule.schemas' of this component to suppress this message.

2 <app-public-banner [screenSize]="screenSize"></app-public-banner>
  ~~~~~~~~~~~~~~~~~~~~~~~~~~~~~~~~~~~~~~~~~~~~~

  src/app/public/public-list/public-list.component.ts:5:16
    5   templateUrl: './public-list.component.html',
                     ~~~~~~~~~~~~~~~~~~~~~~~~~~~~~~
    Error occurs in the template of component PublicListComponent.


Error: src/app/public/public-list/public-list.component.html:2:20 - error NG8002: Can't bind to 'screenSize' since it isn't a known property of 'app-public-banner'.
1. If 'app-public-banner' is an Angular component and it has 'screenSize' input, then verify that it is part of this module.
2. If 'app-public-banner' is a Web Component then add 'CUSTOM_ELEMENTS_SCHEMA' to the '@NgModule.schemas' of this component to suppress this message.
3. To allow any property add 'NO_ERRORS_SCHEMA' to the '@NgModule.schemas' of this component.

2 <app-public-banner [screenSize]="screenSize"></app-public-banner>
                     ~~~~~~~~~~~~~~~~~~~~~~~~~

  src/app/public/public-list/public-list.component.ts:5:16
    5   templateUrl: './public-list.component.html',
                     ~~~~~~~~~~~~~~~~~~~~~~~~~~~~~~
    Error occurs in the template of component PublicListComponent.


Error: src/app/public/public-list/public-list.component.html:5:1 - error NG8001: 'app-public-companies-recommended' is not a known element:
1. If 'app-public-companies-recommended' is an Angular component, then verify that it is part of this module.
2. If 'app-public-companies-recommended' is a Web Component then add 'CUSTOM_ELEMENTS_SCHEMA' to the '@NgModule.schemas' of this component to suppress this message.

5 <app-public-companies-recommended></app-public-companies-recommended>
  ~~~~~~~~~~~~~~~~~~~~~~~~~~~~~~~~~~

  src/app/public/public-list/public-list.component.ts:5:16
    5   templateUrl: './public-list.component.html',
                     ~~~~~~~~~~~~~~~~~~~~~~~~~~~~~~
    Error occurs in the template of component PublicListComponent.


Error: src/app/public/public-list/public-list.component.html:12:5 - error NG8001: 'app-job-board-employer-cta' is not a known element:
1. If 'app-job-board-employer-cta' is an Angular component, then verify that it is part of this module.
2. If 'app-job-board-employer-cta' is a Web Component then add 'CUSTOM_ELEMENTS_SCHEMA' to the '@NgModule.schemas' of this component to suppress this message.

12     <app-job-board-employer-cta></app-job-board-employer-cta>
       ~~~~~~~~~~~~~~~~~~~~~~~~~~~~

  src/app/public/public-list/public-list.component.ts:5:16
    5   templateUrl: './public-list.component.html',
                     ~~~~~~~~~~~~~~~~~~~~~~~~~~~~~~
    Error occurs in the template of component PublicListComponent.


Error: src/app/public/public-list/public-list.component.html:14:5 - error NG8001: 'app-job-posts-list' is not a known element:
1. If 'app-job-posts-list' is an Angular component, then verify that it is part of this module.
2. If 'app-job-posts-list' is a Web Component then add 'CUSTOM_ELEMENTS_SCHEMA' to the '@NgModule.schemas' of this component to suppress this message.

14     <app-job-posts-list label="{{ 'PUBLIC_PAGE.JOB_POST_SECTION_MESSAGE' | translate }}"></app-job-posts-list>
       ~~~~~~~~~~~~~~~~~~~~~~~~~~~~~~~~~~~~~~~~~~~~~~~~~~~~~~~~~~~~~~~~~~~~~~~~~~~~~~~~~~~~~

  src/app/public/public-list/public-list.component.ts:5:16
    5   templateUrl: './public-list.component.html',
                     ~~~~~~~~~~~~~~~~~~~~~~~~~~~~~~
    Error occurs in the template of component PublicListComponent.


Error: src/app/public/public-list/public-list.component.html:14:25 - error NG8002: Can't bind to 'label' since it isn't a known property of 'app-job-posts-list'.
1. If 'app-job-posts-list' is an Angular component and it has 'label' input, then verify that it is part of this module.
2. If 'app-job-posts-list' is a Web Component then add 'CUSTOM_ELEMENTS_SCHEMA' to the '@NgModule.schemas' of this component to suppress this message.
3. To allow any property add 'NO_ERRORS_SCHEMA' to the '@NgModule.schemas' of this component.

14     <app-job-posts-list label="{{ 'PUBLIC_PAGE.JOB_POST_SECTION_MESSAGE' | translate }}"></app-job-posts-list>
                           ~~~~~~~~~~~~~~~~~~~~~~~~~~~~~~~~~~~~~~~~~~~~~~~~~~~~~~~~~~~~~~~~

  src/app/public/public-list/public-list.component.ts:5:16
    5   templateUrl: './public-list.component.html',
                     ~~~~~~~~~~~~~~~~~~~~~~~~~~~~~~
    Error occurs in the template of component PublicListComponent.


Error: src/app/public/public-list/public-list.component.html:14:76 - error NG8004: No pipe found with name 'translate'.

14     <app-job-posts-list label="{{ 'PUBLIC_PAGE.JOB_POST_SECTION_MESSAGE' | translate }}"></app-job-posts-list>
                                                                              ~~~~~~~~~

  src/app/public/public-list/public-list.component.ts:5:16
    5   templateUrl: './public-list.component.html',
                     ~~~~~~~~~~~~~~~~~~~~~~~~~~~~~~
    Error occurs in the template of component PublicListComponent.


Error: src/app/public/public-list/public-list.component.html:18:1 - error NG8001: 'app-public-explore-users' is not a known element:
1. If 'app-public-explore-users' is an Angular component, then verify that it is part of this module.
2. If 'app-public-explore-users' is a Web Component then add 'CUSTOM_ELEMENTS_SCHEMA' to the '@NgModule.schemas' of this component to suppress this message.

18 <app-public-explore-users [userRole]="userRole"></app-public-explore-users>
   ~~~~~~~~~~~~~~~~~~~~~~~~~~~~~~~~~~~~~~~~~~~~~~~~

  src/app/public/public-list/public-list.component.ts:5:16
    5   templateUrl: './public-list.component.html',
                     ~~~~~~~~~~~~~~~~~~~~~~~~~~~~~~
    Error occurs in the template of component PublicListComponent.


Error: src/app/public/public-list/public-list.component.html:18:27 - error NG8002: Can't bind to 'userRole' since it isn't a known property of 'app-public-explore-users'.
1. If 'app-public-explore-users' is an Angular component and it has 'userRole' input, then verify that it is part of this module.
2. If 'app-public-explore-users' is a Web Component then add 'CUSTOM_ELEMENTS_SCHEMA' to the '@NgModule.schemas' of this component to suppress this message.
3. To allow any property add 'NO_ERRORS_SCHEMA' to the '@NgModule.schemas' of this component.

18 <app-public-explore-users [userRole]="userRole"></app-public-explore-users>
                             ~~~~~~~~~~~~~~~~~~~~~

  src/app/public/public-list/public-list.component.ts:5:16
    5   templateUrl: './public-list.component.html',
                     ~~~~~~~~~~~~~~~~~~~~~~~~~~~~~~
    Error occurs in the template of component PublicListComponent.


Error: src/app/public/public-search/public-search.component.html:1:34 - error NG8002: Can't bind to 'ngClass' since it isn't a known property of 'div'.

1 <div class="container-fluid p-0" [ngClass]="loggedUser ? '' : ''">
                                   ~~~~~~~~~~~~~~~~~~~~~~~~~~~~~~~~

  src/app/public/public-search/public-search.component.ts:13:16
    13   templateUrl: './public-search.component.html',
                      ~~~~~~~~~~~~~~~~~~~~~~~~~~~~~~~~
    Error occurs in the template of component PublicSearchComponent.


Error: src/app/public/public-search/public-search.component.html:5:4 - error NG8002: Can't bind to 'ngClass' since it isn't a known property of 'div'.

5    [ngClass]="screenSize > 1500 ? ' col-lg-11' : 'col-lg-11'"
     ~~~~~~~~~~~~~~~~~~~~~~~~~~~~~~~~~~~~~~~~~~~~~~~~~~~~~~~~~~

  src/app/public/public-search/public-search.component.ts:13:16
    13   templateUrl: './public-search.component.html',
                      ~~~~~~~~~~~~~~~~~~~~~~~~~~~~~~~~
    Error occurs in the template of component PublicSearchComponent.


Error: src/app/public/public-search/public-search.component.html:8:25 - error NG8002: Can't bind to 'ngClass' since it isn't a known property of 'div'.

8      <div class="me-3 " [ngClass]="loggedUser ? 'search-key-2' : 'search-key'">
                          ~~~~~~~~~~~~~~~~~~~~~~~~~~~~~~~~~~~~~~~~~~~~~~~~~~~~~~

  src/app/public/public-search/public-search.component.ts:13:16
    13   templateUrl: './public-search.component.html',
                      ~~~~~~~~~~~~~~~~~~~~~~~~~~~~~~~~
    Error occurs in the template of component PublicSearchComponent.


Error: src/app/public/public-search/public-search.component.html:10:7 - error NG8002: Can't bind to 'ngModel' since it isn't a known property of 'input'.

10       [(ngModel)]="keyword">
         ~~~~~~~~~~~~~~~~~~~~~

  src/app/public/public-search/public-search.component.ts:13:16
    13   templateUrl: './public-search.component.html',
                      ~~~~~~~~~~~~~~~~~~~~~~~~~~~~~~~~
    Error occurs in the template of component PublicSearchComponent.


Error: src/app/public/public-search/public-search.component.html:10:20 - error TS2322: Type 'Event' is not assignable to type 'string'.

10       [(ngModel)]="keyword">
                      ~~~~~~~~~
11      </div>
   ~~~~

  src/app/public/public-search/public-search.component.ts:13:16
    13   templateUrl: './public-search.component.html',
                      ~~~~~~~~~~~~~~~~~~~~~~~~~~~~~~~~
    Error occurs in the template of component PublicSearchComponent.


Error: src/app/public/public-search/public-search.component.html:16:11 - error NG8002: Can't bind to 'ngModel' since it isn't a known property of 'select'.

16           [(ngModel)]="work_setup">
             ~~~~~~~~~~~~~~~~~~~~~~~~

  src/app/public/public-search/public-search.component.ts:13:16
    13   templateUrl: './public-search.component.html',
                      ~~~~~~~~~~~~~~~~~~~~~~~~~~~~~~~~
    Error occurs in the template of component PublicSearchComponent.


Error: src/app/public/public-search/public-search.component.html:16:24 - error TS2322: Type 'Event' is not assignable to type 'string'.

16           [(ngModel)]="work_setup">
                          ~~~~~~~~~~~~
17             <option selected>Work Setup</option>
   ~~~~

  src/app/public/public-search/public-search.component.ts:13:16
    13   templateUrl: './public-search.component.html',
                      ~~~~~~~~~~~~~~~~~~~~~~~~~~~~~~~~
    Error occurs in the template of component PublicSearchComponent.


Error: src/app/public/public-search/public-search.component.html:28:11 - error NG8002: Can't bind to 'ngModel' since it isn't a known property of 'select'.

28           [(ngModel)]="job_type">
             ~~~~~~~~~~~~~~~~~~~~~~

  src/app/public/public-search/public-search.component.ts:13:16
    13   templateUrl: './public-search.component.html',
                      ~~~~~~~~~~~~~~~~~~~~~~~~~~~~~~~~
    Error occurs in the template of component PublicSearchComponent.


Error: src/app/public/public-search/public-search.component.html:28:24 - error TS2322: Type 'Event' is not assignable to type 'string'.

28           [(ngModel)]="job_type">
                          ~~~~~~~~~~
29             <option selected>Job Type</option>
   ~~~~

  src/app/public/public-search/public-search.component.ts:13:16
    13   templateUrl: './public-search.component.html',
                      ~~~~~~~~~~~~~~~~~~~~~~~~~~~~~~~~
    Error occurs in the template of component PublicSearchComponent.


Error: src/app/public/public-search/public-search.component.html:53:5 - error NG8001: 'app-job-posts-list' is not a known element:
1. If 'app-job-posts-list' is an Angular component, then verify that it is part of this module.
2. If 'app-job-posts-list' is a Web Component then add 'CUSTOM_ELEMENTS_SCHEMA' to the '@NgModule.schemas' of this component to suppress this message.

53     <app-job-posts-list [label]="'Jobs Search Result'"
       ~~~~~~~~~~~~~~~~~~~~~~~~~~~~~~~~~~~~~~~~~~~~~~~~~~
54     [searchData]="jobSearch"
   ~~~~~~~~~~~~~~~~~~~~~~~~~~~~
55     [fromSearch]="true"
   ~~~~~~~~~~~~~~~~~~~~~~~
56     [subLabel]="'List of available jobs based on current search keywords'"></app-job-posts-list>
   ~~~~~~~~~~~~~~~~~~~~~~~~~~~~~~~~~~~~~~~~~~~~~~~~~~~~~~~~~~~~~~~~~~~~~~~~~~~

  src/app/public/public-search/public-search.component.ts:13:16
    13   templateUrl: './public-search.component.html',
                      ~~~~~~~~~~~~~~~~~~~~~~~~~~~~~~~~
    Error occurs in the template of component PublicSearchComponent.


Error: src/app/public/public-search/public-search.component.html:53:25 - error NG8002: Can't bind to 'label' since it isn't a known property of 'app-job-posts-list'.
1. If 'app-job-posts-list' is an Angular component and it has 'label' input, then verify that it is part of this module.
2. If 'app-job-posts-list' is a Web Component then add 'CUSTOM_ELEMENTS_SCHEMA' to the '@NgModule.schemas' of this component to suppress this message.
3. To allow any property add 'NO_ERRORS_SCHEMA' to the '@NgModule.schemas' of this component.

53     <app-job-posts-list [label]="'Jobs Search Result'"
                           ~~~~~~~~~~~~~~~~~~~~~~~~~~~~~~

  src/app/public/public-search/public-search.component.ts:13:16
    13   templateUrl: './public-search.component.html',
                      ~~~~~~~~~~~~~~~~~~~~~~~~~~~~~~~~
    Error occurs in the template of component PublicSearchComponent.


Error: src/app/public/public-search/public-search.component.html:54:5 - error NG8002: Can't bind to 'searchData' since it isn't a known property of 'app-job-posts-list'.
1. If 'app-job-posts-list' is an Angular component and it has 'searchData' input, then verify that it is part of this module.
2. If 'app-job-posts-list' is a Web Component then add 'CUSTOM_ELEMENTS_SCHEMA' to the '@NgModule.schemas' of this component to suppress this message.
3. To allow any property add 'NO_ERRORS_SCHEMA' to the '@NgModule.schemas' of this component.

54     [searchData]="jobSearch"
       ~~~~~~~~~~~~~~~~~~~~~~~~

  src/app/public/public-search/public-search.component.ts:13:16
    13   templateUrl: './public-search.component.html',
                      ~~~~~~~~~~~~~~~~~~~~~~~~~~~~~~~~
    Error occurs in the template of component PublicSearchComponent.


Error: src/app/public/public-search/public-search.component.html:55:5 - error NG8002: Can't bind to 'fromSearch' since it isn't a known property of 'app-job-posts-list'.
1. If 'app-job-posts-list' is an Angular component and it has 'fromSearch' input, then verify that it is part of this module.
2. If 'app-job-posts-list' is a Web Component then add 'CUSTOM_ELEMENTS_SCHEMA' to the '@NgModule.schemas' of this component to suppress this message.
3. To allow any property add 'NO_ERRORS_SCHEMA' to the '@NgModule.schemas' of this component.

55     [fromSearch]="true"
       ~~~~~~~~~~~~~~~~~~~

  src/app/public/public-search/public-search.component.ts:13:16
    13   templateUrl: './public-search.component.html',
                      ~~~~~~~~~~~~~~~~~~~~~~~~~~~~~~~~
    Error occurs in the template of component PublicSearchComponent.


Error: src/app/public/public-search/public-search.component.html:56:5 - error NG8002: Can't bind to 'subLabel' since it isn't a known property of 'app-job-posts-list'.
1. If 'app-job-posts-list' is an Angular component and it has 'subLabel' input, then verify that it is part of this module.
2. If 'app-job-posts-list' is a Web Component then add 'CUSTOM_ELEMENTS_SCHEMA' to the '@NgModule.schemas' of this component to suppress this message.
3. To allow any property add 'NO_ERRORS_SCHEMA' to the '@NgModule.schemas' of this component.

56     [subLabel]="'List of available jobs based on current search keywords'"></app-job-posts-list>
       ~~~~~~~~~~~~~~~~~~~~~~~~~~~~~~~~~~~~~~~~~~~~~~~~~~~~~~~~~~~~~~~~~~~~~~

  src/app/public/public-search/public-search.component.ts:13:16
    13   templateUrl: './public-search.component.html',
                      ~~~~~~~~~~~~~~~~~~~~~~~~~~~~~~~~
    Error occurs in the template of component PublicSearchComponent.


Error: src/app/public/public.component.html:2:3 - error NG8001: 'app-header' is not a known element:
1. If 'app-header' is an Angular component, then verify that it is part of this module.
2. If 'app-header' is a Web Component then add 'CUSTOM_ELEMENTS_SCHEMA' to the '@NgModule.schemas' of this component to suppress this message.

2   <app-header [isPublic]="true"
    ~~~~~~~~~~~~~~~~~~~~~~~~~~~~~
3         [isUserLoggedIn]="isUserLoggedIn" [user]="user"></app-header>
  ~~~~~~~~~~~~~~~~~~~~~~~~~~~~~~~~~~~~~~~~~~~~~~~~~~~~~~~~

  src/app/public/public.component.ts:6:16
    6   templateUrl: './public.component.html',
                     ~~~~~~~~~~~~~~~~~~~~~~~~~
    Error occurs in the template of component PublicComponent.


Error: src/app/public/public.component.html:2:15 - error NG8002: Can't bind to 'isPublic' since it isn't a known property of 'app-header'.
1. If 'app-header' is an Angular component and it has 'isPublic' input, then verify that it is part of this module.
2. If 'app-header' is a Web Component then add 'CUSTOM_ELEMENTS_SCHEMA' to the '@NgModule.schemas' of this component to suppress this message.
3. To allow any property add 'NO_ERRORS_SCHEMA' to the '@NgModule.schemas' of this component.

2   <app-header [isPublic]="true"
                ~~~~~~~~~~~~~~~~~

  src/app/public/public.component.ts:6:16
    6   templateUrl: './public.component.html',
                     ~~~~~~~~~~~~~~~~~~~~~~~~~
    Error occurs in the template of component PublicComponent.


Error: src/app/public/public.component.html:3:9 - error NG8002: Can't bind to 'isUserLoggedIn' since it isn't a known property of 'app-header'.
1. If 'app-header' is an Angular component and it has 'isUserLoggedIn' input, then verify that it is part of this module.
2. If 'app-header' is a Web Component then add 'CUSTOM_ELEMENTS_SCHEMA' to the '@NgModule.schemas' of this component to suppress this message.
3. To allow any property add 'NO_ERRORS_SCHEMA' to the '@NgModule.schemas' of this component.

3         [isUserLoggedIn]="isUserLoggedIn" [user]="user"></app-header>
          ~~~~~~~~~~~~~~~~~~~~~~~~~~~~~~~~~

  src/app/public/public.component.ts:6:16
    6   templateUrl: './public.component.html',
                     ~~~~~~~~~~~~~~~~~~~~~~~~~
    Error occurs in the template of component PublicComponent.


Error: src/app/public/public.component.html:3:43 - error NG8002: Can't bind to 'user' since it isn't a known property of 'app-header'.
1. If 'app-header' is an Angular component and it has 'user' input, then verify that it is part of this module.
2. If 'app-header' is a Web Component then add 'CUSTOM_ELEMENTS_SCHEMA' to the '@NgModule.schemas' of this component to suppress this message.
3. To allow any property add 'NO_ERRORS_SCHEMA' to the '@NgModule.schemas' of this component.

3         [isUserLoggedIn]="isUserLoggedIn" [user]="user"></app-header>
                                            ~~~~~~~~~~~~~

  src/app/public/public.component.ts:6:16
    6   templateUrl: './public.component.html',
                     ~~~~~~~~~~~~~~~~~~~~~~~~~
    Error occurs in the template of component PublicComponent.


Error: src/app/public/public.component.html:7:3 - error NG8001: 'router-outlet' is not a known element:
1. If 'router-outlet' is an Angular component, then verify that it is part of this module.
2. If 'router-outlet' is a Web Component then add 'CUSTOM_ELEMENTS_SCHEMA' to the '@NgModule.schemas' of this component to suppress this message.

7   <router-outlet></router-outlet>
    ~~~~~~~~~~~~~~~

  src/app/public/public.component.ts:6:16
    6   templateUrl: './public.component.html',
                     ~~~~~~~~~~~~~~~~~~~~~~~~~
    Error occurs in the template of component PublicComponent.


Error: src/app/public/public.component.html:10:1 - error NG8001: 'app-footer' is not a known element:
1. If 'app-footer' is an Angular component, then verify that it is part of this module.
2. If 'app-footer' is a Web Component then add 'CUSTOM_ELEMENTS_SCHEMA' to the '@NgModule.schemas' of this component to suppress this message.

10 <app-footer></app-footer>
   ~~~~~~~~~~~~

  src/app/public/public.component.ts:6:16
    6   templateUrl: './public.component.html',
                     ~~~~~~~~~~~~~~~~~~~~~~~~~
    Error occurs in the template of component PublicComponent.


Error: src/app/public/public.module.ts:23:43 - error TS2307: Cannot find module './shared/talent-proof-badge/talent-proof-badge.component' or its corresponding type declarations.

23 import { TalentProofBadgeComponent } from './shared/talent-proof-badge/talent-proof-badge.component';
                                             ~~~~~~~~~~~~~~~~~~~~~~~~~~~~~~~~~~~~~~~~~~~~~~~~~~~~~~~~~~


Error: src/app/public/public.module.ts:50:17 - error NG1010: Value at position 12 in the NgModule.declarations of PublicModule is not a reference
  Value could not be determined statically.

 50   declarations: [
                    ~
 51     PublicComponent,
    ~~~~~~~~~~~~~~~~~~~~
... 
 64     JobBoardEmployerCtaComponent
    ~~~~~~~~~~~~~~~~~~~~~~~~~~~~~~~~
 65   ],
    ~~~

  src/app/public/public.module.ts:63:5
    63     TalentProofBadgeComponent,
           ~~~~~~~~~~~~~~~~~~~~~~~~~
    Unknown reference.



√ Browser application bundle generation complete.

./src/app/public/public.module.ts:24:0-101 - Error: Module not found: Error: Can't resolve './shared/talent-proof-badge/talent-proof-badge.component' in 'C:\Users\paulg\OneDrive\Desktop\Gethired\get-hired-FE\src\app\public'

Error: src/app/public/components/banner/banner.component.html:1:35 - error NG8002: Can't bind to 'ngClass' since it isn't a known property of 'div'.

1 <div class="container-fluid px-5" [ngClass]="loggedUser ? 'pe-3' : ''">
                                    ~~~~~~~~~~~~~~~~~~~~~~~~~~~~~~~~~~~~

  src/app/public/components/banner/banner.component.ts:13:16
    13   templateUrl: './banner.component.html',
                      ~~~~~~~~~~~~~~~~~~~~~~~~~
    Error occurs in the template of component BannerComponent.


Error: src/app/public/components/banner/banner.component.html:4:3 - error NG8002: Can't bind to 'ngClass' since it isn't a known property of 'div'.

4   [ngClass]="loggedUser ? 'col-12 col-lg-10' : 'col-12 col-lg-12'">
    ~~~~~~~~~~~~~~~~~~~~~~~~~~~~~~~~~~~~~~~~~~~~~~~~~~~~~~~~~~~~~~~~

  src/app/public/components/banner/banner.component.ts:13:16
    13   templateUrl: './banner.component.html',
                      ~~~~~~~~~~~~~~~~~~~~~~~~~
    Error occurs in the template of component BannerComponent.


Error: src/app/public/components/banner/banner.component.html:21:4 - error NG8002: Can't bind to 'ngClass' since it isn't a known property of 'div'.

21    [ngClass]="screenSize > 1500 ? ' col-lg-10' : 'col-lg-11'"
      ~~~~~~~~~~~~~~~~~~~~~~~~~~~~~~~~~~~~~~~~~~~~~~~~~~~~~~~~~~

  src/app/public/components/banner/banner.component.ts:13:16
    13   templateUrl: './banner.component.html',
                      ~~~~~~~~~~~~~~~~~~~~~~~~~
    Error occurs in the template of component BannerComponent.


Error: src/app/public/components/banner/banner.component.html:24:25 - error NG8002: Can't bind to 'ngClass' since it isn't a known property of 'div'.

24      <div class="me-3 " [ngClass]="loggedUser ? 'search-key-2' : 'search-key'">
                           ~~~~~~~~~~~~~~~~~~~~~~~~~~~~~~~~~~~~~~~~~~~~~~~~~~~~~~

  src/app/public/components/banner/banner.component.ts:13:16
    13   templateUrl: './banner.component.html',
                      ~~~~~~~~~~~~~~~~~~~~~~~~~
    Error occurs in the template of component BannerComponent.


Error: src/app/public/components/banner/banner.component.html:25:95 - error NG8004: No pipe found with name 'translate'.

25       <input type="text" class="form-control" placeholder="{{ 'PUBLIC_PAGE.KEYWORD_TEXTBOX' | translate }}"
                                                                                                 ~~~~~~~~~

  src/app/public/components/banner/banner.component.ts:13:16
    13   templateUrl: './banner.component.html',
                      ~~~~~~~~~~~~~~~~~~~~~~~~~
    Error occurs in the template of component BannerComponent.


Error: src/app/public/components/banner/banner.component.html:26:7 - error NG8002: Can't bind to 'ngModel' since it isn't a known property of 'input'.

26       [(ngModel)]="keyword">
         ~~~~~~~~~~~~~~~~~~~~~

  src/app/public/components/banner/banner.component.ts:13:16
    13   templateUrl: './banner.component.html',
                      ~~~~~~~~~~~~~~~~~~~~~~~~~
    Error occurs in the template of component BannerComponent.


Error: src/app/public/components/banner/banner.component.html:26:20 - error TS2322: Type 'Event' is not assignable to type 'string'.

26       [(ngModel)]="keyword">
                      ~~~~~~~~~
27      </div>
   ~~~~

  src/app/public/components/banner/banner.component.ts:13:16
    13   templateUrl: './banner.component.html',
                      ~~~~~~~~~~~~~~~~~~~~~~~~~
    Error occurs in the template of component BannerComponent.


Error: src/app/public/components/banner/banner.component.html:32:11 - error NG8002: Can't bind to 'ngModel' since it isn't a known property of 'select'.

32           [(ngModel)]="work_setup">
             ~~~~~~~~~~~~~~~~~~~~~~~~

  src/app/public/components/banner/banner.component.ts:13:16
    13   templateUrl: './banner.component.html',
                      ~~~~~~~~~~~~~~~~~~~~~~~~~
    Error occurs in the template of component BannerComponent.


Error: src/app/public/components/banner/banner.component.html:32:24 - error TS2322: Type 'Event' is not assignable to type 'string'.

32           [(ngModel)]="work_setup">
                          ~~~~~~~~~~~~
33             <option selected>{{ 'PUBLIC_PAGE.WORK_SETUP_SELECTOR' | translate }}</option>
   ~~~~

  src/app/public/components/banner/banner.component.ts:13:16
    13   templateUrl: './banner.component.html',
                      ~~~~~~~~~~~~~~~~~~~~~~~~~
    Error occurs in the template of component BannerComponent.


Error: src/app/public/components/banner/banner.component.html:33:69 - error NG8004: No pipe found with name 'translate'.

33             <option selected>{{ 'PUBLIC_PAGE.WORK_SETUP_SELECTOR' | translate }}</option>
                                                                       ~~~~~~~~~

  src/app/public/components/banner/banner.component.ts:13:16
    13   templateUrl: './banner.component.html',
                      ~~~~~~~~~~~~~~~~~~~~~~~~~
    Error occurs in the template of component BannerComponent.


Error: src/app/public/components/banner/banner.component.html:44:11 - error NG8002: Can't bind to 'ngModel' since it isn't a known property of 'select'.

44           [(ngModel)]="job_type">
             ~~~~~~~~~~~~~~~~~~~~~~

  src/app/public/components/banner/banner.component.ts:13:16
    13   templateUrl: './banner.component.html',
                      ~~~~~~~~~~~~~~~~~~~~~~~~~
    Error occurs in the template of component BannerComponent.


Error: src/app/public/components/banner/banner.component.html:44:24 - error TS2322: Type 'Event' is not assignable to type 'string'.

44           [(ngModel)]="job_type">
                          ~~~~~~~~~~
45             <option selected>{{ 'PUBLIC_PAGE.JOB_TYPE_SELECTOR' | translate }}</option>
   ~~~~

  src/app/public/components/banner/banner.component.ts:13:16
    13   templateUrl: './banner.component.html',
                      ~~~~~~~~~~~~~~~~~~~~~~~~~
    Error occurs in the template of component BannerComponent.


Error: src/app/public/components/banner/banner.component.html:45:67 - error NG8004: No pipe found with name 'translate'.

45             <option selected>{{ 'PUBLIC_PAGE.JOB_TYPE_SELECTOR' | translate }}</option>
                                                                     ~~~~~~~~~

  src/app/public/components/banner/banner.component.ts:13:16
    13   templateUrl: './banner.component.html',
                      ~~~~~~~~~~~~~~~~~~~~~~~~~
    Error occurs in the template of component BannerComponent.


Error: src/app/public/components/banner/banner.component.html:60:68 - error NG8004: No pipe found with name 'translate'.

60           (click)="findJobs()">{{ 'PUBLIC_PAGE.FIND_JOBS_BUTTON' | translate }}</button>
                                                                      ~~~~~~~~~

  src/app/public/components/banner/banner.component.ts:13:16
    13   templateUrl: './banner.component.html',
                      ~~~~~~~~~~~~~~~~~~~~~~~~~
    Error occurs in the template of component BannerComponent.


Error: src/app/public/components/explore-users/explore-users.component.html:8:82 - error NG8004: No pipe found with name 'translate'.

8      <h5 class="title-banner mb-3" >{{ 'PUBLIC_PAGE.RESUME_UPLOAD_BOX_MESSAGE' | translate }}</h5>
                                                                                   ~~~~~~~~~

  src/app/public/components/explore-users/explore-users.component.ts:11:16
    11   templateUrl: './explore-users.component.html',
                      ~~~~~~~~~~~~~~~~~~~~~~~~~~~~~~~~
    Error occurs in the template of component ExploreUsersComponent.


Error: src/app/public/components/explore-users/explore-users.component.html:3m12:48 - error NG8004: No pipe found with name 'translate'.

12        {{ 'PUBLIC_PAGE.RESUME_UPLOAD_BUTTON' | translate }}</button>
                                                  ~~~~~~~~~

  src/app/public/components/explore-users/explore-users.component.ts:11:16
    11   templateUrl: './explore-users.component.html',
                      ~~~~~~~~~~~~~~~~~~~~~~~~~~~~~~~~
    Error occurs in the template of component ExploreUsersComponent.


Error: src/app/public/employer-portal/employer-portal.component.html:11:5 - error NG8001: 'app-talent-proof-badge' is not a known element:
1. If 'app-talent-proof-badge' is an Angular component, then verify that it is part of this module.
2. If 'app-talent-proof-badge' is a Web Component then add 'CUSTOM_ELEMENTS_SCHEMA' to the '@NgModule.schemas' of this component to suppress this message.

11     <app-talent-proof-badge variant="card" placement="employer_portal_hero"></app-talent-proof-badge>
       ~~~~~~~~~~~~~~~~~~~~~~~~~~~~~~~~~~~~~~~~~~~~~~~~~~~~~~~~~~~~~~~~~~~~~~~~

  src/app/public/employer-portal/employer-portal.component.ts:10:16
    10   templateUrl: './employer-portal.component.html',
                      ~~~~~~~~~~~~~~~~~~~~~~~~~~~~~~~~~~
    Error occurs in the template of component EmployerPortalComponent.


Error: src/app/public/employer-portal/employer-portal.component.html:45:3 - error NG8001: 'app-portal-faq' is not a known element:
1. If 'app-portal-faq' is an Angular component, then verify that it is part of this module.
2. If 'app-portal-faq' is a Web Component then add 'CUSTOM_ELEMENTS_SCHEMA' to the '@NgModule.schemas' of this component to suppress this message.

45   <app-portal-faq [items]="faqItems"></app-portal-faq>
     ~~~~~~~~~~~~~~~~~~~~~~~~~~~~~~~~~~~

  src/app/public/employer-portal/employer-portal.component.ts:10:16
    10   templateUrl: './employer-portal.component.html',
                      ~~~~~~~~~~~~~~~~~~~~~~~~~~~~~~~~~~
    Error occurs in the template of component EmployerPortalComponent.


Error: src/app/public/employer-portal/employer-portal.component.html:45:19 - error NG8002: Can't bind to 'items' since it isn't a known property of 'app-portal-faq'.
1. If 'app-portal-faq' is an Angular component and it has 'items' input, then verify that it is part of this module.
2. If 'app-portal-faq' is a Web Component then add 'CUSTOM_ELEMENTS_SCHEMA' to the '@NgModule.schemas' of this component to suppress this message.
3. To allow any property add 'NO_ERRORS_SCHEMA' to the '@NgModule.schemas' of this component.

45   <app-portal-faq [items]="faqItems"></app-portal-faq>
                     ~~~~~~~~~~~~~~~~~~

  src/app/public/employer-portal/employer-portal.component.ts:10:16
    10   templateUrl: './employer-portal.component.html',
                      ~~~~~~~~~~~~~~~~~~~~~~~~~~~~~~~~~~
    Error occurs in the template of component EmployerPortalComponent.


Error: src/app/public/employer-portal/employer-portal.component.html:48:1 - error NG8001: 'app-portal-cta-band' is not a known element:
1. If 'app-portal-cta-band' is an Angular component, then verify that it is part of this module.
2. If 'app-portal-cta-band' is a Web Component then add 'CUSTOM_ELEMENTS_SCHEMA' to the '@NgModule.schemas' of this component to suppress this message.

 48 <app-portal-cta-band
    ~~~~~~~~~~~~~~~~~~~~
 49   title="Ready to start hiring?"
    ~~~~~~~~~~~~~~~~~~~~~~~~~~~~~~~~
... 
 51   primaryLabel="Create employer account"
    ~~~~~~~~~~~~~~~~~~~~~~~~~~~~~~~~~~~~~~~~
 52   (primaryClick)="startHiring()">
    ~~~~~~~~~~~~~~~~~~~~~~~~~~~~~~~~~

  src/app/public/employer-portal/employer-portal.component.ts:10:16
    10   templateUrl: './employer-portal.component.html',
                      ~~~~~~~~~~~~~~~~~~~~~~~~~~~~~~~~~~
    Error occurs in the template of component EmployerPortalComponent.


Error: src/app/public/job-seeker-portal/job-seeker-portal.component.html:14:9 - error NG8002: Can't bind to 'ngModel' since it isn't a known property of 'input'.

14         [(ngModel)]="keyword"
           ~~~~~~~~~~~~~~~~~~~~~

  src/app/public/job-seeker-portal/job-seeker-portal.component.ts:11:16
    11   templateUrl: './job-seeker-portal.component.html',
                      ~~~~~~~~~~~~~~~~~~~~~~~~~~~~~~~~~~~~
    Error occurs in the template of component JobSeekerPortalComponent.


Error: src/app/public/job-seeker-portal/job-seeker-portal.component.html:14:22 - error TS2322: Type 'Event' is not assignable to type 'string'.

14         [(ngModel)]="keyword"
                        ~~~~~~~~
15         name="keyword">
   ~~~~~~

  src/app/public/job-seeker-portal/job-seeker-portal.component.ts:11:16
    11   templateUrl: './job-seeker-portal.component.html',
                      ~~~~~~~~~~~~~~~~~~~~~~~~~~~~~~~~~~~~
    Error occurs in the template of component JobSeekerPortalComponent.


Error: src/app/public/job-seeker-portal/job-seeker-portal.component.html:40:3 - error NG8001: [0m'app-inline-loading' is not a known element:
1. If 'app-inline-loading' is an Angular component, then verify that it is part of this module.
2. If 'app-inline-loading' is a Web Component then add 'CUSTOM_ELEMENTS_SCHEMA' to the '@NgModule.schemas' of this component to suppress this message.

40   <app-inline-loading *ngIf="loading$ | async"></app-inline-loading>
     ~~~~~~~~~~~~~~~~~~~~~~~~~~~~~~~~~~~~~~~~~~~~~

  src/app/public/job-seeker-portal/job-seeker-portal.component.ts:11:16
    11   templateUrl: './job-seeker-portal.component.html',
                      ~~~~~~~~~~~~~~~~~~~~~~~~~~~~~~~~~~~~
    Error occurs in the template of component JobSeekerPortalComponent.


Error: src/app/public/job-seeker-portal/job-seeker-portal.component.html:44:7 - error NG8001: 'app-job-card' is not a known element:
1. If 'app-job-card' is an Angular component, then verify that it is part of this module.
2. If 'app-job-card' is a Web Component then add 'CUSTOM_ELEMENTS_SCHEMA' to the '@NgModule.schemas' of this component to suppress this message.

44       <app-job-card *ngFor="let job of jobs.slice(0, 3); let i = index" [data]="job" [i]="i"></app-job-card>
         ~~~~~~~~~~~~~~~~~~~~~~~~~~~~~~~~~~~~~~~~~~~~~~~~~~~~~~~~~~~~~~~~~~~~~~~~~~~~~~~~~~~~~~~

  src/app/public/job-seeker-portal/job-seeker-portal.component.ts:11:16
    11   templateUrl: './job-seeker-portal.component.html',
                      ~~~~~~~~~~~~~~~~~~~~~~~~~~~~~~~~~~~~
    Error occurs in the template of component JobSeekerPortalComponent.


Error: src/app/public/job-seeker-portal/job-seeker-portal.component.html:44:73 - error NG8002: Can't bind to 'data' since it isn't a known property of 'app-job-card'.
1. If 'app-job-card' is an Angular component and it has 'data' input, then verify that it is part of this module.
2. If 'app-job-card' is a Web Component then add 'CUSTOM_ELEMENTS_SCHEMA' to the '@NgModule.schemas' of this component to suppress this message.
3. To allow any property add 'NO_ERRORS_SCHEMA' to the '@NgModule.schemas' of this component.

44       <app-job-card *ngFor="let job of jobs.slice(0, 3); let i = index" [data]="job" [i]="i"></app-job-card>
                                                                           ~~~~~~~~~~~~

  src/app/public/job-seeker-portal/job-seeker-portal.component.ts:11:16
    11   templateUrl: './job-seeker-portal.component.html',
                      ~~~~~~~~~~~~~~~~~~~~~~~~~~~~~~~~~~~~
    Error occurs in the template of component JobSeekerPortalComponent.


Error: src/app/public/job-seeker-portal/job-seeker-portal.component.html:44:86 - error NG8002: Can't bind to 'i' since it isn't a known property of 'app-job-card'.
1. If 'app-job-card' is an Angular component and it has 'i' input, then verify that it is part of this module.
2. If 'app-job-card' is a Web Component then add 'CUSTOM_ELEMENTS_SCHEMA' to the '@NgModule.schemas' of this component to suppress this message.
3. To allow any property add 'NO_ERRORS_SCHEMA' to the '@NgModule.schemas' of this component.

44       <app-job-card *ngFor="let job of jobs.slice(0, 3); let i = index" [data]="job" [i]="i"></app-job-card>
                                                                                        ~~~~~~~

  src/app/public/job-seeker-portal/job-seeker-portal.component.ts:11:16
    11   templateUrl: './job-seeker-portal.component.html',
                      ~~~~~~~~~~~~~~~~~~~~~~~~~~~~~~~~~~~~
    Error occurs in the template of component JobSeekerPortalComponent.


Error: src/app/public/job-seeker-portal/job-seeker-portal.component.html:71:3 - error NG8001: 'app-portal-faq' is not a known element:
1. If 'app-portal-faq' is an Angular component, then verify that it is part of this module.
2. If 'app-portal-faq' is a Web Component then add 'CUSTOM_ELEMENTS_SCHEMA' to the '@NgModule.schemas' of this component to suppress this message.

71   <app-portal-faq [items]="faqItems"></app-portal-faq>
     ~~~~~~~~~~~~~~~~~~~~~~~~~~~~~~~~~~~

  src/app/public/job-seeker-portal/job-seeker-portal.component.ts:11:16
    11   templateUrl: './job-seeker-portal.component.html',
                      ~~~~~~~~~~~~~~~~~~~~~~~~~~~~~~~~~~~~
    Error occurs in the template of component JobSeekerPortalComponent.


Error: src/app/public/job-seeker-portal/job-seeker-portal.component.html:71:19 - error NG8002: Can't bind to 'items' since it isn't a known property of 'app-portal-faq'.
1. If 'app-portal-faq' is an Angular component and it has 'items' input, then verify that it is part of this module.
2. If 'app-portal-faq' is a Web Component then add 'CUSTOM_ELEMENTS_SCHEMA' to the '@NgModule.schemas' of this component to suppress this message.
3. To allow any property add 'NO_ERRORS_SCHEMA' to the '@NgModule.schemas' of this component.

71   <app-portal-faq [items]="faqItems"></app-portal-faq>
                     ~~~~~~~~~~~~~~~~~~

  src/app/public/job-seeker-portal/job-seeker-portal.component.ts:11:16
    11   templateUrl: './job-seeker-portal.component.html',
                      ~~~~~~~~~~~~~~~~~~~~~~~~~~~~~~~~~~~~
    Error occurs in the template of component JobSeekerPortalComponent.


Error: src/app/public/job-seeker-portal/job-seeker-portal.component.html:74:1 - error[90m NG8001: 'app-portal-cta-band' is not a known element:
1. If 'app-portal-cta-band' is an Angular component, then verify that it is part of this module.
2. If 'app-portal-cta-band' is a Web Component then add 'CUSTOM_ELEMENTS_SCHEMA' to the '@NgModule.schemas' of this component to suppress this message.

 74 <app-portal-cta-band
    ~~~~~~~~~~~~~~~~~~~~
 75   title="Ready to find your next role?"
    ~~~~~~~~~~~~~~~~~~~~~~~~~~~~~~~~~~~~~~~
... 
 79   (primaryClick)="createAccount()"
    ~~~~~~~~~~~~~~~~~~~~~~~~~~~~~~~~~~
 80   (secondaryClick)="goToJobs()">
    ~~~~~~~~~~~~~~~~~~~~~~~~~~~~~~~~

  src/app/public/job-seeker-portal/job-seeker-portal.component.ts:11:16
    11   templateUrl: './job-seeker-portal.component.html',
                      ~~~~~~~~~~~~~~~~~~~~~~~~~~~~~~~~~~~~
    Error occurs in the template of component JobSeekerPortalComponent.


Error: src/app/public/main-portal/main-portal.component.html:13:5 - error NG8001: 'app-role-card' is not a known element:
1. If 'app-role-card' is an Angular component, then verify that it is part of this module.
2. If 'app-role-card' is a Web Component then add 'CUSTOM_ELEMENTS_SCHEMA' to the '@NgModule.schemas' of this component to suppress this message.

 13     <app-role-card
        ~~~~~~~~~~~~~~
 14       icon="/assets/images/placeholder/icons/card-applicant-icon.png"
    ~~~~~~~~~~~~~~~~~~~~~~~~~~~~~~~~~~~~~~~~~~~~~~~~~~~~~~~~~~~~~~~~~~~~~
... 
 18       ariaLabel="Continue as Job Seeker"
    ~~~~~~~~~~~~~~~~~~~~~~~~~~~~~~~~~~~~~~~~
 19       (activated)="goToJobSeekerPortal()">
    ~~~~~~~~~~~~~~~~~~~~~~~~~~~~~~~~~~~~~~~~~~

  src/app/public/main-portal/main-portal.component.ts:14:16
    14   templateUrl: './main-portal.component.html',
                      ~~~~~~~~~~~~~~~~~~~~~~~~~~~~~~
    Error occurs in the template of component MainPortalComponent.


Error: src/app/public/main-portal/main-portal.component.html:22:5 - error NG8001: 'app-role-card' is not a known element:
1. If 'app-role-card' is an Angular component, then verify that it is part of this module.
2. If 'app-role-card' is a Web Component then add 'CUSTOM_ELEMENTS_SCHEMA' to the '@NgModule.schemas' of this component to suppress this message.

 22     <app-role-card
        ~~~~~~~~~~~~~~
 23       icon="/assets/images/placeholder/icons/card-interview-icon.png"
    ~~~~~~~~~~~~~~~~~~~~~~~~~~~~~~~~~~~~~~~~~~~~~~~~~~~~~~~~~~~~~~~~~~~~~
... 
 27       ariaLabel="Continue as Employer"
    ~~~~~~~~~~~~~~~~~~~~~~~~~~~~~~~~~~~~~~
 28       (activated)="goToEmployerPortal()">
    ~~~~~~~~~~~~~~~~~~~~~~~~~~~~~~~~~~~~~~~~~

  src/app/public/main-portal/main-portal.component.ts:14:16
    14   templateUrl: './main-portal.component.html',
                      ~~~~~~~~~~~~~~~~~~~~~~~~~~~~~~
    Error occurs in the template of component MainPortalComponent.


Error: src/app/public/main-portal/main-portal.component.html:35:5 - error NG8001: 'app-talent-proof-badge' is not a known element:
1. If 'app-talent-proof-badge' is an Angular component, then verify that it is part of this module.
2. If 'app-talent-proof-badge' is a Web Component then add 'CUSTOM_ELEMENTS_SCHEMA' to the '@NgModule.schemas' of this component to suppress this message.

35     <app-talent-proof-badge variant="pill" placement="main_portal_role_card"></app-talent-proof-badge>
       ~~~~~~~~~~~~~~~~~~~~~~~~~~~~~~~~~~~~~~~~~~~~~~~~~~~~~~~~~~~~~~~~~~~~~~~~~

  src/app/public/main-portal/main-portal.component.ts:14:16
    14   templateUrl: './main-portal.component.html',
                      ~~~~~~~~~~~~~~~~~~~~~~~~~~~~~~
    Error occurs in the template of component MainPortalComponent.


Error: src/app/public/main-portal/main-portal.component.html:55:1 - error NG8001: 'app-portal-cta-band' is not a known element:
1. If 'app-portal-cta-band' is an Angular component, then verify that it is part of this module.
2. If 'app-portal-cta-band' is a Web Component then add 'CUSTOM_ELEMENTS_SCHEMA' to the '@NgModule.schemas' of this component to suppress this message.

 55 <app-portal-cta-band
    ~~~~~~~~~~~~~~~~~~~~
 56   title="Ready to get started?"
    ~~~~~~~~~~~~~~~~~~~~~~~~~~~~~~~
... 
 60   (primaryClick)="goToJobs()"
    ~~~~~~~~~~~~~~~~~~~~~~~~~~~~~
 61   (secondaryClick)="goToEmployerPortal()">
    ~~~~~~~~~~~~~~~~~~~~~~~~~~~~~~~~~~~~~~~~~~

  src/app/public/main-portal/main-portal.component.ts:14:16
    14   templateUrl: './main-portal.component.html',
                      ~~~~~~~~~~~~~~~~~~~~~~~~~~~~~~
    Error occurs in the template of component MainPortalComponent.


Error: src/app/public/public-details/public-details.component.html:12:46 - error NG8004: No pipe found with name 'currency'.

12           {{selectedJobPost?.salaryMinimum | currency: selectedJobPost.salaryCurrency: 'symbol' }} -
                                                ~~~~~~~~

  src/app/public/public-details/public-details.component.ts:8:16
    8   templateUrl: './public-details.component.html',
                     ~~~~~~~~~~~~~~~~~~~~~~~~~~~~~~~~~
    Error occurs in the template of component PublicDetailsComponent.


Error: src/app/public/public-details/public-details.component.html:13:46 - error NG8004: No pipe found with name 'currency'.

13           {{selectedJobPost?.salaryMaximum | currency: selectedJobPost.salaryCurrency: 'symbol' }}
                                                ~~~~~~~~

  src/app/public/public-details/public-details.component.ts:8:16
    8   templateUrl: './public-details.component.html',
                     ~~~~~~~~~~~~~~~~~~~~~~~~~~~~~~~~~
    Error occurs in the template of component PublicDetailsComponent.


Error: src/app/public/public-details/public-details.component.html:23:7 - error NG8001: 'app-job-details-sidecard' is not a known element:
1. If 'app-job-details-sidecard' is an Angular component, then verify that it is part of this module.
2. If 'app-job-details-sidecard' is a Web Component then add 'CUSTOM_ELEMENTS_SCHEMA' to the '@NgModule.schemas' of this component to suppress this message.

23       <app-job-details-sidecard [data]="selectedJobPost" [company]="selectedJobPost" [screenSize]="screenSize">
         ~~~~~~~~~~~~~~~~~~~~~~~~~~~~~~~~~~~~~~~~~~~~~~~~~~~~~~~~~~~~~~~~~~~~~~~~~~~~~~~~~~~~~~~~~~~~~~~~~~~~~~~~~

  src/app/public/public-details/public-details.component.ts:8:16
    8   templateUrl: './public-details.component.html',
                     ~~~~~~~~~~~~~~~~~~~~~~~~~~~~~~~~~
    Error occurs in the template of component PublicDetailsComponent.


Error: src/app/public/public-details/public-details.component.html:23:33 - error NG8002: Can't bind to 'data' since it isn't a known property of 'app-job-details-sidecard'.
1. If 'app-job-details-sidecard' is an Angular component and it has 'data' input, then verify that it is part of this module.
2. If 'app-job-details-sidecard' is a Web Component then add 'CUSTOM_ELEMENTS_SCHEMA' to the '@NgModule.schemas' of this component to suppress this message.
3. To allow any property add 'NO_ERRORS_SCHEMA' to the '@NgModule.schemas' of this component.

23       <app-job-details-sidecard [data]="selectedJobPost" [company]="selectedJobPost" [screenSize]="screenSize">
                                   ~~~~~~~~~~~~~~~~~~~~~~~~

  src/app/public/public-details/public-details.component.ts:8:16
    8   templateUrl: './public-details.component.html',
                     ~~~~~~~~~~~~~~~~~~~~~~~~~~~~~~~~~
    Error occurs in the template of component PublicDetailsComponent.


Error: src/app/public/public-details/public-details.component.html:23:58 - error NG8002: Can't bind to 'company' since it isn't a known property of 'app-job-details-sidecard'.
1. If 'app-job-details-sidecard' is an Angular component and it has 'company' input, then verify that it is part of this module.
2. If 'app-job-details-sidecard' is a Web Component then add 'CUSTOM_ELEMENTS_SCHEMA' to the '@NgModule.schemas' of this component to suppress this message.
3. To allow any property add 'NO_ERRORS_SCHEMA' to the '@NgModule.schemas' of this component.

23       <app-job-details-sidecard [data]="selectedJobPost" [company]="selectedJobPost" [screenSize]="screenSize">
                                                            ~~~~~~~~~~~~~~~~~~~~~~~~~~~

  src/app/public/public-details/public-details.component.ts:8:16
    8   templateUrl: './public-details.component.html',
                     ~~~~~~~~~~~~~~~~~~~~~~~~~~~~~~~~~
    Error occurs in the template of component PublicDetailsComponent.


Error: src/app/public/public-details/public-details.component.html:23:86 - error NG8002: Can't bind to 'screenSize' since it isn't a known property of 'app-job-details-sidecard'.
1. If 'app-job-details-sidecard' is an Angular component and it has 'screenSize' input, then verify that it is part of this module.
2. If 'app-job-details-sidecard' is a Web Component then add 'CUSTOM_ELEMENTS_SCHEMA' to the '@NgModule.schemas' of this component to suppress this message.
3. To allow any property add 'NO_ERRORS_SCHEMA' to the '@NgModule.schemas' of this component.

23       <app-job-details-sidecard [data]="selectedJobPost" [company]="selectedJobPost" [screenSize]="screenSize">
                                                                                        ~~~~~~~~~~~~~~~~~~~~~~~~~

  src/app/public/public-details/public-details.component.ts:8:16
    8   templateUrl: './public-details.component.html',
                     ~~~~~~~~~~~~~~~~~~~~~~~~~~~~~~~~~
    Error occurs in the template of component PublicDetailsComponent.


Error: src/app/public/public-details/public-details.component.html:29:7 - error NG8001: 'app-application-process' is not a known element:
1. If 'app-application-process' is an Angular component, then verify that it is part of this module.
2. If 'app-application-process' is a Web Component then add 'CUSTOM_ELEMENTS_SCHEMA' to the '@NgModule.schemas' of this component to suppress this message.

29       <app-application-process *ngIf="isApplying" [job]="selectedJobPost" (apply)="apply($event)">
         ~~~~~~~~~~~~~~~~~~~~~~~~~~~~~~~~~~~~~~~~~~~~~~~~~~~~~~~~~~~~~~~~~~~~~~~~~~~~~~~~~~~~~~~~~~~~

  src/app/public/public-details/public-details.component.ts:8:16
    8   templateUrl: './public-details.component.html',
                     ~~~~~~~~~~~~~~~~~~~~~~~~~~~~~~~~~
    Error occurs in the template of component PublicDetailsComponent.


Error: src/app/public/public-details/public-details.component.html:29:51 - error NG8002: Can't bind to 'job' since it isn't a known property of 'app-application-process'.
1. If 'app-application-process' is an Angular component and it has 'job' input, then verify that it is part of this module.
2. If 'app-application-process' is a Web Component then add 'CUSTOM_ELEMENTS_SCHEMA' to the '@NgModule.schemas' of this component to suppress this message.
3. To allow any property add 'NO_ERRORS_SCHEMA' to the '@NgModule.schemas' of this component.

29       <app-application-process *ngIf="isApplying" [job]="selectedJobPost" (apply)="apply($event)">
                                                     ~~~~~~~~~~~~~~~~~~~~~~~

  src/app/public/public-details/public-details.component.ts:8:16
    8   templateUrl: './public-details.component.html',
                     ~~~~~~~~~~~~~~~~~~~~~~~~~~~~~~~~~
    Error occurs in the template of component PublicDetailsComponent.


Error: src/app/public/public-details/public-details.component.html:32:7 - error NG8001: 'app-job-posts-details' is not a known element:
1. If 'app-job-posts-details' is an Angular component, then verify that it is part of this module.
2. If 'app-job-posts-details' is a Web Component then add 'CUSTOM_ELEMENTS_SCHEMA' to the '@NgModule.schemas' of this component to suppress this message.

32       <app-job-posts-details [withBanner]="false" *ngIf="!isApplying" (apply)="apply($event)">
         ~~~~~~~~~~~~~~~~~~~~~~~~~~~~~~~~~~~~~~~~~~~~~~~~~~~~~~~~~~~~~~~~~~~~~~~~~~~~~~~~~~~~~~~~

  src/app/public/public-details/public-details.component.ts:8:16
    8   templateUrl: './public-details.component.html',
                     ~~~~~~~~~~~~~~~~~~~~~~~~~~~~~~~~~
    Error occurs in the template of component PublicDetailsComponent.


Error: src/app/public/public-details/public-details.component.html:32:30 - error NG8002: Can't bind to 'withBanner' since it isn't a known property of 'app-job-posts-details'.
1. If 'app-job-posts-details' is an Angular component and it has 'withBanner' input, then verify that it is part of this module.
2. If 'app-job-posts-details' is a Web Component then add 'CUSTOM_ELEMENTS_SCHEMA' to the '@NgModule.schemas' of this component to suppress this message.
3. To allow any property add 'NO_ERRORS_SCHEMA' to the '@NgModule.schemas' of this component.

32       <app-job-posts-details [withBanner]="false" *ngIf="!isApplying" (apply)="apply($event)">
                                ~~~~~~~~~~~~~~~~~~~~

  src/app/public/public-details/public-details.component.ts:8:16
    8   templateUrl: './public-details.component.html',
                     ~~~~~~~~~~~~~~~~~~~~~~~~~~~~~~~~~
    Error occurs in the template of component PublicDetailsComponent.


Error: src/app/public/public-list/public-list.component.html:2:1 - error NG8001: 'app-public-banner' is not a known element:
1. If 'app-public-banner' is an Angular component, then verify that it is part of this module.
2. If 'app-public-banner' is a Web Component then add 'CUSTOM_ELEMENTS_SCHEMA' to the '@NgModule.schemas' of this component to suppress this message.

2 <app-public-banner [screenSize]="screenSize"></app-public-banner>
  ~~~~~~~~~~~~~~~~~~~~~~~~~~~~~~~~~~~~~~~~~~~~~

  src/app/public/public-list/public-list.component.ts:5:16
    5   templateUrl: './public-list.component.html',
                     ~~~~~~~~~~~~~~~~~~~~~~~~~~~~~~
    Error occurs in the template of component PublicListComponent.


Error: src/app/public/public-list/public-list.component.html:2:20 - error NG8002: Can't bind to 'screenSize' since it isn't a known property of 'app-public-banner'.
1. If 'app-public-banner' is an Angular component and it has 'screenSize' input, then verify that it is part of this module.
2. If 'app-public-banner' is a Web Component then add 'CUSTOM_ELEMENTS_SCHEMA' to the '@NgModule.schemas' of this component to suppress this message.
3. To allow any property add 'NO_ERRORS_SCHEMA' to the '@NgModule.schemas' of this component.

2 <app-public-banner [screenSize]="screenSize"></app-public-banner>
                     ~~~~~~~~~~~~~~~~~~~~~~~~~

  src/app/public/public-list/public-list.component.ts:5:16
    5   templateUrl: './public-list.component.html',
                     ~~~~~~~~~~~~~~~~~~~~~~~~~~~~~~
    Error occurs in the template of component PublicListComponent.


Error: src/app/public/public-list/public-list.component.html:5:1 - error NG8001: 'app-public-companies-recommended' is not a known element:
1. If 'app-public-companies-recommended' is an Angular component, then verify that it is part of this module.
2. If 'app-public-companies-recommended' is a Web Component then add 'CUSTOM_ELEMENTS_SCHEMA' to the '@NgModule.schemas' of this component to suppress this message.

5 <app-public-companies-recommended></app-public-companies-recommended>
  ~~~~~~~~~~~~~~~~~~~~~~~~~~~~~~~~~~

  src/app/public/public-list/public-list.component.ts:5:16
    5   templateUrl: './public-list.component.html',
                     ~~~~~~~~~~~~~~~~~~~~~~~~~~~~~~
    Error occurs in the template of component PublicListComponent.


Error: src/app/public/public-list/public-list.component.html:12:5 - error NG8001: 'app-job-board-employer-cta' is not a known element:
1. If 'app-job-board-employer-cta' is an Angular component, then verify that it is part of this module.
2. If 'app-job-board-employer-cta' is a Web Component then add 'CUSTOM_ELEMENTS_SCHEMA' to the '@NgModule.schemas' of this component to suppress this message.

12     <app-job-board-employer-cta></app-job-board-employer-cta>
       ~~~~~~~~~~~~~~~~~~~~~~~~~~~~

  src/app/public/public-list/public-list.component.ts:5:16
    5   templateUrl: './public-list.component.html',
                     ~~~~~~~~~~~~~~~~~~~~~~~~~~~~~~
    Error occurs in the template of component PublicListComponent.


Error: src/app/public/public-list/public-list.component.html:14:5 - error NG8001: 'app-job-posts-list' is not a known element:
1. If 'app-job-posts-list' is an Angular component, then verify that it is part of this module.
2. If 'app-job-posts-list' is a Web Component then add 'CUSTOM_ELEMENTS_SCHEMA' to the '@NgModule.schemas' of this component to suppress this message.

14     <app-job-posts-list label="{{ 'PUBLIC_PAGE.JOB_POST_SECTION_MESSAGE' | translate }}"></app-job-posts-list>
       ~~~~~~~~~~~~~~~~~~~~~~~~~~~~~~~~~~~~~~~~~~~~~~~~~~~~~~~~~~~~~~~~~~~~~~~~~~~~~~~~~~~~~

  src/app/public/public-list/public-list.component.ts:5:16
    5   templateUrl: './public-list.component.html',
                     ~~~~~~~~~~~~~~~~~~~~~~~~~~~~~~
    Error occurs in the template of component PublicListComponent.


Error: src/app/public/public-list/public-list.component.html:14:25 - error NG8002: Can't bind to 'label' since it isn't a known property of 'app-job-posts-list'.
1. If 'app-job-posts-list' is an Angular component and it has 'label' input, then verify that it is part of this module.
2. If 'app-job-posts-list' is a Web Component then add 'CUSTOM_ELEMENTS_SCHEMA' to the '@NgModule.schemas' of this component to suppress this message.
3. To allow any property add 'NO_ERRORS_SCHEMA' to the '@NgModule.schemas' of this component.

14     <app-job-posts-list label="{{ 'PUBLIC_PAGE.JOB_POST_SECTION_MESSAGE' | translate }}"></app-job-posts-list>
                           ~~~~~~~~~~~~~~~~~~~~~~~~~~~~~~~~~~~~~~~~~~~~~~~~~~~~~~~~~~~~~~~~

  src/app/public/public-list/public-list.component.ts:5:16
    5   templateUrl: './public-list.component.html',
                     ~~~~~~~~~~~~~~~~~~~~~~~~~~~~~~
    Error occurs in the template of component PublicListComponent.


Error: src/app/public/public-list/public-list.component.html:14:76 - error NG8004: No pipe found with name 'translate'.

14     <app-job-posts-list label="{{ 'PUBLIC_PAGE.JOB_POST_SECTION_MESSAGE' | translate }}"></app-job-posts-list>
                                                                              ~~~~~~~~~

  src/app/public/public-list/public-list.component.ts:5:16
    5   templateUrl: './public-list.component.html',
                     ~~~~~~~~~~~~~~~~~~~~~~~~~~~~~~
    Error occurs in the template of component PublicListComponent.


Error: src/app/public/public-list/public-list.component.html:18:1 - error NG8001: 'app-public-explore-users' is not a known element:
1. If 'app-public-explore-users' is an Angular component, then verify that it is part of this module.
2. If 'app-public-explore-users' is a Web Component then add 'CUSTOM_ELEMENTS_SCHEMA' to the '@NgModule.schemas' of this component to suppress this message.

18 <app-public-explore-users [userRole]="userRole"></app-public-explore-users>
   ~~~~~~~~~~~~~~~~~~~~~~~~~~~~~~~~~~~~~~~~~~~~~~~~

  src/app/public/public-list/public-list.component.ts:5:16
    5   templateUrl: './public-list.component.html',
                     ~~~~~~~~~~~~~~~~~~~~~~~~~~~~~~
    Error occurs in the template of component PublicListComponent.


Error: src/app/public/public-list/public-list.component.html:18:27 - error NG8002: Can't bind to 'userRole' since it isn't a known property of 'app-public-explore-users'.
1. If 'app-public-explore-users' is an Angular component and it has 'userRole' input, then verify that it is part of this module.
2. If 'app-public-explore-users' is a Web Component then add 'CUSTOM_ELEMENTS_SCHEMA' to the '@NgModule.schemas' of this component to suppress this message.
3. To allow any property add 'NO_ERRORS_SCHEMA' to the '@NgModule.schemas' of this component.

18 <app-public-explore-users [userRole]="userRole"></app-public-explore-users>
                             ~~~~~~~~~~~~~~~~~~~~~

  src/app/public/public-list/public-list.component.ts:5:16
    5   templateUrl: './public-list.component.html',
                     ~~~~~~~~~~~~~~~~~~~~~~~~~~~~~~
    Error occurs in the template of component PublicListComponent.


Error: src/app/public/public-search/public-search.component.html:1:34 - error NG8002: Can't bind to 'ngClass' since it isn't a known property of 'div'.

1 <div class="container-fluid p-0" [ngClass]="loggedUser ? '' : ''">
                                   ~~~~~~~~~~~~~~~~~~~~~~~~~~~~~~~~

  src/app/public/public-search/public-search.component.ts:13:16
    13   templateUrl: './public-search.component.html',
                      ~~~~~~~~~~~~~~~~~~~~~~~~~~~~~~~~
    Error occurs in the template of component PublicSearchComponent.


Error: src/app/public/public-search/public-search.component.html:5:4 - error NG8002: Can't bind to 'ngClass' since it isn't a known property of 'div'.

5    [ngClass]="screenSize > 1500 ? ' col-lg-11' : 'col-lg-11'"
     ~~~~~~~~~~~~~~~~~~~~~~~~~~~~~~~~~~~~~~~~~~~~~~~~~~~~~~~~~~

  src/app/public/public-search/public-search.component.ts:13:16
    13   templateUrl: './public-search.component.html',
                      ~~~~~~~~~~~~~~~~~~~~~~~~~~~~~~~~
    Error occurs in the template of component PublicSearchComponent.


Error: src/app/public/public-search/public-search.component.html:8:25 - error NG8002: Can't bind to 'ngClass' since it isn't a known property of 'div'.

8      <div class="me-3 " [ngClass]="loggedUser ? 'search-key-2' : 'search-key'">
                          ~~~~~~~~~~~~~~~~~~~~~~~~~~~~~~~~~~~~~~~~~~~~~~~~~~~~~~

  src/app/public/public-search/public-search.component.ts:13:16
    13   templateUrl: './public-search.component.html',
                      ~~~~~~~~~~~~~~~~~~~~~~~~~~~~~~~~
    Error occurs in the template of component PublicSearchComponent.


Error: src/app/public/public-search/public-search.component.html:10:7 - error NG8002: Can't bind to 'ngModel' since it isn't a known property of 'input'.

10       [(ngModel)]="keyword">
         ~~~~~~~~~~~~~~~~~~~~~

  src/app/public/public-search/public-search.component.ts:13:16
    13   templateUrl: './public-search.component.html',
                      ~~~~~~~~~~~~~~~~~~~~~~~~~~~~~~~~
    Error occurs in the template of component PublicSearchComponent.


Error: src/app/public/public-search/public-search.component.html:10:20 - error TS2322: Type 'Event' is not assignable to type 'string'.

10       [(ngModel)]="keyword">
                      ~~~~~~~~~
11      </div>
   ~~~~

  src/app/public/public-search/public-search.component.ts:13:16
    13   templateUrl: './public-search.component.html',
                      ~~~~~~~~~~~~~~~~~~~~~~~~~~~~~~~~
    Error occurs in the template of component PublicSearchComponent.


Error: src/app/public/public-search/public-search.component.html:16:11 - error NG8002: Can't bind to 'ngModel' since it isn't a known property of 'select'.

16           [(ngModel)]="work_setup">
             ~~~~~~~~~~~~~~~~~~~~~~~~

  src/app/public/public-search/public-search.component.ts:13:16
    13   templateUrl: './public-search.component.html',
                      ~~~~~~~~~~~~~~~~~~~~~~~~~~~~~~~~
    Error occurs in the template of component PublicSearchComponent.


Error: src/app/public/public-search/public-search.component.html:16:24 - error TS2322: Type 'Event' is not assignable to type 'string'.

16           [(ngModel)]="work_setup">
                          ~~~~~~~~~~~~
17             <option selected>Work Setup</option>
   ~~~~

  src/app/public/public-search/public-search.component.ts[0m:13:16
    13   templateUrl: './public-search.component.html',
                      ~~~~~~~~~~~~~~~~~~~~~~~~~~~~~~~~
    Error occurs in the template of component PublicSearchComponent.


Error: src/app/public/public-search/public-search.component.html:28:11 - error NG8002: Can't bind to 'ngModel' since it isn't a known property of 'select'.

28           [(ngModel)]="job_type">
             ~~~~~~~~~~~~~~~~~~~~~~

  src/app/public/public-search/public-search.component.ts:13:16
    13   templateUrl: './public-search.component.html',
                      ~~~~~~~~~~~~~~~~~~~~~~~~~~~~~~~~
    Error occurs in the template of component PublicSearchComponent.


Error: src/app/public/public-search/public-search.component.html:28:24 - error TS2322: Type 'Event' is not assignable to type 'string'.

28           [(ngModel)]="job_type">
                          ~~~~~~~~~~
29             <option selected>Job Type</option>
   ~~~~

  src/app/public/public-search/public-search.component.ts:13:16
    13   templateUrl: './public-search.component.html',
                      ~~~~~~~~~~~~~~~~~~~~~~~~~~~~~~~~
    Error occurs in the template of component PublicSearchComponent.


Error: src/app/public/public-search/public-search.component.html:53:5 - error NG8001: 'app-job-posts-list' is not a known element:
1. If 'app-job-posts-list' is an Angular component, then verify that it is part of this module.
2. If 'app-job-posts-list' is a Web Component then add 'CUSTOM_ELEMENTS_SCHEMA' to the '@NgModule.schemas' of this component to suppress this message.

53     <app-job-posts-list [label]="'Jobs Search Result'"
       ~~~~~~~~~~~~~~~~~~~~~~~~~~~~~~~~~~~~~~~~~~~~~~~~~~
54     [searchData]="jobSearch"
   ~~~~~~~~~~~~~~~~~~~~~~~~~~~~
55     [fromSearch]="true"
   ~~~~~~~~~~~~~~~~~~~~~~~
56     [subLabel]="'List of available jobs based on current search keywords'"></app-job-posts-list>
   ~~~~~~~~~~~~~~~~~~~~~~~~~~~~~~~~~~~~~~~~~~~~~~~~~~~~~~~~~~~~~~~~~~~~~~~~~~~

  src/app/public/public-search/public-search.component.ts:13:16
    13   templateUrl: './public-search.component.html',
                      ~~~~~~~~~~~~~~~~~~~~~~~~~~~~~~~~
    Error occurs in the template of component PublicSearchComponent.


Error: src/app/public/public-search/public-search.component.html:53:25 - error NG8002: Can't bind to 'label' since it isn't a known property of 'app-job-posts-list'.
1. If 'app-job-posts-list' is an Angular component and it has 'label' input, then verify that it is part of this module.
2. If 'app-job-posts-list' is a Web Component then add 'CUSTOM_ELEMENTS_SCHEMA' to the '@NgModule.schemas' of this component to suppress this message.
3. To allow any property add 'NO_ERRORS_SCHEMA' to the '@NgModule.schemas' of this component.

53     <app-job-posts-list [label]="'Jobs Search Result'"
                           ~~~~~~~~~~~~~~~~~~~~~~~~~~~~~~

  src/app/public/public-search/public-search.component.ts:13:16
    13   templateUrl: './public-search.component.html',
                      ~~~~~~~~~~~~~~~~~~~~~~~~~~~~~~~~
    Error occurs in the template of component PublicSearchComponent.


Error: src/app/public/public-search/public-search.component.html:54:5 - error NG8002: Can't bind to 'searchData' since it isn't a known property of 'app-job-posts-list'.
1. If 'app-job-posts-list' is an Angular component and it has 'searchData' input, then verify that it is part of this module.
2. If 'app-job-posts-list' is a Web Component then add 'CUSTOM_ELEMENTS_SCHEMA' to the '@NgModule.schemas' of this component to suppress this message.
3. To allow any property add 'NO_ERRORS_SCHEMA' to the '@NgModule.schemas' of this component.

54     [searchData]="jobSearch"
       ~~~~~~~~~~~~~~~~~~~~~~~~

  src/app/public/public-search/public-search.component.ts:13:16
    13   templateUrl: './public-search.component.html',
                      ~~~~~~~~~~~~~~~~~~~~~~~~~~~~~~~~
    Error occurs in the template of component PublicSearchComponent.


Error: src/app/public/public-search/public-search.component.html:55:5 - error NG8002: Can't bind to 'fromSearch' since it isn't a known property of 'app-job-posts-list'.
1. If 'app-job-posts-list' is an Angular component and it has 'fromSearch' input, then verify that it is part of this module.
2. If 'app-job-posts-list' is a Web Component then add 'CUSTOM_ELEMENTS_SCHEMA' to the '@NgModule.schemas' of this component to suppress this message.
3. To allow any property add 'NO_ERRORS_SCHEMA' to the '@NgModule.schemas' of this component.

55     [fromSearch]="true"
       ~~~~~~~~~~~~~~~~~~~

  src/app/public/public-search/public-search.component.ts:13:16
    13   templateUrl: './public-search.component.html',
                      ~~~~~~~~~~~~~~~~~~~~~~~~~~~~~~~~
    Error occurs in the template of component PublicSearchComponent.


Error: src/app/public/public-search/public-search.component.html:56:5 - error NG8002: Can't bind to 'subLabel' since it isn't a known property of 'app-job-posts-list'.
1. If 'app-job-posts-list' is an Angular component and it has 'subLabel' input, then verify that it is part of this module.
2. If 'app-job-posts-list' is a Web Component then add 'CUSTOM_ELEMENTS_SCHEMA' to the '@NgModule.schemas' of this component to suppress this message.
3. To allow any property add 'NO_ERRORS_SCHEMA' to the '@NgModule.schemas' of this component.

56     [subLabel]="'List of available jobs based on current search keywords'"></app-job-posts-list>
       ~~~~~~~~~~~~~~~~~~~~~~~~~~~~~~~~~~~~~~~~~~~~~~~~~~~~~~~~~~~~~~~~~~~~~~

  src/app/public/public-search/public-search.component.ts:13:16
    13   templateUrl: './public-search.component.html',
                      ~~~~~~~~~~~~~~~~~~~~~~~~~~~~~~~~
    Error occurs in the template of component PublicSearchComponent.


Error: src/app/public/public.component.html:2:3 - error NG8001: 'app-header' is not a known element:
1. If 'app-header' is an Angular component, then verify that it is part of this module.
2. If 'app-header' is a Web Component then add 'CUSTOM_ELEMENTS_SCHEMA' to the '@NgModule.schemas' of this component to suppress this message.

2   <app-header [isPublic]="true"
    ~~~~~~~~~~~~~~~~~~~~~~~~~~~~~
3         [isUserLoggedIn]="isUserLoggedIn" [user]="user"></app-header>
  ~~~~~~~~~~~~~~~~~~~~~~~~~~~~~~~~~~~~~~~~~~~~~~~~~~~~~~~~

  src/app/public/public.component.ts:6:16
    6   templateUrl: './public.component.html',
                     ~~~~~~~~~~~~~~~~~~~~~~~~~
    Error occurs in the template of component PublicComponent.


Error: src/app/public/public.component.html:2:15 - error NG8002: Can't bind to 'isPublic' since it isn't a known property of 'app-header'.
1. If 'app-header' is an Angular component and it has 'isPublic' input, then verify that it is part of this module.
2. If 'app-header' is a Web Component then add 'CUSTOM_ELEMENTS_SCHEMA' to the '@NgModule.schemas' of this component to suppress this message.
3. To allow any property add 'NO_ERRORS_SCHEMA' to the '@NgModule.schemas' of this component.

2   <app-header [isPublic]="true"
                ~~~~~~~~~~~~~~~~~

  src/app/public/public.component.ts:6:16
    6   templateUrl: './public.component.html',
                     ~~~~~~~~~~~~~~~~~~~~~~~~~
    Error occurs in the template of component PublicComponent.


Error: src/app/public/public.component.html:3:9 - error NG8002: Can't bind to 'isUserLoggedIn' since it isn't a known property of 'app-header'.
1. If 'app-header' is an Angular component and it has 'isUserLoggedIn' input, then verify that it is part of this module.
2. If 'app-header' is a Web Component then add 'CUSTOM_ELEMENTS_SCHEMA' to the '@NgModule.schemas' of this component to suppress this message.
3. To allow any property add 'NO_ERRORS_SCHEMA' to the '@NgModule.schemas' of this component.

3         [isUserLoggedIn]="isUserLoggedIn" [user]="user"></app-header>
          ~~~~~~~~~~~~~~~~~~~~~~~~~~~~~~~~~

  src/app/public/public.component.ts:6:16
    6   templateUrl: './public.component.html',
                     ~~~~~~~~~~~~~~~~~~~~~~~~~
    Error occurs in the template of component PublicComponent.


Error: src/app/public/public.component.html:3:43 - error NG8002: Can't bind to 'user' since it isn't a known property of 'app-header'.
1. If 'app-header' is an Angular component and it has 'user' input, then verify that it is part of this module.
2. If 'app-header' is a Web Component then add 'CUSTOM_ELEMENTS_SCHEMA' to the '@NgModule.schemas' of this component to suppress this message.
3. To allow any property add 'NO_ERRORS_SCHEMA' to the '@NgModule.schemas' of this component.

3         [isUserLoggedIn]="isUserLoggedIn" [user]="user"></app-header>
                                            ~~~~~~~~~~~~~

  src/app/public/public.component.ts:6:16
    6   templateUrl: './public.component.html',
                     ~~~~~~~~~~~~~~~~~~~~~~~~~
    Error occurs in the template of component PublicComponent.


Error: src/app/public/public.component.html:7:3 - error NG8001: 'router-outlet' is not a known element:
1. If 'router-outlet' is an Angular component, then verify that it is part of this module.
2. If 'router-outlet' is a Web Component then add 'CUSTOM_ELEMENTS_SCHEMA' to the '@NgModule.schemas' of this component to suppress this message.

7   <router-outlet></router-outlet>
    ~~~~~~~~~~~~~~~

  src/app/public/public.component.ts:6:16
    6   templateUrl: './public.component.html',
                     ~~~~~~~~~~~~~~~~~~~~~~~~~
    Error occurs in the template of component PublicComponent.


Error: src/app/public/public.component.html:10:1 - error NG8001: 'app-footer' is not a known element:
1. If 'app-footer' is an Angular component, then verify that it is part of this module.
2. If 'app-footer' is a Web Component then add 'CUSTOM_ELEMENTS_SCHEMA' to the '@NgModule.schemas' of this component to suppress this message.

10 <app-footer></app-footer>
   ~~~~~~~~~~~~

  src/app/public/public.component.ts:6:16
    6   templateUrl: './public.component.html',
                     ~~~~~~~~~~~~~~~~~~~~~~~~~
    Error occurs in the template of component PublicComponent.


Error: src/app/public/public.module.ts:23:43 - error TS2307: Cannot find module './shared/talent-proof-badge/talent-proof-badge.component' or its corresponding type declarations.

23 import { TalentProofBadgeComponent } from './shared/talent-proof-badge/talent-proof-badge.component';
                                             ~~~~~~~~~~~~~~~~~~~~~~~~~~~~~~~~~~~~~~~~~~~~~~~~~~~~~~~~~~


Error: src/app/public/public.module.ts:50:17 - error NG1010: Value at position 12 in the NgModule.declarations of PublicModule is not a reference
  Value could not be determined statically.

 50   declarations: [
                    ~
 51     PublicComponent,
    ~~~~~~~~~~~~~~~~~~~~
... 
 64     JobBoardEmployerCtaComponent
    ~~~~~~~~~~~~~~~~~~~~~~~~~~~~~~~~
 65   ],
    ~~~

  src/app/public/public.module.ts:63:5
    63     TalentProofBadgeComponent,
           ~~~~~~~~~~~~~~~~~~~~~~~~~
    Unknown reference.


Error: src/app/public/services/talent-proof.service.ts:17:5 - error TS2322: Type '{ registeredJobSeekersDisplay: string; registeredJobSeekersRaw: null; registeredJobSeekersVerified: boolean; registeredJobSeekersSource: string; registeredJobSeekersVerifiedAt: null; displayLabel: string; fallbackLabel: string; }' is not assignable to type 'TalentProofStats'.
  Object literal may only specify known properties, but 'registeredJobSeekersRaw' does not exist in type 'TalentProofStats'. Did you mean to write 'registeredJobSeekersLabel'?

17     registeredJobSeekersRaw: null,
       ~~~~~~~~~~~~~~~~~~~~~~~~~~~~~


Error: src/app/public/services/talent-proof.service.ts:33:20 - error TS2551: Property 'registeredJobSeekersVerified' does not exist on type 'TalentProofStats'. Did you mean 'registeredJobSeekersNumber'?

33     if (this.stats.registeredJobSeekersVerified) {
                      ~~~~~~~~~~~~~~~~~~~~~~~~~~~~

  src/app/public/services/talent-proof.model.ts:34:3
    34   registeredJobSeekersNumber: number | null;
         ~~~~~~~~~~~~~~~~~~~~~~~~~~
    'registeredJobSeekersNumber' is declared here.


Error: src/app/public/services/talent-proof.service.ts:34:70 - error TS2339: Property 'displayLabel' does not exist on type 'TalentProofStats'.

34       return `${this.stats.registeredJobSeekersDisplay} ${this.stats.displayLabel}`;
                                                                        ~~~~~~~~~~~~


Error: src/app/public/services/talent-proof.service.ts:36:23 - error TS2339: Property 'fallbackLabel' does not exist on type 'TalentProofStats'.

36     return this.stats.fallbackLabel;
                         ~~~~~~~~~~~~~


Error: src/app/public/services/talent-proof.service.ts:42:20 - error TS2551: Property 'registeredJobSeekersVerified' does not exist on type 'TalentProofStats'. Did you mean 'registeredJobSeekersNumber'?

42     if (this.stats.registeredJobSeekersVerified && this.stats.registeredJobSeekersRaw) {
                      ~~~~~~~~~~~~~~~~~~~~~~~~~~~~

  src/app/public/services/talent-proof.model.ts:34:3
    34   registeredJobSeekersNumber: number | null;
         ~~~~~~~~~~~~~~~~~~~~~~~~~~
    'registeredJobSeekersNumber' is declared here.


Error: src/app/public/services/talent-proof.service.ts:42:63 - error TS2551: Property 'registeredJobSeekersRaw' does not exist on type 'TalentProofStats'. Did you mean 'registeredJobSeekersLabel'?

42     if (this.stats.registeredJobSeekersVerified && this.stats.registeredJobSeekersRaw) {
                                                                 ~~~~~~~~~~~~~~~~~~~~~~~

  src/app/public/services/talent-proof.model.ts:35:3
    35   registeredJobSeekersLabel: string;
         ~~~~~~~~~~~~~~~~~~~~~~~~~
    'registeredJobSeekersLabel' is declared here.


Error: src/app/public/services/talent-proof.service.ts:43:38 - error TS2551: Property 'registeredJobSeekersRaw' does not exist on type 'TalentProofStats'. Did you mean 'registeredJobSeekersLabel'?

43       return `More than ${this.stats.registeredJobSeekersRaw.toLocaleString()} registered job seekers in the Philippines.`;
                                        ~~~~~~~~~~~~~~~~~~~~~~~

  src/app/public/services/talent-proof.model.ts:35:3
    35   registeredJobSeekersLabel: string;
         ~~~~~~~~~~~~~~~~~~~~~~~~~
    'registeredJobSeekersLabel' is declared here.


Error: src/app/public/services/talent-proof.service.ts:49:23 - error TS2551: Property 'registeredJobSeekersVerified' does not exist on type 'TalentProofStats'. Did you mean 'registeredJobSeekersNumber'?

49     return this.stats.registeredJobSeekersVerified;
                         ~~~~~~~~~~~~~~~~~~~~~~~~~~~~

  src/app/public/services/talent-proof.model.ts:34:3
    34   registeredJobSeekersNumber: number | null;
         ~~~~~~~~~~~~~~~~~~~~~~~~~~
    'registeredJobSeekersNumber' is declared here.



√ Browser application bundle generation complete.

./src/app/public/public.module.ts:24:0-101 - Error: Module not found: Error: Can't resolve './shared/talent-proof-badge/talent-proof-badge.component' in 'C:\Users\paulg\OneDrive\Desktop\Gethired\get-hired-FE\src\app\public'

Error: src/app/public/components/banner/banner.component.html:1:35 - error NG8002: Can't bind to 'ngClass' since it isn't a known property of 'div'.

1 <div class="container-fluid px-5" [ngClass]="loggedUser ? 'pe-3' : ''">
                                    ~~~~~~~~~~~~~~~~~~~~~~~~~~~~~~~~~~~~

  src/app/public/components/banner/banner.component.ts:13:16
    13   templateUrl: './banner.component.html',
                      ~~~~~~~~~~~~~~~~~~~~~~~~~
    Error occurs in the template of component BannerComponent.


Error: src/app/public/components/banner/banner.component.html:4:3 - error NG8002: Can't bind to 'ngClass' since it isn't a known property of 'div'.

4   [ngClass]="loggedUser ? 'col-12 col-lg-10' : 'col-12 col-lg-12'">
    ~~~~~~~~~~~~~~~~~~~~~~~~~~~~~~~~~~~~~~~~~~~~~~~~~~~~~~~~~~~~~~~~

  src/app/public/components/banner/banner.component.ts:13:16
    13   templateUrl: './banner.component.html',
                      ~~~~~~~~~~~~~~~~~~~~~~~~~
    Error occurs in the template of component BannerComponent.


Error: src/app/public/components/banner/banner.component.html:21:4 - error NG8002: Can't bind to 'ngClass' since it isn't a known property of 'div'.

21    [ngClass]="screenSize > 1500 ? ' col-lg-10' : 'col-lg-11'"
      ~~~~~~~~~~~~~~~~~~~~~~~~~~~~~~~~~~~~~~~~~~~~~~~~~~~~~~~~~~

  src/app/public/components/banner/banner.component.ts:13:16
    13   templateUrl: './banner.component.html',
                      ~~~~~~~~~~~~~~~~~~~~~~~~~
    Error occurs in the template of component BannerComponent.


Error: src/app/public/components/banner/banner.component.html:24:25 - error NG8002: Can't bind to 'ngClass' since it isn't a known property of 'div'.

24      <div class="me-3 " [ngClass]="loggedUser ? 'search-key-2' : 'search-key'">
                           ~~~~~~~~~~~~~~~~~~~~~~~~~~~~~~~~~~~~~~~~~~~~~~~~~~~~~~

  src/app/public/components/banner/banner.component.ts:13:16
    13   templateUrl: './banner.component.html',
                      ~~~~~~~~~~~~~~~~~~~~~~~~~
    Error occurs in the template of component BannerComponent.


Error: src/app/public/components/banner/banner.component.html:25:95 - error NG8004: No pipe found with name 'translate'.

25       <input type="text" class="form-control" placeholder="{{ 'PUBLIC_PAGE.KEYWORD_TEXTBOX' | translate }}"
                                                                                                 ~~~~~~~~~

  src/app/public/components/banner/banner.component.ts:13:16
    13   templateUrl: './banner.component.html',
                      ~~~~~~~~~~~~~~~~~~~~~~~~~
    Error occurs in the template of component BannerComponent.


Error: src/app/public/components/banner/banner.component.html:26:7 - error NG8002: Can't bind to 'ngModel' since it isn't a known property of 'input'.

26       [(ngModel)]="keyword">
         ~~~~~~~~~~~~~~~~~~~~~

  src/app/public/components/banner/banner.component.ts:13:16
    13   templateUrl: './banner.component.html',
                      ~~~~~~~~~~~~~~~~~~~~~~~~~
    Error occurs in the template of component BannerComponent.


Error: src/app/public/components/banner/banner.component.html:26:20 - error TS2322: Type 'Event' is not assignable to type 'string'.

26       [(ngModel)]="keyword">
                      ~~~~~~~~~
27      </div>
   ~~~~

  src/app/public/components/banner/banner.component.ts:13:16
    13   templateUrl: './banner.component.html',
                      ~~~~~~~~~~~~~~~~~~~~~~~~~
    Error occurs in the template of component BannerComponent.


Error: src/app/public/components/banner/banner.component.html:32:11 - error NG8002: Can't bind to 'ngModel' since it isn't a known property of 'select'.

32           [(ngModel)]="work_setup">
             ~~~~~~~~~~~~~~~~~~~~~~~~

  src/app/public/components/banner/banner.component.ts:13:16
    13   templateUrl: './banner.component.html',
                      ~~~~~~~~~~~~~~~~~~~~~~~~~
    Error occurs in the template of component BannerComponent.


Error: src/app/public/components/banner/banner.component.html:32:24 - error TS2322: Type 'Event' is not assignable to type 'string'.

32           [(ngModel)]="work_setup">
                          ~~~~~~~~~~~~
33             <option selected>{{ 'PUBLIC_PAGE.WORK_SETUP_SELECTOR' | translate }}</option>
   ~~~~

  src/app/public/components/banner/banner.component.ts:13:16
    13   templateUrl: './banner.component.html',
                      ~~~~~~~~~~~~~~~~~~~~~~~~~
    Error occurs in the template of component BannerComponent.


Error: src/app/public/components/banner/banner.component.html:33:69 - error NG8004: No pipe found with name 'translate'.

33             <option selected>{{ 'PUBLIC_PAGE.WORK_SETUP_SELECTOR' | translate }}</option>
                                                                       ~~~~~~~~~

  src/app/public/components/banner/banner.component.ts:13:16
    13   templateUrl: './banner.component.html',
                      ~~~~~~~~~~~~~~~~~~~~~~~~~
    Error occurs in the template of component BannerComponent.


Error: src/app/public/components/banner/banner.component.html:44:11 - error NG8002: Can't bind to 'ngModel' since it isn't a known property of 'select'.

44           [(ngModel)]="job_type">
             ~~~~~~~~~~~~~~~~~~~~~~

  src/app/public/components/banner/banner.component.ts:13:16
    13   templateUrl: './banner.component.html',
                      ~~~~~~~~~~~~~~~~~~~~~~~~~
    Error occurs in the template of component BannerComponent.


Error: src/app/public/components/banner/banner.component.html:44:24 - error TS2322: Type 'Event' is not assignable to type 'string'.

44           [(ngModel)]="job_type">
                          ~~~~~~~~~~
45             <option selected>{{ 'PUBLIC_PAGE.JOB_TYPE_SELECTOR' | translate }}</option>
   ~~~~

  src/app/public/components/banner/banner.component.ts:13:16
    13   templateUrl: './banner.component.html',
                      ~~~~~~~~~~~~~~~~~~~~~~~~~
    Error occurs in the template of component BannerComponent.


Error: src/app/public/components/banner/banner.component.html:45:67 - error NG8004: No pipe found with name 'translate'.

45             <option selected>{{ 'PUBLIC_PAGE.JOB_TYPE_SELECTOR' | translate }}</option>
                                                                     ~~~~~~~~~

  src/app/public/components/banner/banner.component.ts:13:16
    13   templateUrl: './banner.component.html',
                      ~~~~~~~~~~~~~~~~~~~~~~~~~
    Error occurs in the template of component BannerComponent.


Error: src/app/public/components/banner/banner.component.html:60:68 - error NG8004: No pipe found with name 'translate'.

60           (click)="findJobs()">{{ 'PUBLIC_PAGE.FIND_JOBS_BUTTON' | translate }}</button>
                                                                      ~~~~~~~~~

  src/app/public/components/banner/banner.component.ts:13:16
    13   templateUrl: './banner.component.html',
                      ~~~~~~~~~~~~~~~~~~~~~~~~~
    Error occurs in the template of component BannerComponent.


Error: src/app/public/components/explore-users/explore-users.component.html:8:82 - error NG8004: No pipe found with name 'translate'.

8      <h5 class="title-banner mb-3" >{{ 'PUBLIC_PAGE.RESUME_UPLOAD_BOX_MESSAGE' | translate }}</h5>
                                                                                   ~~~~~~~~~

  src/app/public/components/explore-users/explore-users.component.ts:11:16
    11   templateUrl: './explore-users.component.html',
                      ~~~~~~~~~~~~~~~~~~~~~~~~~~~~~~~~
    Error occurs in the template of component ExploreUsersComponent.


Error: src/app/public/components/explore-users/explore-users.component.html:3m12:48 - error NG8004: No pipe found with name 'translate'.

12        {{ 'PUBLIC_PAGE.RESUME_UPLOAD_BUTTON' | translate }}</button>
                                                  ~~~~~~~~~

  src/app/public/components/explore-users/explore-users.component.ts:11:16
    11   templateUrl: './explore-users.component.html',
                      ~~~~~~~~~~~~~~~~~~~~~~~~~~~~~~~~
    Error occurs in the template of component ExploreUsersComponent.


Error: src/app/public/employer-portal/employer-portal.component.html:11:5 - error NG8001: 'app-talent-proof-badge' is not a known element:
1. If 'app-talent-proof-badge' is an Angular component, then verify that it is part of this module.
2. If 'app-talent-proof-badge' is a Web Component then add 'CUSTOM_ELEMENTS_SCHEMA' to the '@NgModule.schemas' of this component to suppress this message.

11     <app-talent-proof-badge variant="card" placement="employer_portal_hero"></app-talent-proof-badge>
       ~~~~~~~~~~~~~~~~~~~~~~~~~~~~~~~~~~~~~~~~~~~~~~~~~~~~~~~~~~~~~~~~~~~~~~~~

  src/app/public/employer-portal/employer-portal.component.ts:10:16
    10   templateUrl: './employer-portal.component.html',
                      ~~~~~~~~~~~~~~~~~~~~~~~~~~~~~~~~~~
    Error occurs in the template of component EmployerPortalComponent.


Error: src/app/public/employer-portal/employer-portal.component.html:45:3 - error NG8001: 'app-portal-faq' is not a known element:
1. If 'app-portal-faq' is an Angular component, then verify that it is part of this module.
2. If 'app-portal-faq' is a Web Component then add 'CUSTOM_ELEMENTS_SCHEMA' to the '@NgModule.schemas' of this component to suppress this message.

45   <app-portal-faq [items]="faqItems"></app-portal-faq>
     ~~~~~~~~~~~~~~~~~~~~~~~~~~~~~~~~~~~

  src/app/public/employer-portal/employer-portal.component.ts:10:16
    10   templateUrl: './employer-portal.component.html',
                      ~~~~~~~~~~~~~~~~~~~~~~~~~~~~~~~~~~
    Error occurs in the template of component EmployerPortalComponent.


Error: src/app/public/employer-portal/employer-portal.component.html:45:19 - error NG8002: Can't bind to 'items' since it isn't a known property of 'app-portal-faq'.
1. If 'app-portal-faq' is an Angular component and it has 'items' input, then verify that it is part of this module.
2. If 'app-portal-faq' is a Web Component then add 'CUSTOM_ELEMENTS_SCHEMA' to the '@NgModule.schemas' of this component to suppress this message.
3. To allow any property add 'NO_ERRORS_SCHEMA' to the '@NgModule.schemas' of this component.

45   <app-portal-faq [items]="faqItems"></app-portal-faq>
                     ~~~~~~~~~~~~~~~~~~

  src/app/public/employer-portal/employer-portal.component.ts:10:16
    10   templateUrl: './employer-portal.component.html',
                      ~~~~~~~~~~~~~~~~~~~~~~~~~~~~~~~~~~
    Error occurs in the template of component EmployerPortalComponent.


Error: src/app/public/employer-portal/employer-portal.component.html:48:1 - error NG8001: 'app-portal-cta-band' is not a known element:
1. If 'app-portal-cta-band' is an Angular component, then verify that it is part of this module.
2. If 'app-portal-cta-band' is a Web Component then add 'CUSTOM_ELEMENTS_SCHEMA' to the '@NgModule.schemas' of this component to suppress this message.

 48 <app-portal-cta-band
    ~~~~~~~~~~~~~~~~~~~~
 49   title="Ready to start hiring?"
    ~~~~~~~~~~~~~~~~~~~~~~~~~~~~~~~~
... 
 51   primaryLabel="Create employer account"
    ~~~~~~~~~~~~~~~~~~~~~~~~~~~~~~~~~~~~~~~~
 52   (primaryClick)="startHiring()">
    ~~~~~~~~~~~~~~~~~~~~~~~~~~~~~~~~~

  src/app/public/employer-portal/employer-portal.component.ts:10:16
    10   templateUrl: './employer-portal.component.html',
                      ~~~~~~~~~~~~~~~~~~~~~~~~~~~~~~~~~~
    Error occurs in the template of component EmployerPortalComponent.


Error: src/app/public/job-seeker-portal/job-seeker-portal.component.html:14:9 - error NG8002: Can't bind to 'ngModel' since it isn't a known property of 'input'.

14         [(ngModel)]="keyword"
           ~~~~~~~~~~~~~~~~~~~~~

  src/app/public/job-seeker-portal/job-seeker-portal.component.ts:11:16
    11   templateUrl: './job-seeker-portal.component.html',
                      ~~~~~~~~~~~~~~~~~~~~~~~~~~~~~~~~~~~~
    Error occurs in the template of component JobSeekerPortalComponent.


Error: src/app/public/job-seeker-portal/job-seeker-portal.component.html:14:22 - error TS2322: Type 'Event' is not assignable to type 'string'.

14         [(ngModel)]="keyword"
                        ~~~~~~~~
15         name="keyword">
   ~~~~~~

  src/app/public/job-seeker-portal/job-seeker-portal.component.ts:11:16
    11   templateUrl: './job-seeker-portal.component.html',
                      ~~~~~~~~~~~~~~~~~~~~~~~~~~~~~~~~~~~~
    Error occurs in the template of component JobSeekerPortalComponent.


Error: src/app/public/job-seeker-portal/job-seeker-portal.component.html:40:3 - error NG8001: [0m'app-inline-loading' is not a known element:
1. If 'app-inline-loading' is an Angular component, then verify that it is part of this module.
2. If 'app-inline-loading' is a Web Component then add 'CUSTOM_ELEMENTS_SCHEMA' to the '@NgModule.schemas' of this component to suppress this message.

40   <app-inline-loading *ngIf="loading$ | async"></app-inline-loading>
     ~~~~~~~~~~~~~~~~~~~~~~~~~~~~~~~~~~~~~~~~~~~~~

  src/app/public/job-seeker-portal/job-seeker-portal.component.ts:11:16
    11   templateUrl: './job-seeker-portal.component.html',
                      ~~~~~~~~~~~~~~~~~~~~~~~~~~~~~~~~~~~~
    Error occurs in the template of component JobSeekerPortalComponent.


Error: src/app/public/job-seeker-portal/job-seeker-portal.component.html:44:7 - error NG8001: 'app-job-card' is not a known element:
1. If 'app-job-card' is an Angular component, then verify that it is part of this module.
2. If 'app-job-card' is a Web Component then add 'CUSTOM_ELEMENTS_SCHEMA' to the '@NgModule.schemas' of this component to suppress this message.

44       <app-job-card *ngFor="let job of jobs.slice(0, 3); let i = index" [data]="job" [i]="i"></app-job-card>
         ~~~~~~~~~~~~~~~~~~~~~~~~~~~~~~~~~~~~~~~~~~~~~~~~~~~~~~~~~~~~~~~~~~~~~~~~~~~~~~~~~~~~~~~

  src/app/public/job-seeker-portal/job-seeker-portal.component.ts:11:16
    11   templateUrl: './job-seeker-portal.component.html',
                      ~~~~~~~~~~~~~~~~~~~~~~~~~~~~~~~~~~~~
    Error occurs in the template of component JobSeekerPortalComponent.


Error: src/app/public/job-seeker-portal/job-seeker-portal.component.html:44:73 - error NG8002: Can't bind to 'data' since it isn't a known property of 'app-job-card'.
1. If 'app-job-card' is an Angular component and it has 'data' input, then verify that it is part of this module.
2. If 'app-job-card' is a Web Component then add 'CUSTOM_ELEMENTS_SCHEMA' to the '@NgModule.schemas' of this component to suppress this message.
3. To allow any property add 'NO_ERRORS_SCHEMA' to the '@NgModule.schemas' of this component.

44       <app-job-card *ngFor="let job of jobs.slice(0, 3); let i = index" [data]="job" [i]="i"></app-job-card>
                                                                           ~~~~~~~~~~~~

  src/app/public/job-seeker-portal/job-seeker-portal.component.ts:11:16
    11   templateUrl: './job-seeker-portal.component.html',
                      ~~~~~~~~~~~~~~~~~~~~~~~~~~~~~~~~~~~~
    Error occurs in the template of component JobSeekerPortalComponent.


Error: src/app/public/job-seeker-portal/job-seeker-portal.component.html:44:86 - error NG8002: Can't bind to 'i' since it isn't a known property of 'app-job-card'.
1. If 'app-job-card' is an Angular component and it has 'i' input, then verify that it is part of this module.
2. If 'app-job-card' is a Web Component then add 'CUSTOM_ELEMENTS_SCHEMA' to the '@NgModule.schemas' of this component to suppress this message.
3. To allow any property add 'NO_ERRORS_SCHEMA' to the '@NgModule.schemas' of this component.

44       <app-job-card *ngFor="let job of jobs.slice(0, 3); let i = index" [data]="job" [i]="i"></app-job-card>
                                                                                        ~~~~~~~

  src/app/public/job-seeker-portal/job-seeker-portal.component.ts:11:16
    11   templateUrl: './job-seeker-portal.component.html',
                      ~~~~~~~~~~~~~~~~~~~~~~~~~~~~~~~~~~~~
    Error occurs in the template of component JobSeekerPortalComponent.


Error: src/app/public/job-seeker-portal/job-seeker-portal.component.html:71:3 - error NG8001: 'app-portal-faq' is not a known element:
1. If 'app-portal-faq' is an Angular component, then verify that it is part of this module.
2. If 'app-portal-faq' is a Web Component then add 'CUSTOM_ELEMENTS_SCHEMA' to the '@NgModule.schemas' of this component to suppress this message.

71   <app-portal-faq [items]="faqItems"></app-portal-faq>
     ~~~~~~~~~~~~~~~~~~~~~~~~~~~~~~~~~~~

  src/app/public/job-seeker-portal/job-seeker-portal.component.ts:11:16
    11   templateUrl: './job-seeker-portal.component.html',
                      ~~~~~~~~~~~~~~~~~~~~~~~~~~~~~~~~~~~~
    Error occurs in the template of component JobSeekerPortalComponent.


Error: src/app/public/job-seeker-portal/job-seeker-portal.component.html:71:19 - error NG8002: Can't bind to 'items' since it isn't a known property of 'app-portal-faq'.
1. If 'app-portal-faq' is an Angular component and it has 'items' input, then verify that it is part of this module.
2. If 'app-portal-faq' is a Web Component then add 'CUSTOM_ELEMENTS_SCHEMA' to the '@NgModule.schemas' of this component to suppress this message.
3. To allow any property add 'NO_ERRORS_SCHEMA' to the '@NgModule.schemas' of this component.

71   <app-portal-faq [items]="faqItems"></app-portal-faq>
                     ~~~~~~~~~~~~~~~~~~

  src/app/public/job-seeker-portal/job-seeker-portal.component.ts:11:16
    11   templateUrl: './job-seeker-portal.component.html',
                      ~~~~~~~~~~~~~~~~~~~~~~~~~~~~~~~~~~~~
    Error occurs in the template of component JobSeekerPortalComponent.


Error: src/app/public/job-seeker-portal/job-seeker-portal.component.html:74:1 - error[90m NG8001: 'app-portal-cta-band' is not a known element:
1. If 'app-portal-cta-band' is an Angular component, then verify that it is part of this module.
2. If 'app-portal-cta-band' is a Web Component then add 'CUSTOM_ELEMENTS_SCHEMA' to the '@NgModule.schemas' of this component to suppress this message.

 74 <app-portal-cta-band
    ~~~~~~~~~~~~~~~~~~~~
 75   title="Ready to find your next role?"
    ~~~~~~~~~~~~~~~~~~~~~~~~~~~~~~~~~~~~~~~
... 
 79   (primaryClick)="createAccount()"
    ~~~~~~~~~~~~~~~~~~~~~~~~~~~~~~~~~~
 80   (secondaryClick)="goToJobs()">
    ~~~~~~~~~~~~~~~~~~~~~~~~~~~~~~~~

  src/app/public/job-seeker-portal/job-seeker-portal.component.ts:11:16
    11   templateUrl: './job-seeker-portal.component.html',
                      ~~~~~~~~~~~~~~~~~~~~~~~~~~~~~~~~~~~~
    Error occurs in the template of component JobSeekerPortalComponent.


Error: src/app/public/main-portal/main-portal.component.html:13:5 - error NG8001: 'app-role-card' is not a known element:
1. If 'app-role-card' is an Angular component, then verify that it is part of this module.
2. If 'app-role-card' is a Web Component then add 'CUSTOM_ELEMENTS_SCHEMA' to the '@NgModule.schemas' of this component to suppress this message.

 13     <app-role-card
        ~~~~~~~~~~~~~~
 14       icon="/assets/images/placeholder/icons/card-applicant-icon.png"
    ~~~~~~~~~~~~~~~~~~~~~~~~~~~~~~~~~~~~~~~~~~~~~~~~~~~~~~~~~~~~~~~~~~~~~
... 
 18       ariaLabel="Continue as Job Seeker"
    ~~~~~~~~~~~~~~~~~~~~~~~~~~~~~~~~~~~~~~~~
 19       (activated)="goToJobSeekerPortal()">
    ~~~~~~~~~~~~~~~~~~~~~~~~~~~~~~~~~~~~~~~~~~

  src/app/public/main-portal/main-portal.component.ts:14:16
    14   templateUrl: './main-portal.component.html',
                      ~~~~~~~~~~~~~~~~~~~~~~~~~~~~~~
    Error occurs in the template of component MainPortalComponent.


Error: src/app/public/main-portal/main-portal.component.html:22:5 - error NG8001: 'app-role-card' is not a known element:
1. If 'app-role-card' is an Angular component, then verify that it is part of this module.
2. If 'app-role-card' is a Web Component then add 'CUSTOM_ELEMENTS_SCHEMA' to the '@NgModule.schemas' of this component to suppress this message.

 22     <app-role-card
        ~~~~~~~~~~~~~~
 23       icon="/assets/images/placeholder/icons/card-interview-icon.png"
    ~~~~~~~~~~~~~~~~~~~~~~~~~~~~~~~~~~~~~~~~~~~~~~~~~~~~~~~~~~~~~~~~~~~~~
... 
 27       ariaLabel="Continue as Employer"
    ~~~~~~~~~~~~~~~~~~~~~~~~~~~~~~~~~~~~~~
 28       (activated)="goToEmployerPortal()">
    ~~~~~~~~~~~~~~~~~~~~~~~~~~~~~~~~~~~~~~~~~

  src/app/public/main-portal/main-portal.component.ts:14:16
    14   templateUrl: './main-portal.component.html',
                      ~~~~~~~~~~~~~~~~~~~~~~~~~~~~~~
    Error occurs in the template of component MainPortalComponent.


Error: src/app/public/main-portal/main-portal.component.html:35:5 - error NG8001: 'app-talent-proof-badge' is not a known element:
1. If 'app-talent-proof-badge' is an Angular component, then verify that it is part of this module.
2. If 'app-talent-proof-badge' is a Web Component then add 'CUSTOM_ELEMENTS_SCHEMA' to the '@NgModule.schemas' of this component to suppress this message.

35     <app-talent-proof-badge variant="pill" placement="main_portal_role_card"></app-talent-proof-badge>
       ~~~~~~~~~~~~~~~~~~~~~~~~~~~~~~~~~~~~~~~~~~~~~~~~~~~~~~~~~~~~~~~~~~~~~~~~~

  src/app/public/main-portal/main-portal.component.ts:14:16
    14   templateUrl: './main-portal.component.html',
                      ~~~~~~~~~~~~~~~~~~~~~~~~~~~~~~
    Error occurs in the template of component MainPortalComponent.


Error: src/app/public/main-portal/main-portal.component.html:55:1 - error NG8001: 'app-portal-cta-band' is not a known element:
1. If 'app-portal-cta-band' is an Angular component, then verify that it is part of this module.
2. If 'app-portal-cta-band' is a Web Component then add 'CUSTOM_ELEMENTS_SCHEMA' to the '@NgModule.schemas' of this component to suppress this message.

 55 <app-portal-cta-band
    ~~~~~~~~~~~~~~~~~~~~
 56   title="Ready to get started?"
    ~~~~~~~~~~~~~~~~~~~~~~~~~~~~~~~
... 
 60   (primaryClick)="goToJobs()"
    ~~~~~~~~~~~~~~~~~~~~~~~~~~~~~
 61   (secondaryClick)="goToEmployerPortal()">
    ~~~~~~~~~~~~~~~~~~~~~~~~~~~~~~~~~~~~~~~~~~

  src/app/public/main-portal/main-portal.component.ts:14:16
    14   templateUrl: './main-portal.component.html',
                      ~~~~~~~~~~~~~~~~~~~~~~~~~~~~~~
    Error occurs in the template of component MainPortalComponent.


Error: src/app/public/public-details/public-details.component.html:12:46 - error NG8004: No pipe found with name 'currency'.

12           {{selectedJobPost?.salaryMinimum | currency: selectedJobPost.salaryCurrency: 'symbol' }} -
                                                ~~~~~~~~

  src/app/public/public-details/public-details.component.ts:8:16
    8   templateUrl: './public-details.component.html',
                     ~~~~~~~~~~~~~~~~~~~~~~~~~~~~~~~~~
    Error occurs in the template of component PublicDetailsComponent.


Error: src/app/public/public-details/public-details.component.html:13:46 - error NG8004: No pipe found with name 'currency'.

13           {{selectedJobPost?.salaryMaximum | currency: selectedJobPost.salaryCurrency: 'symbol' }}
                                                ~~~~~~~~

  src/app/public/public-details/public-details.component.ts:8:16
    8   templateUrl: './public-details.component.html',
                     ~~~~~~~~~~~~~~~~~~~~~~~~~~~~~~~~~
    Error occurs in the template of component PublicDetailsComponent.


Error: src/app/public/public-details/public-details.component.html:23:7 - error NG8001: 'app-job-details-sidecard' is not a known element:
1. If 'app-job-details-sidecard' is an Angular component, then verify that it is part of this module.
2. If 'app-job-details-sidecard' is a Web Component then add 'CUSTOM_ELEMENTS_SCHEMA' to the '@NgModule.schemas' of this component to suppress this message.

23       <app-job-details-sidecard [data]="selectedJobPost" [company]="selectedJobPost" [screenSize]="screenSize">
         ~~~~~~~~~~~~~~~~~~~~~~~~~~~~~~~~~~~~~~~~~~~~~~~~~~~~~~~~~~~~~~~~~~~~~~~~~~~~~~~~~~~~~~~~~~~~~~~~~~~~~~~~~

  src/app/public/public-details/public-details.component.ts:8:16
    8   templateUrl: './public-details.component.html',
                     ~~~~~~~~~~~~~~~~~~~~~~~~~~~~~~~~~
    Error occurs in the template of component PublicDetailsComponent.


Error: src/app/public/public-details/public-details.component.html:23:33 - error NG8002: Can't bind to 'data' since it isn't a known property of 'app-job-details-sidecard'.
1. If 'app-job-details-sidecard' is an Angular component and it has 'data' input, then verify that it is part of this module.
2. If 'app-job-details-sidecard' is a Web Component then add 'CUSTOM_ELEMENTS_SCHEMA' to the '@NgModule.schemas' of this component to suppress this message.
3. To allow any property add 'NO_ERRORS_SCHEMA' to the '@NgModule.schemas' of this component.

23       <app-job-details-sidecard [data]="selectedJobPost" [company]="selectedJobPost" [screenSize]="screenSize">
                                   ~~~~~~~~~~~~~~~~~~~~~~~~

  src/app/public/public-details/public-details.component.ts:8:16
    8   templateUrl: './public-details.component.html',
                     ~~~~~~~~~~~~~~~~~~~~~~~~~~~~~~~~~
    Error occurs in the template of component PublicDetailsComponent.


Error: src/app/public/public-details/public-details.component.html:23:58 - error NG8002: Can't bind to 'company' since it isn't a known property of 'app-job-details-sidecard'.
1. If 'app-job-details-sidecard' is an Angular component and it has 'company' input, then verify that it is part of this module.
2. If 'app-job-details-sidecard' is a Web Component then add 'CUSTOM_ELEMENTS_SCHEMA' to the '@NgModule.schemas' of this component to suppress this message.
3. To allow any property add 'NO_ERRORS_SCHEMA' to the '@NgModule.schemas' of this component.

23       <app-job-details-sidecard [data]="selectedJobPost" [company]="selectedJobPost" [screenSize]="screenSize">
                                                            ~~~~~~~~~~~~~~~~~~~~~~~~~~~

  src/app/public/public-details/public-details.component.ts:8:16
    8   templateUrl: './public-details.component.html',
                     ~~~~~~~~~~~~~~~~~~~~~~~~~~~~~~~~~
    Error occurs in the template of component PublicDetailsComponent.


Error: src/app/public/public-details/public-details.component.html:23:86 - error NG8002: Can't bind to 'screenSize' since it isn't a known property of 'app-job-details-sidecard'.
1. If 'app-job-details-sidecard' is an Angular component and it has 'screenSize' input, then verify that it is part of this module.
2. If 'app-job-details-sidecard' is a Web Component then add 'CUSTOM_ELEMENTS_SCHEMA' to the '@NgModule.schemas' of this component to suppress this message.
3. To allow any property add 'NO_ERRORS_SCHEMA' to the '@NgModule.schemas' of this component.

23       <app-job-details-sidecard [data]="selectedJobPost" [company]="selectedJobPost" [screenSize]="screenSize">
                                                                                        ~~~~~~~~~~~~~~~~~~~~~~~~~

  src/app/public/public-details/public-details.component.ts:8:16
    8   templateUrl: './public-details.component.html',
                     ~~~~~~~~~~~~~~~~~~~~~~~~~~~~~~~~~
    Error occurs in the template of component PublicDetailsComponent.


Error: src/app/public/public-details/public-details.component.html:29:7 - error NG8001: 'app-application-process' is not a known element:
1. If 'app-application-process' is an Angular component, then verify that it is part of this module.
2. If 'app-application-process' is a Web Component then add 'CUSTOM_ELEMENTS_SCHEMA' to the '@NgModule.schemas' of this component to suppress this message.

29       <app-application-process *ngIf="isApplying" [job]="selectedJobPost" (apply)="apply($event)">
         ~~~~~~~~~~~~~~~~~~~~~~~~~~~~~~~~~~~~~~~~~~~~~~~~~~~~~~~~~~~~~~~~~~~~~~~~~~~~~~~~~~~~~~~~~~~~

  src/app/public/public-details/public-details.component.ts:8:16
    8   templateUrl: './public-details.component.html',
                     ~~~~~~~~~~~~~~~~~~~~~~~~~~~~~~~~~
    Error occurs in the template of component PublicDetailsComponent.


Error: src/app/public/public-details/public-details.component.html:29:51 - error NG8002: Can't bind to 'job' since it isn't a known property of 'app-application-process'.
1. If 'app-application-process' is an Angular component and it has 'job' input, then verify that it is part of this module.
2. If 'app-application-process' is a Web Component then add 'CUSTOM_ELEMENTS_SCHEMA' to the '@NgModule.schemas' of this component to suppress this message.
3. To allow any property add 'NO_ERRORS_SCHEMA' to the '@NgModule.schemas' of this component.

29       <app-application-process *ngIf="isApplying" [job]="selectedJobPost" (apply)="apply($event)">
                                                     ~~~~~~~~~~~~~~~~~~~~~~~

  src/app/public/public-details/public-details.component.ts:8:16
    8   templateUrl: './public-details.component.html',
                     ~~~~~~~~~~~~~~~~~~~~~~~~~~~~~~~~~
    Error occurs in the template of component PublicDetailsComponent.


Error: src/app/public/public-details/public-details.component.html:32:7 - error NG8001: 'app-job-posts-details' is not a known element:
1. If 'app-job-posts-details' is an Angular component, then verify that it is part of this module.
2. If 'app-job-posts-details' is a Web Component then add 'CUSTOM_ELEMENTS_SCHEMA' to the '@NgModule.schemas' of this component to suppress this message.

32       <app-job-posts-details [withBanner]="false" *ngIf="!isApplying" (apply)="apply($event)">
         ~~~~~~~~~~~~~~~~~~~~~~~~~~~~~~~~~~~~~~~~~~~~~~~~~~~~~~~~~~~~~~~~~~~~~~~~~~~~~~~~~~~~~~~~

  src/app/public/public-details/public-details.component.ts:8:16
    8   templateUrl: './public-details.component.html',
                     ~~~~~~~~~~~~~~~~~~~~~~~~~~~~~~~~~
    Error occurs in the template of component PublicDetailsComponent.


Error: src/app/public/public-details/public-details.component.html:32:30 - error NG8002: Can't bind to 'withBanner' since it isn't a known property of 'app-job-posts-details'.
1. If 'app-job-posts-details' is an Angular component and it has 'withBanner' input, then verify that it is part of this module.
2. If 'app-job-posts-details' is a Web Component then add 'CUSTOM_ELEMENTS_SCHEMA' to the '@NgModule.schemas' of this component to suppress this message.
3. To allow any property add 'NO_ERRORS_SCHEMA' to the '@NgModule.schemas' of this component.

32       <app-job-posts-details [withBanner]="false" *ngIf="!isApplying" (apply)="apply($event)">
                                ~~~~~~~~~~~~~~~~~~~~

  src/app/public/public-details/public-details.component.ts:8:16
    8   templateUrl: './public-details.component.html',
                     ~~~~~~~~~~~~~~~~~~~~~~~~~~~~~~~~~
    Error occurs in the template of component PublicDetailsComponent.


Error: src/app/public/public-list/public-list.component.html:2:1 - error NG8001: 'app-public-banner' is not a known element:
1. If 'app-public-banner' is an Angular component, then verify that it is part of this module.
2. If 'app-public-banner' is a Web Component then add 'CUSTOM_ELEMENTS_SCHEMA' to the '@NgModule.schemas' of this component to suppress this message.

2 <app-public-banner [screenSize]="screenSize"></app-public-banner>
  ~~~~~~~~~~~~~~~~~~~~~~~~~~~~~~~~~~~~~~~~~~~~~

  src/app/public/public-list/public-list.component.ts:5:16
    5   templateUrl: './public-list.component.html',
                     ~~~~~~~~~~~~~~~~~~~~~~~~~~~~~~
    Error occurs in the template of component PublicListComponent.


Error: src/app/public/public-list/public-list.component.html:2:20 - error NG8002: Can't bind to 'screenSize' since it isn't a known property of 'app-public-banner'.
1. If 'app-public-banner' is an Angular component and it has 'screenSize' input, then verify that it is part of this module.
2. If 'app-public-banner' is a Web Component then add 'CUSTOM_ELEMENTS_SCHEMA' to the '@NgModule.schemas' of this component to suppress this message.
3. To allow any property add 'NO_ERRORS_SCHEMA' to the '@NgModule.schemas' of this component.

2 <app-public-banner [screenSize]="screenSize"></app-public-banner>
                     ~~~~~~~~~~~~~~~~~~~~~~~~~

  src/app/public/public-list/public-list.component.ts:5:16
    5   templateUrl: './public-list.component.html',
                     ~~~~~~~~~~~~~~~~~~~~~~~~~~~~~~
    Error occurs in the template of component PublicListComponent.


Error: src/app/public/public-list/public-list.component.html:5:1 - error NG8001: 'app-public-companies-recommended' is not a known element:
1. If 'app-public-companies-recommended' is an Angular component, then verify that it is part of this module.
2. If 'app-public-companies-recommended' is a Web Component then add 'CUSTOM_ELEMENTS_SCHEMA' to the '@NgModule.schemas' of this component to suppress this message.

5 <app-public-companies-recommended></app-public-companies-recommended>
  ~~~~~~~~~~~~~~~~~~~~~~~~~~~~~~~~~~

  src/app/public/public-list/public-list.component.ts:5:16
    5   templateUrl: './public-list.component.html',
                     ~~~~~~~~~~~~~~~~~~~~~~~~~~~~~~
    Error occurs in the template of component PublicListComponent.


Error: src/app/public/public-list/public-list.component.html:12:5 - error NG8001: 'app-job-board-employer-cta' is not a known element:
1. If 'app-job-board-employer-cta' is an Angular component, then verify that it is part of this module.
2. If 'app-job-board-employer-cta' is a Web Component then add 'CUSTOM_ELEMENTS_SCHEMA' to the '@NgModule.schemas' of this component to suppress this message.

12     <app-job-board-employer-cta></app-job-board-employer-cta>
       ~~~~~~~~~~~~~~~~~~~~~~~~~~~~

  src/app/public/public-list/public-list.component.ts:5:16
    5   templateUrl: './public-list.component.html',
                     ~~~~~~~~~~~~~~~~~~~~~~~~~~~~~~
    Error occurs in the template of component PublicListComponent.


Error: src/app/public/public-list/public-list.component.html:14:5 - error NG8001: 'app-job-posts-list' is not a known element:
1. If 'app-job-posts-list' is an Angular component, then verify that it is part of this module.
2. If 'app-job-posts-list' is a Web Component then add 'CUSTOM_ELEMENTS_SCHEMA' to the '@NgModule.schemas' of this component to suppress this message.

14     <app-job-posts-list label="{{ 'PUBLIC_PAGE.JOB_POST_SECTION_MESSAGE' | translate }}"></app-job-posts-list>
       ~~~~~~~~~~~~~~~~~~~~~~~~~~~~~~~~~~~~~~~~~~~~~~~~~~~~~~~~~~~~~~~~~~~~~~~~~~~~~~~~~~~~~

  src/app/public/public-list/public-list.component.ts:5:16
    5   templateUrl: './public-list.component.html',
                     ~~~~~~~~~~~~~~~~~~~~~~~~~~~~~~
    Error occurs in the template of component PublicListComponent.


Error: src/app/public/public-list/public-list.component.html:14:25 - error NG8002: Can't bind to 'label' since it isn't a known property of 'app-job-posts-list'.
1. If 'app-job-posts-list' is an Angular component and it has 'label' input, then verify that it is part of this module.
2. If 'app-job-posts-list' is a Web Component then add 'CUSTOM_ELEMENTS_SCHEMA' to the '@NgModule.schemas' of this component to suppress this message.
3. To allow any property add 'NO_ERRORS_SCHEMA' to the '@NgModule.schemas' of this component.

14     <app-job-posts-list label="{{ 'PUBLIC_PAGE.JOB_POST_SECTION_MESSAGE' | translate }}"></app-job-posts-list>
                           ~~~~~~~~~~~~~~~~~~~~~~~~~~~~~~~~~~~~~~~~~~~~~~~~~~~~~~~~~~~~~~~~

  src/app/public/public-list/public-list.component.ts:5:16
    5   templateUrl: './public-list.component.html',
                     ~~~~~~~~~~~~~~~~~~~~~~~~~~~~~~
    Error occurs in the template of component PublicListComponent.


Error: src/app/public/public-list/public-list.component.html:14:76 - error NG8004: No pipe found with name 'translate'.

14     <app-job-posts-list label="{{ 'PUBLIC_PAGE.JOB_POST_SECTION_MESSAGE' | translate }}"></app-job-posts-list>
                                                                              ~~~~~~~~~

  src/app/public/public-list/public-list.component.ts:5:16
    5   templateUrl: './public-list.component.html',
                     ~~~~~~~~~~~~~~~~~~~~~~~~~~~~~~
    Error occurs in the template of component PublicListComponent.


Error: src/app/public/public-list/public-list.component.html:18:1 - error NG8001: 'app-public-explore-users' is not a known element:
1. If 'app-public-explore-users' is an Angular component, then verify that it is part of this module.
2. If 'app-public-explore-users' is a Web Component then add 'CUSTOM_ELEMENTS_SCHEMA' to the '@NgModule.schemas' of this component to suppress this message.

18 <app-public-explore-users [userRole]="userRole"></app-public-explore-users>
   ~~~~~~~~~~~~~~~~~~~~~~~~~~~~~~~~~~~~~~~~~~~~~~~~

  src/app/public/public-list/public-list.component.ts:5:16
    5   templateUrl: './public-list.component.html',
                     ~~~~~~~~~~~~~~~~~~~~~~~~~~~~~~
    Error occurs in the template of component PublicListComponent.


Error: src/app/public/public-list/public-list.component.html:18:27 - error NG8002: Can't bind to 'userRole' since it isn't a known property of 'app-public-explore-users'.
1. If 'app-public-explore-users' is an Angular component and it has 'userRole' input, then verify that it is part of this module.
2. If 'app-public-explore-users' is a Web Component then add 'CUSTOM_ELEMENTS_SCHEMA' to the '@NgModule.schemas' of this component to suppress this message.
3. To allow any property add 'NO_ERRORS_SCHEMA' to the '@NgModule.schemas' of this component.

18 <app-public-explore-users [userRole]="userRole"></app-public-explore-users>
                             ~~~~~~~~~~~~~~~~~~~~~

  src/app/public/public-list/public-list.component.ts:5:16
    5   templateUrl: './public-list.component.html',
                     ~~~~~~~~~~~~~~~~~~~~~~~~~~~~~~
    Error occurs in the template of component PublicListComponent.


Error: src/app/public/public-search/public-search.component.html:1:34 - error NG8002: Can't bind to 'ngClass' since it isn't a known property of 'div'.

1 <div class="container-fluid p-0" [ngClass]="loggedUser ? '' : ''">
                                   ~~~~~~~~~~~~~~~~~~~~~~~~~~~~~~~~

  src/app/public/public-search/public-search.component.ts:13:16
    13   templateUrl: './public-search.component.html',
                      ~~~~~~~~~~~~~~~~~~~~~~~~~~~~~~~~
    Error occurs in the template of component PublicSearchComponent.


Error: src/app/public/public-search/public-search.component.html:5:4 - error NG8002: Can't bind to 'ngClass' since it isn't a known property of 'div'.

5    [ngClass]="screenSize > 1500 ? ' col-lg-11' : 'col-lg-11'"
     ~~~~~~~~~~~~~~~~~~~~~~~~~~~~~~~~~~~~~~~~~~~~~~~~~~~~~~~~~~

  src/app/public/public-search/public-search.component.ts:13:16
    13   templateUrl: './public-search.component.html',
                      ~~~~~~~~~~~~~~~~~~~~~~~~~~~~~~~~
    Error occurs in the template of component PublicSearchComponent.


Error: src/app/public/public-search/public-search.component.html:8:25 - error NG8002: Can't bind to 'ngClass' since it isn't a known property of 'div'.

8      <div class="me-3 " [ngClass]="loggedUser ? 'search-key-2' : 'search-key'">
                          ~~~~~~~~~~~~~~~~~~~~~~~~~~~~~~~~~~~~~~~~~~~~~~~~~~~~~~

  src/app/public/public-search/public-search.component.ts:13:16
    13   templateUrl: './public-search.component.html',
                      ~~~~~~~~~~~~~~~~~~~~~~~~~~~~~~~~
    Error occurs in the template of component PublicSearchComponent.


Error: src/app/public/public-search/public-search.component.html:10:7 - error NG8002: Can't bind to 'ngModel' since it isn't a known property of 'input'.

10       [(ngModel)]="keyword">
         ~~~~~~~~~~~~~~~~~~~~~

  src/app/public/public-search/public-search.component.ts:13:16
    13   templateUrl: './public-search.component.html',
                      ~~~~~~~~~~~~~~~~~~~~~~~~~~~~~~~~
    Error occurs in the template of component PublicSearchComponent.


Error: src/app/public/public-search/public-search.component.html:10:20 - error TS2322: Type 'Event' is not assignable to type 'string'.

10       [(ngModel)]="keyword">
                      ~~~~~~~~~
11      </div>
   ~~~~

  src/app/public/public-search/public-search.component.ts:13:16
    13   templateUrl: './public-search.component.html',
                      ~~~~~~~~~~~~~~~~~~~~~~~~~~~~~~~~
    Error occurs in the template of component PublicSearchComponent.


Error: src/app/public/public-search/public-search.component.html:16:11 - error NG8002: Can't bind to 'ngModel' since it isn't a known property of 'select'.

16           [(ngModel)]="work_setup">
             ~~~~~~~~~~~~~~~~~~~~~~~~

  src/app/public/public-search/public-search.component.ts:13:16
    13   templateUrl: './public-search.component.html',
                      ~~~~~~~~~~~~~~~~~~~~~~~~~~~~~~~~
    Error occurs in the template of component PublicSearchComponent.


Error: src/app/public/public-search/public-search.component.html:16:24 - error TS2322: Type 'Event' is not assignable to type 'string'.

16           [(ngModel)]="work_setup">
                          ~~~~~~~~~~~~
17             <option selected>Work Setup</option>
   ~~~~

  src/app/public/public-search/public-search.component.ts[0m:13:16
    13   templateUrl: './public-search.component.html',
                      ~~~~~~~~~~~~~~~~~~~~~~~~~~~~~~~~
    Error occurs in the template of component PublicSearchComponent.


Error: src/app/public/public-search/public-search.component.html:28:11 - error NG8002: Can't bind to 'ngModel' since it isn't a known property of 'select'.

28           [(ngModel)]="job_type">
             ~~~~~~~~~~~~~~~~~~~~~~

  src/app/public/public-search/public-search.component.ts:13:16
    13   templateUrl: './public-search.component.html',
                      ~~~~~~~~~~~~~~~~~~~~~~~~~~~~~~~~
    Error occurs in the template of component PublicSearchComponent.


Error: src/app/public/public-search/public-search.component.html:28:24 - error TS2322: Type 'Event' is not assignable to type 'string'.

28           [(ngModel)]="job_type">
                          ~~~~~~~~~~
29             <option selected>Job Type</option>
   ~~~~

  src/app/public/public-search/public-search.component.ts:13:16
    13   templateUrl: './public-search.component.html',
                      ~~~~~~~~~~~~~~~~~~~~~~~~~~~~~~~~
    Error occurs in the template of component PublicSearchComponent.


Error: src/app/public/public-search/public-search.component.html:53:5 - error NG8001: 'app-job-posts-list' is not a known element:
1. If 'app-job-posts-list' is an Angular component, then verify that it is part of this module.
2. If 'app-job-posts-list' is a Web Component then add 'CUSTOM_ELEMENTS_SCHEMA' to the '@NgModule.schemas' of this component to suppress this message.

53     <app-job-posts-list [label]="'Jobs Search Result'"
       ~~~~~~~~~~~~~~~~~~~~~~~~~~~~~~~~~~~~~~~~~~~~~~~~~~
54     [searchData]="jobSearch"
   ~~~~~~~~~~~~~~~~~~~~~~~~~~~~
55     [fromSearch]="true"
   ~~~~~~~~~~~~~~~~~~~~~~~
56     [subLabel]="'List of available jobs based on current search keywords'"></app-job-posts-list>
   ~~~~~~~~~~~~~~~~~~~~~~~~~~~~~~~~~~~~~~~~~~~~~~~~~~~~~~~~~~~~~~~~~~~~~~~~~~~

  src/app/public/public-search/public-search.component.ts:13:16
    13   templateUrl: './public-search.component.html',
                      ~~~~~~~~~~~~~~~~~~~~~~~~~~~~~~~~
    Error occurs in the template of component PublicSearchComponent.


Error: src/app/public/public-search/public-search.component.html:53:25 - error NG8002: Can't bind to 'label' since it isn't a known property of 'app-job-posts-list'.
1. If 'app-job-posts-list' is an Angular component and it has 'label' input, then verify that it is part of this module.
2. If 'app-job-posts-list' is a Web Component then add 'CUSTOM_ELEMENTS_SCHEMA' to the '@NgModule.schemas' of this component to suppress this message.
3. To allow any property add 'NO_ERRORS_SCHEMA' to the '@NgModule.schemas' of this component.

53     <app-job-posts-list [label]="'Jobs Search Result'"
                           ~~~~~~~~~~~~~~~~~~~~~~~~~~~~~~

  src/app/public/public-search/public-search.component.ts:13:16
    13   templateUrl: './public-search.component.html',
                      ~~~~~~~~~~~~~~~~~~~~~~~~~~~~~~~~
    Error occurs in the template of component PublicSearchComponent.


Error: src/app/public/public-search/public-search.component.html:54:5 - error NG8002: Can't bind to 'searchData' since it isn't a known property of 'app-job-posts-list'.
1. If 'app-job-posts-list' is an Angular component and it has 'searchData' input, then verify that it is part of this module.
2. If 'app-job-posts-list' is a Web Component then add 'CUSTOM_ELEMENTS_SCHEMA' to the '@NgModule.schemas' of this component to suppress this message.
3. To allow any property add 'NO_ERRORS_SCHEMA' to the '@NgModule.schemas' of this component.

54     [searchData]="jobSearch"
       ~~~~~~~~~~~~~~~~~~~~~~~~

  src/app/public/public-search/public-search.component.ts:13:16
    13   templateUrl: './public-search.component.html',
                      ~~~~~~~~~~~~~~~~~~~~~~~~~~~~~~~~
    Error occurs in the template of component PublicSearchComponent.


Error: src/app/public/public-search/public-search.component.html:55:5 - error NG8002: Can't bind to 'fromSearch' since it isn't a known property of 'app-job-posts-list'.
1. If 'app-job-posts-list' is an Angular component and it has 'fromSearch' input, then verify that it is part of this module.
2. If 'app-job-posts-list' is a Web Component then add 'CUSTOM_ELEMENTS_SCHEMA' to the '@NgModule.schemas' of this component to suppress this message.
3. To allow any property add 'NO_ERRORS_SCHEMA' to the '@NgModule.schemas' of this component.

55     [fromSearch]="true"
       ~~~~~~~~~~~~~~~~~~~

  src/app/public/public-search/public-search.component.ts:13:16
    13   templateUrl: './public-search.component.html',
                      ~~~~~~~~~~~~~~~~~~~~~~~~~~~~~~~~
    Error occurs in the template of component PublicSearchComponent.


Error: src/app/public/public-search/public-search.component.html:56:5 - error NG8002: Can't bind to 'subLabel' since it isn't a known property of 'app-job-posts-list'.
1. If 'app-job-posts-list' is an Angular component and it has 'subLabel' input, then verify that it is part of this module.
2. If 'app-job-posts-list' is a Web Component then add 'CUSTOM_ELEMENTS_SCHEMA' to the '@NgModule.schemas' of this component to suppress this message.
3. To allow any property add 'NO_ERRORS_SCHEMA' to the '@NgModule.schemas' of this component.

56     [subLabel]="'List of available jobs based on current search keywords'"></app-job-posts-list>
       ~~~~~~~~~~~~~~~~~~~~~~~~~~~~~~~~~~~~~~~~~~~~~~~~~~~~~~~~~~~~~~~~~~~~~~

  src/app/public/public-search/public-search.component.ts:13:16
    13   templateUrl: './public-search.component.html',
                      ~~~~~~~~~~~~~~~~~~~~~~~~~~~~~~~~
    Error occurs in the template of component PublicSearchComponent.


Error: src/app/public/public.component.html:2:3 - error NG8001: 'app-header' is not a known element:
1. If 'app-header' is an Angular component, then verify that it is part of this module.
2. If 'app-header' is a Web Component then add 'CUSTOM_ELEMENTS_SCHEMA' to the '@NgModule.schemas' of this component to suppress this message.

2   <app-header [isPublic]="true"
    ~~~~~~~~~~~~~~~~~~~~~~~~~~~~~
3         [isUserLoggedIn]="isUserLoggedIn" [user]="user"></app-header>
  ~~~~~~~~~~~~~~~~~~~~~~~~~~~~~~~~~~~~~~~~~~~~~~~~~~~~~~~~

  src/app/public/public.component.ts:6:16
    6   templateUrl: './public.component.html',
                     ~~~~~~~~~~~~~~~~~~~~~~~~~
    Error occurs in the template of component PublicComponent.


Error: src/app/public/public.component.html:2:15 - error NG8002: Can't bind to 'isPublic' since it isn't a known property of 'app-header'.
1. If 'app-header' is an Angular component and it has 'isPublic' input, then verify that it is part of this module.
2. If 'app-header' is a Web Component then add 'CUSTOM_ELEMENTS_SCHEMA' to the '@NgModule.schemas' of this component to suppress this message.
3. To allow any property add 'NO_ERRORS_SCHEMA' to the '@NgModule.schemas' of this component.

2   <app-header [isPublic]="true"
                ~~~~~~~~~~~~~~~~~

  src/app/public/public.component.ts:6:16
    6   templateUrl: './public.component.html',
                     ~~~~~~~~~~~~~~~~~~~~~~~~~
    Error occurs in the template of component PublicComponent.


Error: src/app/public/public.component.html:3:9 - error NG8002: Can't bind to 'isUserLoggedIn' since it isn't a known property of 'app-header'.
1. If 'app-header' is an Angular component and it has 'isUserLoggedIn' input, then verify that it is part of this module.
2. If 'app-header' is a Web Component then add 'CUSTOM_ELEMENTS_SCHEMA' to the '@NgModule.schemas' of this component to suppress this message.
3. To allow any property add 'NO_ERRORS_SCHEMA' to the '@NgModule.schemas' of this component.

3         [isUserLoggedIn]="isUserLoggedIn" [user]="user"></app-header>
          ~~~~~~~~~~~~~~~~~~~~~~~~~~~~~~~~~

  src/app/public/public.component.ts:6:16
    6   templateUrl: './public.component.html',
                     ~~~~~~~~~~~~~~~~~~~~~~~~~
    Error occurs in the template of component PublicComponent.


Error: src/app/public/public.component.html:3:43 - error NG8002: Can't bind to 'user' since it isn't a known property of 'app-header'.
1. If 'app-header' is an Angular component and it has 'user' input, then verify that it is part of this module.
2. If 'app-header' is a Web Component then add 'CUSTOM_ELEMENTS_SCHEMA' to the '@NgModule.schemas' of this component to suppress this message.
3. To allow any property add 'NO_ERRORS_SCHEMA' to the '@NgModule.schemas' of this component.

3         [isUserLoggedIn]="isUserLoggedIn" [user]="user"></app-header>
                                            ~~~~~~~~~~~~~

  src/app/public/public.component.ts:6:16
    6   templateUrl: './public.component.html',
                     ~~~~~~~~~~~~~~~~~~~~~~~~~
    Error occurs in the template of component PublicComponent.


Error: src/app/public/public.component.html:7:3 - error NG8001: 'router-outlet' is not a known element:
1. If 'router-outlet' is an Angular component, then verify that it is part of this module.
2. If 'router-outlet' is a Web Component then add 'CUSTOM_ELEMENTS_SCHEMA' to the '@NgModule.schemas' of this component to suppress this message.

7   <router-outlet></router-outlet>
    ~~~~~~~~~~~~~~~

  src/app/public/public.component.ts:6:16
    6   templateUrl: './public.component.html',
                     ~~~~~~~~~~~~~~~~~~~~~~~~~
    Error occurs in the template of component PublicComponent.


Error: src/app/public/public.component.html:10:1 - error NG8001: 'app-footer' is not a known element:
1. If 'app-footer' is an Angular component, then verify that it is part of this module.
2. If 'app-footer' is a Web Component then add 'CUSTOM_ELEMENTS_SCHEMA' to the '@NgModule.schemas' of this component to suppress this message.

10 <app-footer></app-footer>
   ~~~~~~~~~~~~

  src/app/public/public.component.ts:6:16
    6   templateUrl: './public.component.html',
                     ~~~~~~~~~~~~~~~~~~~~~~~~~
    Error occurs in the template of component PublicComponent.


Error: src/app/public/public.module.ts:23:43 - error TS2307: Cannot find module './shared/talent-proof-badge/talent-proof-badge.component' or its corresponding type declarations.

23 import { TalentProofBadgeComponent } from './shared/talent-proof-badge/talent-proof-badge.component';
                                             ~~~~~~~~~~~~~~~~~~~~~~~~~~~~~~~~~~~~~~~~~~~~~~~~~~~~~~~~~~


Error: src/app/public/public.module.ts:50:17 - error NG1010: Value at position 12 in the NgModule.declarations of PublicModule is not a reference
  Value could not be determined statically.

 50   declarations: [
                    ~
 51     PublicComponent,
    ~~~~~~~~~~~~~~~~~~~~
... 
 64     JobBoardEmployerCtaComponent
    ~~~~~~~~~~~~~~~~~~~~~~~~~~~~~~~~
 65   ],
    ~~~

  src/app/public/public.module.ts:63:5
    63     TalentProofBadgeComponent,
           ~~~~~~~~~~~~~~~~~~~~~~~~~
    Unknown reference.



√ Browser application bundle generation complete.

./src/app/public/public.module.ts:24:0-101 - Error: Module not found: Error: Can't resolve './shared/talent-proof-badge/talent-proof-badge.component' in 'C:\Users\paulg\OneDrive\Desktop\Gethired\get-hired-FE\src\app\public'

Error: src/app/public/components/banner/banner.component.html:1:35 - error NG8002: Can't bind to 'ngClass' since it isn't a known property of 'div'.

1 <div class="container-fluid px-5" [ngClass]="loggedUser ? 'pe-3' : ''">
                                    ~~~~~~~~~~~~~~~~~~~~~~~~~~~~~~~~~~~~

  src/app/public/components/banner/banner.component.ts:13:16
    13   templateUrl: './banner.component.html',
                      ~~~~~~~~~~~~~~~~~~~~~~~~~
    Error occurs in the template of component BannerComponent.


Error: src/app/public/components/banner/banner.component.html:4:3 - error NG8002: Can't bind to 'ngClass' since it isn't a known property of 'div'.

4   [ngClass]="loggedUser ? 'col-12 col-lg-10' : 'col-12 col-lg-12'">
    ~~~~~~~~~~~~~~~~~~~~~~~~~~~~~~~~~~~~~~~~~~~~~~~~~~~~~~~~~~~~~~~~

  src/app/public/components/banner/banner.component.ts:13:16
    13   templateUrl: './banner.component.html',
                      ~~~~~~~~~~~~~~~~~~~~~~~~~
    Error occurs in the template of component BannerComponent.


Error: src/app/public/components/banner/banner.component.html:21:4 - error NG8002: Can't bind to 'ngClass' since it isn't a known property of 'div'.

21    [ngClass]="screenSize > 1500 ? ' col-lg-10' : 'col-lg-11'"
      ~~~~~~~~~~~~~~~~~~~~~~~~~~~~~~~~~~~~~~~~~~~~~~~~~~~~~~~~~~

  src/app/public/components/banner/banner.component.ts:13:16
    13   templateUrl: './banner.component.html',
                      ~~~~~~~~~~~~~~~~~~~~~~~~~
    Error occurs in the template of component BannerComponent.


Error: src/app/public/components/banner/banner.component.html:24:25 - error NG8002: Can't bind to 'ngClass' since it isn't a known property of 'div'.

24      <div class="me-3 " [ngClass]="loggedUser ? 'search-key-2' : 'search-key'">
                           ~~~~~~~~~~~~~~~~~~~~~~~~~~~~~~~~~~~~~~~~~~~~~~~~~~~~~~

  src/app/public/components/banner/banner.component.ts:13:16
    13   templateUrl: './banner.component.html',
                      ~~~~~~~~~~~~~~~~~~~~~~~~~
    Error occurs in the template of component BannerComponent.


Error: src/app/public/components/banner/banner.component.html:25:95 - error NG8004: No pipe found with name 'translate'.

25       <input type="text" class="form-control" placeholder="{{ 'PUBLIC_PAGE.KEYWORD_TEXTBOX' | translate }}"
                                                                                                 ~~~~~~~~~

  src/app/public/components/banner/banner.component.ts:13:16
    13   templateUrl: './banner.component.html',
                      ~~~~~~~~~~~~~~~~~~~~~~~~~
    Error occurs in the template of component BannerComponent.


Error: src/app/public/components/banner/banner.component.html:26:7 - error NG8002: Can't bind to 'ngModel' since it isn't a known property of 'input'.

26       [(ngModel)]="keyword">
         ~~~~~~~~~~~~~~~~~~~~~

  src/app/public/components/banner/banner.component.ts:13:16
    13   templateUrl: './banner.component.html',
                      ~~~~~~~~~~~~~~~~~~~~~~~~~
    Error occurs in the template of component BannerComponent.


Error: src/app/public/components/banner/banner.component.html:26:20 - error TS2322: Type 'Event' is not assignable to type 'string'.

26       [(ngModel)]="keyword">
                      ~~~~~~~~~
27      </div>
   ~~~~

  src/app/public/components/banner/banner.component.ts:13:16
    13   templateUrl: './banner.component.html',
                      ~~~~~~~~~~~~~~~~~~~~~~~~~
    Error occurs in the template of component BannerComponent.


Error: src/app/public/components/banner/banner.component.html:32:11 - error NG8002: Can't bind to 'ngModel' since it isn't a known property of 'select'.

32           [(ngModel)]="work_setup">
             ~~~~~~~~~~~~~~~~~~~~~~~~

  src/app/public/components/banner/banner.component.ts:13:16
    13   templateUrl: './banner.component.html',
                      ~~~~~~~~~~~~~~~~~~~~~~~~~
    Error occurs in the template of component BannerComponent.


Error: src/app/public/components/banner/banner.component.html:32:24 - error TS2322: Type 'Event' is not assignable to type 'string'.

32           [(ngModel)]="work_setup">
                          ~~~~~~~~~~~~
33             <option selected>{{ 'PUBLIC_PAGE.WORK_SETUP_SELECTOR' | translate }}</option>
   ~~~~

  src/app/public/components/banner/banner.component.ts:13:16
    13   templateUrl: './banner.component.html',
                      ~~~~~~~~~~~~~~~~~~~~~~~~~
    Error occurs in the template of component BannerComponent.


Error: src/app/public/components/banner/banner.component.html:33:69 - error NG8004: No pipe found with name 'translate'.

33             <option selected>{{ 'PUBLIC_PAGE.WORK_SETUP_SELECTOR' | translate }}</option>
                                                                       ~~~~~~~~~

  src/app/public/components/banner/banner.component.ts:13:16
    13   templateUrl: './banner.component.html',
                      ~~~~~~~~~~~~~~~~~~~~~~~~~
    Error occurs in the template of component BannerComponent.


Error: src/app/public/components/banner/banner.component.html:44:11 - error NG8002: Can't bind to 'ngModel' since it isn't a known property of 'select'.

44           [(ngModel)]="job_type">
             ~~~~~~~~~~~~~~~~~~~~~~

  src/app/public/components/banner/banner.component.ts:13:16
    13   templateUrl: './banner.component.html',
                      ~~~~~~~~~~~~~~~~~~~~~~~~~
    Error occurs in the template of component BannerComponent.


Error: src/app/public/components/banner/banner.component.html:44:24 - error TS2322: Type 'Event' is not assignable to type 'string'.

44           [(ngModel)]="job_type">
                          ~~~~~~~~~~
45             <option selected>{{ 'PUBLIC_PAGE.JOB_TYPE_SELECTOR' | translate }}</option>
   ~~~~

  src/app/public/components/banner/banner.component.ts:13:16
    13   templateUrl: './banner.component.html',
                      ~~~~~~~~~~~~~~~~~~~~~~~~~
    Error occurs in the template of component BannerComponent.


Error: src/app/public/components/banner/banner.component.html:45:67 - error NG8004: No pipe found with name 'translate'.

45             <option selected>{{ 'PUBLIC_PAGE.JOB_TYPE_SELECTOR' | translate }}</option>
                                                                     ~~~~~~~~~

  src/app/public/components/banner/banner.component.ts:13:16
    13   templateUrl: './banner.component.html',
                      ~~~~~~~~~~~~~~~~~~~~~~~~~
    Error occurs in the template of component BannerComponent.


Error: src/app/public/components/banner/banner.component.html:60:68 - error NG8004: No pipe found with name 'translate'.

60           (click)="findJobs()">{{ 'PUBLIC_PAGE.FIND_JOBS_BUTTON' | translate }}</button>
                                                                      ~~~~~~~~~

  src/app/public/components/banner/banner.component.ts:13:16
    13   templateUrl: './banner.component.html',
                      ~~~~~~~~~~~~~~~~~~~~~~~~~
    Error occurs in the template of component BannerComponent.


Error: src/app/public/components/explore-users/explore-users.component.html:8:82 - error NG8004: No pipe found with name 'translate'.

8      <h5 class="title-banner mb-3" >{{ 'PUBLIC_PAGE.RESUME_UPLOAD_BOX_MESSAGE' | translate }}</h5>
                                                                                   ~~~~~~~~~

  src/app/public/components/explore-users/explore-users.component.ts:11:16
    11   templateUrl: './explore-users.component.html',
                      ~~~~~~~~~~~~~~~~~~~~~~~~~~~~~~~~
    Error occurs in the template of component ExploreUsersComponent.


Error: src/app/public/components/explore-users/explore-users.component.html:3m12:48 - error NG8004: No pipe found with name 'translate'.

12        {{ 'PUBLIC_PAGE.RESUME_UPLOAD_BUTTON' | translate }}</button>
                                                  ~~~~~~~~~

  src/app/public/components/explore-users/explore-users.component.ts:11:16
    11   templateUrl: './explore-users.component.html',
                      ~~~~~~~~~~~~~~~~~~~~~~~~~~~~~~~~
    Error occurs in the template of component ExploreUsersComponent.


Error: src/app/public/employer-portal/employer-portal.component.html:11:5 - error NG8001: 'app-talent-proof-badge' is not a known element:
1. If 'app-talent-proof-badge' is an Angular component, then verify that it is part of this module.
2. If 'app-talent-proof-badge' is a Web Component then add 'CUSTOM_ELEMENTS_SCHEMA' to the '@NgModule.schemas' of this component to suppress this message.

11     <app-talent-proof-badge variant="card" placement="employer_portal_hero"></app-talent-proof-badge>
       ~~~~~~~~~~~~~~~~~~~~~~~~~~~~~~~~~~~~~~~~~~~~~~~~~~~~~~~~~~~~~~~~~~~~~~~~

  src/app/public/employer-portal/employer-portal.component.ts:10:16
    10   templateUrl: './employer-portal.component.html',
                      ~~~~~~~~~~~~~~~~~~~~~~~~~~~~~~~~~~
    Error occurs in the template of component EmployerPortalComponent.


Error: src/app/public/employer-portal/employer-portal.component.html:45:3 - error NG8001: 'app-portal-faq' is not a known element:
1. If 'app-portal-faq' is an Angular component, then verify that it is part of this module.
2. If 'app-portal-faq' is a Web Component then add 'CUSTOM_ELEMENTS_SCHEMA' to the '@NgModule.schemas' of this component to suppress this message.

45   <app-portal-faq [items]="faqItems"></app-portal-faq>
     ~~~~~~~~~~~~~~~~~~~~~~~~~~~~~~~~~~~

  src/app/public/employer-portal/employer-portal.component.ts:10:16
    10   templateUrl: './employer-portal.component.html',
                      ~~~~~~~~~~~~~~~~~~~~~~~~~~~~~~~~~~
    Error occurs in the template of component EmployerPortalComponent.


Error: src/app/public/employer-portal/employer-portal.component.html:45:19 - error NG8002: Can't bind to 'items' since it isn't a known property of 'app-portal-faq'.
1. If 'app-portal-faq' is an Angular component and it has 'items' input, then verify that it is part of this module.
2. If 'app-portal-faq' is a Web Component then add 'CUSTOM_ELEMENTS_SCHEMA' to the '@NgModule.schemas' of this component to suppress this message.
3. To allow any property add 'NO_ERRORS_SCHEMA' to the '@NgModule.schemas' of this component.

45   <app-portal-faq [items]="faqItems"></app-portal-faq>
                     ~~~~~~~~~~~~~~~~~~

  src/app/public/employer-portal/employer-portal.component.ts:10:16
    10   templateUrl: './employer-portal.component.html',
                      ~~~~~~~~~~~~~~~~~~~~~~~~~~~~~~~~~~
    Error occurs in the template of component EmployerPortalComponent.


Error: src/app/public/employer-portal/employer-portal.component.html:48:1 - error NG8001: 'app-portal-cta-band' is not a known element:
1. If 'app-portal-cta-band' is an Angular component, then verify that it is part of this module.
2. If 'app-portal-cta-band' is a Web Component then add 'CUSTOM_ELEMENTS_SCHEMA' to the '@NgModule.schemas' of this component to suppress this message.

 48 <app-portal-cta-band
    ~~~~~~~~~~~~~~~~~~~~
 49   title="Ready to start hiring?"
    ~~~~~~~~~~~~~~~~~~~~~~~~~~~~~~~~
... 
 51   primaryLabel="Create employer account"
    ~~~~~~~~~~~~~~~~~~~~~~~~~~~~~~~~~~~~~~~~
 52   (primaryClick)="startHiring()">
    ~~~~~~~~~~~~~~~~~~~~~~~~~~~~~~~~~

  src/app/public/employer-portal/employer-portal.component.ts:10:16
    10   templateUrl: './employer-portal.component.html',
                      ~~~~~~~~~~~~~~~~~~~~~~~~~~~~~~~~~~
    Error occurs in the template of component EmployerPortalComponent.


Error: src/app/public/job-seeker-portal/job-seeker-portal.component.html:14:9 - error NG8002: Can't bind to 'ngModel' since it isn't a known property of 'input'.

14         [(ngModel)]="keyword"
           ~~~~~~~~~~~~~~~~~~~~~

  src/app/public/job-seeker-portal/job-seeker-portal.component.ts:11:16
    11   templateUrl: './job-seeker-portal.component.html',
                      ~~~~~~~~~~~~~~~~~~~~~~~~~~~~~~~~~~~~
    Error occurs in the template of component JobSeekerPortalComponent.


Error: src/app/public/job-seeker-portal/job-seeker-portal.component.html:14:22 - error TS2322: Type 'Event' is not assignable to type 'string'.

14         [(ngModel)]="keyword"
                        ~~~~~~~~
15         name="keyword">
   ~~~~~~

  src/app/public/job-seeker-portal/job-seeker-portal.component.ts:11:16
    11   templateUrl: './job-seeker-portal.component.html',
                      ~~~~~~~~~~~~~~~~~~~~~~~~~~~~~~~~~~~~
    Error occurs in the template of component JobSeekerPortalComponent.


Error: src/app/public/job-seeker-portal/job-seeker-portal.component.html:40:3 - error NG8001: [0m'app-inline-loading' is not a known element:
1. If 'app-inline-loading' is an Angular component, then verify that it is part of this module.
2. If 'app-inline-loading' is a Web Component then add 'CUSTOM_ELEMENTS_SCHEMA' to the '@NgModule.schemas' of this component to suppress this message.

40   <app-inline-loading *ngIf="loading$ | async"></app-inline-loading>
     ~~~~~~~~~~~~~~~~~~~~~~~~~~~~~~~~~~~~~~~~~~~~~

  src/app/public/job-seeker-portal/job-seeker-portal.component.ts:11:16
    11   templateUrl: './job-seeker-portal.component.html',
                      ~~~~~~~~~~~~~~~~~~~~~~~~~~~~~~~~~~~~
    Error occurs in the template of component JobSeekerPortalComponent.


Error: src/app/public/job-seeker-portal/job-seeker-portal.component.html:44:7 - error NG8001: 'app-job-card' is not a known element:
1. If 'app-job-card' is an Angular component, then verify that it is part of this module.
2. If 'app-job-card' is a Web Component then add 'CUSTOM_ELEMENTS_SCHEMA' to the '@NgModule.schemas' of this component to suppress this message.

44       <app-job-card *ngFor="let job of jobs.slice(0, 3); let i = index" [data]="job" [i]="i"></app-job-card>
         ~~~~~~~~~~~~~~~~~~~~~~~~~~~~~~~~~~~~~~~~~~~~~~~~~~~~~~~~~~~~~~~~~~~~~~~~~~~~~~~~~~~~~~~

  src/app/public/job-seeker-portal/job-seeker-portal.component.ts:11:16
    11   templateUrl: './job-seeker-portal.component.html',
                      ~~~~~~~~~~~~~~~~~~~~~~~~~~~~~~~~~~~~
    Error occurs in the template of component JobSeekerPortalComponent.


Error: src/app/public/job-seeker-portal/job-seeker-portal.component.html:44:73 - error NG8002: Can't bind to 'data' since it isn't a known property of 'app-job-card'.
1. If 'app-job-card' is an Angular component and it has 'data' input, then verify that it is part of this module.
2. If 'app-job-card' is a Web Component then add 'CUSTOM_ELEMENTS_SCHEMA' to the '@NgModule.schemas' of this component to suppress this message.
3. To allow any property add 'NO_ERRORS_SCHEMA' to the '@NgModule.schemas' of this component.

44       <app-job-card *ngFor="let job of jobs.slice(0, 3); let i = index" [data]="job" [i]="i"></app-job-card>
                                                                           ~~~~~~~~~~~~

  src/app/public/job-seeker-portal/job-seeker-portal.component.ts:11:16
    11   templateUrl: './job-seeker-portal.component.html',
                      ~~~~~~~~~~~~~~~~~~~~~~~~~~~~~~~~~~~~
    Error occurs in the template of component JobSeekerPortalComponent.


Error: src/app/public/job-seeker-portal/job-seeker-portal.component.html:44:86 - error NG8002: Can't bind to 'i' since it isn't a known property of 'app-job-card'.
1. If 'app-job-card' is an Angular component and it has 'i' input, then verify that it is part of this module.
2. If 'app-job-card' is a Web Component then add 'CUSTOM_ELEMENTS_SCHEMA' to the '@NgModule.schemas' of this component to suppress this message.
3. To allow any property add 'NO_ERRORS_SCHEMA' to the '@NgModule.schemas' of this component.

44       <app-job-card *ngFor="let job of jobs.slice(0, 3); let i = index" [data]="job" [i]="i"></app-job-card>
                                                                                        ~~~~~~~

  src/app/public/job-seeker-portal/job-seeker-portal.component.ts:11:16
    11   templateUrl: './job-seeker-portal.component.html',
                      ~~~~~~~~~~~~~~~~~~~~~~~~~~~~~~~~~~~~
    Error occurs in the template of component JobSeekerPortalComponent.


Error: src/app/public/job-seeker-portal/job-seeker-portal.component.html:71:3 - error NG8001: 'app-portal-faq' is not a known element:
1. If 'app-portal-faq' is an Angular component, then verify that it is part of this module.
2. If 'app-portal-faq' is a Web Component then add 'CUSTOM_ELEMENTS_SCHEMA' to the '@NgModule.schemas' of this component to suppress this message.

71   <app-portal-faq [items]="faqItems"></app-portal-faq>
     ~~~~~~~~~~~~~~~~~~~~~~~~~~~~~~~~~~~

  src/app/public/job-seeker-portal/job-seeker-portal.component.ts:11:16
    11   templateUrl: './job-seeker-portal.component.html',
                      ~~~~~~~~~~~~~~~~~~~~~~~~~~~~~~~~~~~~
    Error occurs in the template of component JobSeekerPortalComponent.


Error: src/app/public/job-seeker-portal/job-seeker-portal.component.html:71:19 - error NG8002: Can't bind to 'items' since it isn't a known property of 'app-portal-faq'.
1. If 'app-portal-faq' is an Angular component and it has 'items' input, then verify that it is part of this module.
2. If 'app-portal-faq' is a Web Component then add 'CUSTOM_ELEMENTS_SCHEMA' to the '@NgModule.schemas' of this component to suppress this message.
3. To allow any property add 'NO_ERRORS_SCHEMA' to the '@NgModule.schemas' of this component.

71   <app-portal-faq [items]="faqItems"></app-portal-faq>
                     ~~~~~~~~~~~~~~~~~~

  src/app/public/job-seeker-portal/job-seeker-portal.component.ts:11:16
    11   templateUrl: './job-seeker-portal.component.html',
                      ~~~~~~~~~~~~~~~~~~~~~~~~~~~~~~~~~~~~
    Error occurs in the template of component JobSeekerPortalComponent.


Error: src/app/public/job-seeker-portal/job-seeker-portal.component.html:74:1 - error[90m NG8001: 'app-portal-cta-band' is not a known element:
1. If 'app-portal-cta-band' is an Angular component, then verify that it is part of this module.
2. If 'app-portal-cta-band' is a Web Component then add 'CUSTOM_ELEMENTS_SCHEMA' to the '@NgModule.schemas' of this component to suppress this message.

 74 <app-portal-cta-band
    ~~~~~~~~~~~~~~~~~~~~
 75   title="Ready to find your next role?"
    ~~~~~~~~~~~~~~~~~~~~~~~~~~~~~~~~~~~~~~~
... 
 79   (primaryClick)="createAccount()"
    ~~~~~~~~~~~~~~~~~~~~~~~~~~~~~~~~~~
 80   (secondaryClick)="goToJobs()">
    ~~~~~~~~~~~~~~~~~~~~~~~~~~~~~~~~

  src/app/public/job-seeker-portal/job-seeker-portal.component.ts:11:16
    11   templateUrl: './job-seeker-portal.component.html',
                      ~~~~~~~~~~~~~~~~~~~~~~~~~~~~~~~~~~~~
    Error occurs in the template of component JobSeekerPortalComponent.


Error: src/app/public/main-portal/main-portal.component.html:13:5 - error NG8001: 'app-role-card' is not a known element:
1. If 'app-role-card' is an Angular component, then verify that it is part of this module.
2. If 'app-role-card' is a Web Component then add 'CUSTOM_ELEMENTS_SCHEMA' to the '@NgModule.schemas' of this component to suppress this message.

 13     <app-role-card
        ~~~~~~~~~~~~~~
 14       icon="/assets/images/placeholder/icons/card-applicant-icon.png"
    ~~~~~~~~~~~~~~~~~~~~~~~~~~~~~~~~~~~~~~~~~~~~~~~~~~~~~~~~~~~~~~~~~~~~~
... 
 18       ariaLabel="Continue as Job Seeker"
    ~~~~~~~~~~~~~~~~~~~~~~~~~~~~~~~~~~~~~~~~
 19       (activated)="goToJobSeekerPortal()">
    ~~~~~~~~~~~~~~~~~~~~~~~~~~~~~~~~~~~~~~~~~~

  src/app/public/main-portal/main-portal.component.ts:14:16
    14   templateUrl: './main-portal.component.html',
                      ~~~~~~~~~~~~~~~~~~~~~~~~~~~~~~
    Error occurs in the template of component MainPortalComponent.


Error: src/app/public/main-portal/main-portal.component.html:22:5 - error NG8001: 'app-role-card' is not a known element:
1. If 'app-role-card' is an Angular component, then verify that it is part of this module.
2. If 'app-role-card' is a Web Component then add 'CUSTOM_ELEMENTS_SCHEMA' to the '@NgModule.schemas' of this component to suppress this message.

 22     <app-role-card
        ~~~~~~~~~~~~~~
 23       icon="/assets/images/placeholder/icons/card-interview-icon.png"
    ~~~~~~~~~~~~~~~~~~~~~~~~~~~~~~~~~~~~~~~~~~~~~~~~~~~~~~~~~~~~~~~~~~~~~
... 
 27       ariaLabel="Continue as Employer"
    ~~~~~~~~~~~~~~~~~~~~~~~~~~~~~~~~~~~~~~
 28       (activated)="goToEmployerPortal()">
    ~~~~~~~~~~~~~~~~~~~~~~~~~~~~~~~~~~~~~~~~~

  src/app/public/main-portal/main-portal.component.ts:14:16
    14   templateUrl: './main-portal.component.html',
                      ~~~~~~~~~~~~~~~~~~~~~~~~~~~~~~
    Error occurs in the template of component MainPortalComponent.


Error: src/app/public/main-portal/main-portal.component.html:35:5 - error NG8001: 'app-talent-proof-badge' is not a known element:
1. If 'app-talent-proof-badge' is an Angular component, then verify that it is part of this module.
2. If 'app-talent-proof-badge' is a Web Component then add 'CUSTOM_ELEMENTS_SCHEMA' to the '@NgModule.schemas' of this component to suppress this message.

35     <app-talent-proof-badge variant="pill" placement="main_portal_role_card"></app-talent-proof-badge>
       ~~~~~~~~~~~~~~~~~~~~~~~~~~~~~~~~~~~~~~~~~~~~~~~~~~~~~~~~~~~~~~~~~~~~~~~~~

  src/app/public/main-portal/main-portal.component.ts:14:16
    14   templateUrl: './main-portal.component.html',
                      ~~~~~~~~~~~~~~~~~~~~~~~~~~~~~~
    Error occurs in the template of component MainPortalComponent.


Error: src/app/public/main-portal/main-portal.component.html:55:1 - error NG8001: 'app-portal-cta-band' is not a known element:
1. If 'app-portal-cta-band' is an Angular component, then verify that it is part of this module.
2. If 'app-portal-cta-band' is a Web Component then add 'CUSTOM_ELEMENTS_SCHEMA' to the '@NgModule.schemas' of this component to suppress this message.

 55 <app-portal-cta-band
    ~~~~~~~~~~~~~~~~~~~~
 56   title="Ready to get started?"
    ~~~~~~~~~~~~~~~~~~~~~~~~~~~~~~~
... 
 60   (primaryClick)="goToJobs()"
    ~~~~~~~~~~~~~~~~~~~~~~~~~~~~~
 61   (secondaryClick)="goToEmployerPortal()">
    ~~~~~~~~~~~~~~~~~~~~~~~~~~~~~~~~~~~~~~~~~~

  src/app/public/main-portal/main-portal.component.ts:14:16
    14   templateUrl: './main-portal.component.html',
                      ~~~~~~~~~~~~~~~~~~~~~~~~~~~~~~
    Error occurs in the template of component MainPortalComponent.


Error: src/app/public/public-details/public-details.component.html:12:46 - error NG8004: No pipe found with name 'currency'.

12           {{selectedJobPost?.salaryMinimum | currency: selectedJobPost.salaryCurrency: 'symbol' }} -
                                                ~~~~~~~~

  src/app/public/public-details/public-details.component.ts:8:16
    8   templateUrl: './public-details.component.html',
                     ~~~~~~~~~~~~~~~~~~~~~~~~~~~~~~~~~
    Error occurs in the template of component PublicDetailsComponent.


Error: src/app/public/public-details/public-details.component.html:13:46 - error NG8004: No pipe found with name 'currency'.

13           {{selectedJobPost?.salaryMaximum | currency: selectedJobPost.salaryCurrency: 'symbol' }}
                                                ~~~~~~~~

  src/app/public/public-details/public-details.component.ts:8:16
    8   templateUrl: './public-details.component.html',
                     ~~~~~~~~~~~~~~~~~~~~~~~~~~~~~~~~~
    Error occurs in the template of component PublicDetailsComponent.


Error: src/app/public/public-details/public-details.component.html:23:7 - error NG8001: 'app-job-details-sidecard' is not a known element:
1. If 'app-job-details-sidecard' is an Angular component, then verify that it is part of this module.
2. If 'app-job-details-sidecard' is a Web Component then add 'CUSTOM_ELEMENTS_SCHEMA' to the '@NgModule.schemas' of this component to suppress this message.

23       <app-job-details-sidecard [data]="selectedJobPost" [company]="selectedJobPost" [screenSize]="screenSize">
         ~~~~~~~~~~~~~~~~~~~~~~~~~~~~~~~~~~~~~~~~~~~~~~~~~~~~~~~~~~~~~~~~~~~~~~~~~~~~~~~~~~~~~~~~~~~~~~~~~~~~~~~~~

  src/app/public/public-details/public-details.component.ts:8:16
    8   templateUrl: './public-details.component.html',
                     ~~~~~~~~~~~~~~~~~~~~~~~~~~~~~~~~~
    Error occurs in the template of component PublicDetailsComponent.


Error: src/app/public/public-details/public-details.component.html:23:33 - error NG8002: Can't bind to 'data' since it isn't a known property of 'app-job-details-sidecard'.
1. If 'app-job-details-sidecard' is an Angular component and it has 'data' input, then verify that it is part of this module.
2. If 'app-job-details-sidecard' is a Web Component then add 'CUSTOM_ELEMENTS_SCHEMA' to the '@NgModule.schemas' of this component to suppress this message.
3. To allow any property add 'NO_ERRORS_SCHEMA' to the '@NgModule.schemas' of this component.

23       <app-job-details-sidecard [data]="selectedJobPost" [company]="selectedJobPost" [screenSize]="screenSize">
                                   ~~~~~~~~~~~~~~~~~~~~~~~~

  src/app/public/public-details/public-details.component.ts:8:16
    8   templateUrl: './public-details.component.html',
                     ~~~~~~~~~~~~~~~~~~~~~~~~~~~~~~~~~
    Error occurs in the template of component PublicDetailsComponent.


Error: src/app/public/public-details/public-details.component.html:23:58 - error NG8002: Can't bind to 'company' since it isn't a known property of 'app-job-details-sidecard'.
1. If 'app-job-details-sidecard' is an Angular component and it has 'company' input, then verify that it is part of this module.
2. If 'app-job-details-sidecard' is a Web Component then add 'CUSTOM_ELEMENTS_SCHEMA' to the '@NgModule.schemas' of this component to suppress this message.
3. To allow any property add 'NO_ERRORS_SCHEMA' to the '@NgModule.schemas' of this component.

23       <app-job-details-sidecard [data]="selectedJobPost" [company]="selectedJobPost" [screenSize]="screenSize">
                                                            ~~~~~~~~~~~~~~~~~~~~~~~~~~~

  src/app/public/public-details/public-details.component.ts:8:16
    8   templateUrl: './public-details.component.html',
                     ~~~~~~~~~~~~~~~~~~~~~~~~~~~~~~~~~
    Error occurs in the template of component PublicDetailsComponent.


Error: src/app/public/public-details/public-details.component.html:23:86 - error NG8002: Can't bind to 'screenSize' since it isn't a known property of 'app-job-details-sidecard'.
1. If 'app-job-details-sidecard' is an Angular component and it has 'screenSize' input, then verify that it is part of this module.
2. If 'app-job-details-sidecard' is a Web Component then add 'CUSTOM_ELEMENTS_SCHEMA' to the '@NgModule.schemas' of this component to suppress this message.
3. To allow any property add 'NO_ERRORS_SCHEMA' to the '@NgModule.schemas' of this component.

23       <app-job-details-sidecard [data]="selectedJobPost" [company]="selectedJobPost" [screenSize]="screenSize">
                                                                                        ~~~~~~~~~~~~~~~~~~~~~~~~~

  src/app/public/public-details/public-details.component.ts:8:16
    8   templateUrl: './public-details.component.html',
                     ~~~~~~~~~~~~~~~~~~~~~~~~~~~~~~~~~
    Error occurs in the template of component PublicDetailsComponent.


Error: src/app/public/public-details/public-details.component.html:29:7 - error NG8001: 'app-application-process' is not a known element:
1. If 'app-application-process' is an Angular component, then verify that it is part of this module.
2. If 'app-application-process' is a Web Component then add 'CUSTOM_ELEMENTS_SCHEMA' to the '@NgModule.schemas' of this component to suppress this message.

29       <app-application-process *ngIf="isApplying" [job]="selectedJobPost" (apply)="apply($event)">
         ~~~~~~~~~~~~~~~~~~~~~~~~~~~~~~~~~~~~~~~~~~~~~~~~~~~~~~~~~~~~~~~~~~~~~~~~~~~~~~~~~~~~~~~~~~~~

  src/app/public/public-details/public-details.component.ts:8:16
    8   templateUrl: './public-details.component.html',
                     ~~~~~~~~~~~~~~~~~~~~~~~~~~~~~~~~~
    Error occurs in the template of component PublicDetailsComponent.


Error: src/app/public/public-details/public-details.component.html:29:51 - error NG8002: Can't bind to 'job' since it isn't a known property of 'app-application-process'.
1. If 'app-application-process' is an Angular component and it has 'job' input, then verify that it is part of this module.
2. If 'app-application-process' is a Web Component then add 'CUSTOM_ELEMENTS_SCHEMA' to the '@NgModule.schemas' of this component to suppress this message.
3. To allow any property add 'NO_ERRORS_SCHEMA' to the '@NgModule.schemas' of this component.

29       <app-application-process *ngIf="isApplying" [job]="selectedJobPost" (apply)="apply($event)">
                                                     ~~~~~~~~~~~~~~~~~~~~~~~

  src/app/public/public-details/public-details.component.ts:8:16
    8   templateUrl: './public-details.component.html',
                     ~~~~~~~~~~~~~~~~~~~~~~~~~~~~~~~~~
    Error occurs in the template of component PublicDetailsComponent.


Error: src/app/public/public-details/public-details.component.html:32:7 - error NG8001: 'app-job-posts-details' is not a known element:
1. If 'app-job-posts-details' is an Angular component, then verify that it is part of this module.
2. If 'app-job-posts-details' is a Web Component then add 'CUSTOM_ELEMENTS_SCHEMA' to the '@NgModule.schemas' of this component to suppress this message.

32       <app-job-posts-details [withBanner]="false" *ngIf="!isApplying" (apply)="apply($event)">
         ~~~~~~~~~~~~~~~~~~~~~~~~~~~~~~~~~~~~~~~~~~~~~~~~~~~~~~~~~~~~~~~~~~~~~~~~~~~~~~~~~~~~~~~~

  src/app/public/public-details/public-details.component.ts:8:16
    8   templateUrl: './public-details.component.html',
                     ~~~~~~~~~~~~~~~~~~~~~~~~~~~~~~~~~
    Error occurs in the template of component PublicDetailsComponent.


Error: src/app/public/public-details/public-details.component.html:32:30 - error NG8002: Can't bind to 'withBanner' since it isn't a known property of 'app-job-posts-details'.
1. If 'app-job-posts-details' is an Angular component and it has 'withBanner' input, then verify that it is part of this module.
2. If 'app-job-posts-details' is a Web Component then add 'CUSTOM_ELEMENTS_SCHEMA' to the '@NgModule.schemas' of this component to suppress this message.
3. To allow any property add 'NO_ERRORS_SCHEMA' to the '@NgModule.schemas' of this component.

32       <app-job-posts-details [withBanner]="false" *ngIf="!isApplying" (apply)="apply($event)">
                                ~~~~~~~~~~~~~~~~~~~~

  src/app/public/public-details/public-details.component.ts:8:16
    8   templateUrl: './public-details.component.html',
                     ~~~~~~~~~~~~~~~~~~~~~~~~~~~~~~~~~
    Error occurs in the template of component PublicDetailsComponent.


Error: src/app/public/public-list/public-list.component.html:2:1 - error NG8001: 'app-public-banner' is not a known element:
1. If 'app-public-banner' is an Angular component, then verify that it is part of this module.
2. If 'app-public-banner' is a Web Component then add 'CUSTOM_ELEMENTS_SCHEMA' to the '@NgModule.schemas' of this component to suppress this message.

2 <app-public-banner [screenSize]="screenSize"></app-public-banner>
  ~~~~~~~~~~~~~~~~~~~~~~~~~~~~~~~~~~~~~~~~~~~~~

  src/app/public/public-list/public-list.component.ts:5:16
    5   templateUrl: './public-list.component.html',
                     ~~~~~~~~~~~~~~~~~~~~~~~~~~~~~~
    Error occurs in the template of component PublicListComponent.


Error: src/app/public/public-list/public-list.component.html:2:20 - error NG8002: Can't bind to 'screenSize' since it isn't a known property of 'app-public-banner'.
1. If 'app-public-banner' is an Angular component and it has 'screenSize' input, then verify that it is part of this module.
2. If 'app-public-banner' is a Web Component then add 'CUSTOM_ELEMENTS_SCHEMA' to the '@NgModule.schemas' of this component to suppress this message.
3. To allow any property add 'NO_ERRORS_SCHEMA' to the '@NgModule.schemas' of this component.

2 <app-public-banner [screenSize]="screenSize"></app-public-banner>
                     ~~~~~~~~~~~~~~~~~~~~~~~~~

  src/app/public/public-list/public-list.component.ts:5:16
    5   templateUrl: './public-list.component.html',
                     ~~~~~~~~~~~~~~~~~~~~~~~~~~~~~~
    Error occurs in the template of component PublicListComponent.


Error: src/app/public/public-list/public-list.component.html:5:1 - error NG8001: 'app-public-companies-recommended' is not a known element:
1. If 'app-public-companies-recommended' is an Angular component, then verify that it is part of this module.
2. If 'app-public-companies-recommended' is a Web Component then add 'CUSTOM_ELEMENTS_SCHEMA' to the '@NgModule.schemas' of this component to suppress this message.

5 <app-public-companies-recommended></app-public-companies-recommended>
  ~~~~~~~~~~~~~~~~~~~~~~~~~~~~~~~~~~

  src/app/public/public-list/public-list.component.ts:5:16
    5   templateUrl: './public-list.component.html',
                     ~~~~~~~~~~~~~~~~~~~~~~~~~~~~~~
    Error occurs in the template of component PublicListComponent.


Error: src/app/public/public-list/public-list.component.html:12:5 - error NG8001: 'app-job-board-employer-cta' is not a known element:
1. If 'app-job-board-employer-cta' is an Angular component, then verify that it is part of this module.
2. If 'app-job-board-employer-cta' is a Web Component then add 'CUSTOM_ELEMENTS_SCHEMA' to the '@NgModule.schemas' of this component to suppress this message.

12     <app-job-board-employer-cta></app-job-board-employer-cta>
       ~~~~~~~~~~~~~~~~~~~~~~~~~~~~

  src/app/public/public-list/public-list.component.ts:5:16
    5   templateUrl: './public-list.component.html',
                     ~~~~~~~~~~~~~~~~~~~~~~~~~~~~~~
    Error occurs in the template of component PublicListComponent.


Error: src/app/public/public-list/public-list.component.html:14:5 - error NG8001: 'app-job-posts-list' is not a known element:
1. If 'app-job-posts-list' is an Angular component, then verify that it is part of this module.
2. If 'app-job-posts-list' is a Web Component then add 'CUSTOM_ELEMENTS_SCHEMA' to the '@NgModule.schemas' of this component to suppress this message.

14     <app-job-posts-list label="{{ 'PUBLIC_PAGE.JOB_POST_SECTION_MESSAGE' | translate }}"></app-job-posts-list>
       ~~~~~~~~~~~~~~~~~~~~~~~~~~~~~~~~~~~~~~~~~~~~~~~~~~~~~~~~~~~~~~~~~~~~~~~~~~~~~~~~~~~~~

  src/app/public/public-list/public-list.component.ts:5:16
    5   templateUrl: './public-list.component.html',
                     ~~~~~~~~~~~~~~~~~~~~~~~~~~~~~~
    Error occurs in the template of component PublicListComponent.


Error: src/app/public/public-list/public-list.component.html:14:25 - error NG8002: Can't bind to 'label' since it isn't a known property of 'app-job-posts-list'.
1. If 'app-job-posts-list' is an Angular component and it has 'label' input, then verify that it is part of this module.
2. If 'app-job-posts-list' is a Web Component then add 'CUSTOM_ELEMENTS_SCHEMA' to the '@NgModule.schemas' of this component to suppress this message.
3. To allow any property add 'NO_ERRORS_SCHEMA' to the '@NgModule.schemas' of this component.

14     <app-job-posts-list label="{{ 'PUBLIC_PAGE.JOB_POST_SECTION_MESSAGE' | translate }}"></app-job-posts-list>
                           ~~~~~~~~~~~~~~~~~~~~~~~~~~~~~~~~~~~~~~~~~~~~~~~~~~~~~~~~~~~~~~~~

  src/app/public/public-list/public-list.component.ts:5:16
    5   templateUrl: './public-list.component.html',
                     ~~~~~~~~~~~~~~~~~~~~~~~~~~~~~~
    Error occurs in the template of component PublicListComponent.


Error: src/app/public/public-list/public-list.component.html:14:76 - error NG8004: No pipe found with name 'translate'.

14     <app-job-posts-list label="{{ 'PUBLIC_PAGE.JOB_POST_SECTION_MESSAGE' | translate }}"></app-job-posts-list>
                                                                              ~~~~~~~~~

  src/app/public/public-list/public-list.component.ts:5:16
    5   templateUrl: './public-list.component.html',
                     ~~~~~~~~~~~~~~~~~~~~~~~~~~~~~~
    Error occurs in the template of component PublicListComponent.


Error: src/app/public/public-list/public-list.component.html:18:1 - error NG8001: 'app-public-explore-users' is not a known element:
1. If 'app-public-explore-users' is an Angular component, then verify that it is part of this module.
2. If 'app-public-explore-users' is a Web Component then add 'CUSTOM_ELEMENTS_SCHEMA' to the '@NgModule.schemas' of this component to suppress this message.

18 <app-public-explore-users [userRole]="userRole"></app-public-explore-users>
   ~~~~~~~~~~~~~~~~~~~~~~~~~~~~~~~~~~~~~~~~~~~~~~~~

  src/app/public/public-list/public-list.component.ts:5:16
    5   templateUrl: './public-list.component.html',
                     ~~~~~~~~~~~~~~~~~~~~~~~~~~~~~~
    Error occurs in the template of component PublicListComponent.


Error: src/app/public/public-list/public-list.component.html:18:27 - error NG8002: Can't bind to 'userRole' since it isn't a known property of 'app-public-explore-users'.
1. If 'app-public-explore-users' is an Angular component and it has 'userRole' input, then verify that it is part of this module.
2. If 'app-public-explore-users' is a Web Component then add 'CUSTOM_ELEMENTS_SCHEMA' to the '@NgModule.schemas' of this component to suppress this message.
3. To allow any property add 'NO_ERRORS_SCHEMA' to the '@NgModule.schemas' of this component.

18 <app-public-explore-users [userRole]="userRole"></app-public-explore-users>
                             ~~~~~~~~~~~~~~~~~~~~~

  src/app/public/public-list/public-list.component.ts:5:16
    5   templateUrl: './public-list.component.html',
                     ~~~~~~~~~~~~~~~~~~~~~~~~~~~~~~
    Error occurs in the template of component PublicListComponent.


Error: src/app/public/public-search/public-search.component.html:1:34 - error NG8002: Can't bind to 'ngClass' since it isn't a known property of 'div'.

1 <div class="container-fluid p-0" [ngClass]="loggedUser ? '' : ''">
                                   ~~~~~~~~~~~~~~~~~~~~~~~~~~~~~~~~

  src/app/public/public-search/public-search.component.ts:13:16
    13   templateUrl: './public-search.component.html',
                      ~~~~~~~~~~~~~~~~~~~~~~~~~~~~~~~~
    Error occurs in the template of component PublicSearchComponent.


Error: src/app/public/public-search/public-search.component.html:5:4 - error NG8002: Can't bind to 'ngClass' since it isn't a known property of 'div'.

5    [ngClass]="screenSize > 1500 ? ' col-lg-11' : 'col-lg-11'"
     ~~~~~~~~~~~~~~~~~~~~~~~~~~~~~~~~~~~~~~~~~~~~~~~~~~~~~~~~~~

  src/app/public/public-search/public-search.component.ts:13:16
    13   templateUrl: './public-search.component.html',
                      ~~~~~~~~~~~~~~~~~~~~~~~~~~~~~~~~
    Error occurs in the template of component PublicSearchComponent.


Error: src/app/public/public-search/public-search.component.html:8:25 - error NG8002: Can't bind to 'ngClass' since it isn't a known property of 'div'.

8      <div class="me-3 " [ngClass]="loggedUser ? 'search-key-2' : 'search-key'">
                          ~~~~~~~~~~~~~~~~~~~~~~~~~~~~~~~~~~~~~~~~~~~~~~~~~~~~~~

  src/app/public/public-search/public-search.component.ts:13:16
    13   templateUrl: './public-search.component.html',
                      ~~~~~~~~~~~~~~~~~~~~~~~~~~~~~~~~
    Error occurs in the template of component PublicSearchComponent.


Error: src/app/public/public-search/public-search.component.html:10:7 - error NG8002: Can't bind to 'ngModel' since it isn't a known property of 'input'.

10       [(ngModel)]="keyword">
         ~~~~~~~~~~~~~~~~~~~~~

  src/app/public/public-search/public-search.component.ts:13:16
    13   templateUrl: './public-search.component.html',
                      ~~~~~~~~~~~~~~~~~~~~~~~~~~~~~~~~
    Error occurs in the template of component PublicSearchComponent.


Error: src/app/public/public-search/public-search.component.html:10:20 - error TS2322: Type 'Event' is not assignable to type 'string'.

10       [(ngModel)]="keyword">
                      ~~~~~~~~~
11      </div>
   ~~~~

  src/app/public/public-search/public-search.component.ts:13:16
    13   templateUrl: './public-search.component.html',
                      ~~~~~~~~~~~~~~~~~~~~~~~~~~~~~~~~
    Error occurs in the template of component PublicSearchComponent.


Error: src/app/public/public-search/public-search.component.html:16:11 - error NG8002: Can't bind to 'ngModel' since it isn't a known property of 'select'.

16           [(ngModel)]="work_setup">
             ~~~~~~~~~~~~~~~~~~~~~~~~

  src/app/public/public-search/public-search.component.ts:13:16
    13   templateUrl: './public-search.component.html',
                      ~~~~~~~~~~~~~~~~~~~~~~~~~~~~~~~~
    Error occurs in the template of component PublicSearchComponent.


Error: src/app/public/public-search/public-search.component.html:16:24 - error TS2322: Type 'Event' is not assignable to type 'string'.

16           [(ngModel)]="work_setup">
                          ~~~~~~~~~~~~
17             <option selected>Work Setup</option>
   ~~~~

  src/app/public/public-search/public-search.component.ts[0m:13:16
    13   templateUrl: './public-search.component.html',
                      ~~~~~~~~~~~~~~~~~~~~~~~~~~~~~~~~
    Error occurs in the template of component PublicSearchComponent.


Error: src/app/public/public-search/public-search.component.html:28:11 - error NG8002: Can't bind to 'ngModel' since it isn't a known property of 'select'.

28           [(ngModel)]="job_type">
             ~~~~~~~~~~~~~~~~~~~~~~

  src/app/public/public-search/public-search.component.ts:13:16
    13   templateUrl: './public-search.component.html',
                      ~~~~~~~~~~~~~~~~~~~~~~~~~~~~~~~~
    Error occurs in the template of component PublicSearchComponent.


Error: src/app/public/public-search/public-search.component.html:28:24 - error TS2322: Type 'Event' is not assignable to type 'string'.

28           [(ngModel)]="job_type">
                          ~~~~~~~~~~
29             <option selected>Job Type</option>
   ~~~~

  src/app/public/public-search/public-search.component.ts:13:16
    13   templateUrl: './public-search.component.html',
                      ~~~~~~~~~~~~~~~~~~~~~~~~~~~~~~~~
    Error occurs in the template of component PublicSearchComponent.


Error: src/app/public/public-search/public-search.component.html:53:5 - error NG8001: 'app-job-posts-list' is not a known element:
1. If 'app-job-posts-list' is an Angular component, then verify that it is part of this module.
2. If 'app-job-posts-list' is a Web Component then add 'CUSTOM_ELEMENTS_SCHEMA' to the '@NgModule.schemas' of this component to suppress this message.

53     <app-job-posts-list [label]="'Jobs Search Result'"
       ~~~~~~~~~~~~~~~~~~~~~~~~~~~~~~~~~~~~~~~~~~~~~~~~~~
54     [searchData]="jobSearch"
   ~~~~~~~~~~~~~~~~~~~~~~~~~~~~
55     [fromSearch]="true"
   ~~~~~~~~~~~~~~~~~~~~~~~
56     [subLabel]="'List of available jobs based on current search keywords'"></app-job-posts-list>
   ~~~~~~~~~~~~~~~~~~~~~~~~~~~~~~~~~~~~~~~~~~~~~~~~~~~~~~~~~~~~~~~~~~~~~~~~~~~

  src/app/public/public-search/public-search.component.ts:13:16
    13   templateUrl: './public-search.component.html',
                      ~~~~~~~~~~~~~~~~~~~~~~~~~~~~~~~~
    Error occurs in the template of component PublicSearchComponent.


Error: src/app/public/public-search/public-search.component.html:53:25 - error NG8002: Can't bind to 'label' since it isn't a known property of 'app-job-posts-list'.
1. If 'app-job-posts-list' is an Angular component and it has 'label' input, then verify that it is part of this module.
2. If 'app-job-posts-list' is a Web Component then add 'CUSTOM_ELEMENTS_SCHEMA' to the '@NgModule.schemas' of this component to suppress this message.
3. To allow any property add 'NO_ERRORS_SCHEMA' to the '@NgModule.schemas' of this component.

53     <app-job-posts-list [label]="'Jobs Search Result'"
                           ~~~~~~~~~~~~~~~~~~~~~~~~~~~~~~

  src/app/public/public-search/public-search.component.ts:13:16
    13   templateUrl: './public-search.component.html',
                      ~~~~~~~~~~~~~~~~~~~~~~~~~~~~~~~~
    Error occurs in the template of component PublicSearchComponent.


Error: src/app/public/public-search/public-search.component.html:54:5 - error NG8002: Can't bind to 'searchData' since it isn't a known property of 'app-job-posts-list'.
1. If 'app-job-posts-list' is an Angular component and it has 'searchData' input, then verify that it is part of this module.
2. If 'app-job-posts-list' is a Web Component then add 'CUSTOM_ELEMENTS_SCHEMA' to the '@NgModule.schemas' of this component to suppress this message.
3. To allow any property add 'NO_ERRORS_SCHEMA' to the '@NgModule.schemas' of this component.

54     [searchData]="jobSearch"
       ~~~~~~~~~~~~~~~~~~~~~~~~

  src/app/public/public-search/public-search.component.ts:13:16
    13   templateUrl: './public-search.component.html',
                      ~~~~~~~~~~~~~~~~~~~~~~~~~~~~~~~~
    Error occurs in the template of component PublicSearchComponent.


Error: src/app/public/public-search/public-search.component.html:55:5 - error NG8002: Can't bind to 'fromSearch' since it isn't a known property of 'app-job-posts-list'.
1. If 'app-job-posts-list' is an Angular component and it has 'fromSearch' input, then verify that it is part of this module.
2. If 'app-job-posts-list' is a Web Component then add 'CUSTOM_ELEMENTS_SCHEMA' to the '@NgModule.schemas' of this component to suppress this message.
3. To allow any property add 'NO_ERRORS_SCHEMA' to the '@NgModule.schemas' of this component.

55     [fromSearch]="true"
       ~~~~~~~~~~~~~~~~~~~

  src/app/public/public-search/public-search.component.ts:13:16
    13   templateUrl: './public-search.component.html',
                      ~~~~~~~~~~~~~~~~~~~~~~~~~~~~~~~~
    Error occurs in the template of component PublicSearchComponent.


Error: src/app/public/public-search/public-search.component.html:56:5 - error NG8002: Can't bind to 'subLabel' since it isn't a known property of 'app-job-posts-list'.
1. If 'app-job-posts-list' is an Angular component and it has 'subLabel' input, then verify that it is part of this module.
2. If 'app-job-posts-list' is a Web Component then add 'CUSTOM_ELEMENTS_SCHEMA' to the '@NgModule.schemas' of this component to suppress this message.
3. To allow any property add 'NO_ERRORS_SCHEMA' to the '@NgModule.schemas' of this component.

56     [subLabel]="'List of available jobs based on current search keywords'"></app-job-posts-list>
       ~~~~~~~~~~~~~~~~~~~~~~~~~~~~~~~~~~~~~~~~~~~~~~~~~~~~~~~~~~~~~~~~~~~~~~

  src/app/public/public-search/public-search.component.ts:13:16
    13   templateUrl: './public-search.component.html',
                      ~~~~~~~~~~~~~~~~~~~~~~~~~~~~~~~~
    Error occurs in the template of component PublicSearchComponent.


Error: src/app/public/public.component.html:2:3 - error NG8001: 'app-header' is not a known element:
1. If 'app-header' is an Angular component, then verify that it is part of this module.
2. If 'app-header' is a Web Component then add 'CUSTOM_ELEMENTS_SCHEMA' to the '@NgModule.schemas' of this component to suppress this message.

2   <app-header [isPublic]="true"
    ~~~~~~~~~~~~~~~~~~~~~~~~~~~~~
3         [isUserLoggedIn]="isUserLoggedIn" [user]="user"></app-header>
  ~~~~~~~~~~~~~~~~~~~~~~~~~~~~~~~~~~~~~~~~~~~~~~~~~~~~~~~~

  src/app/public/public.component.ts:6:16
    6   templateUrl: './public.component.html',
                     ~~~~~~~~~~~~~~~~~~~~~~~~~
    Error occurs in the template of component PublicComponent.


Error: src/app/public/public.component.html:2:15 - error NG8002: Can't bind to 'isPublic' since it isn't a known property of 'app-header'.
1. If 'app-header' is an Angular component and it has 'isPublic' input, then verify that it is part of this module.
2. If 'app-header' is a Web Component then add 'CUSTOM_ELEMENTS_SCHEMA' to the '@NgModule.schemas' of this component to suppress this message.
3. To allow any property add 'NO_ERRORS_SCHEMA' to the '@NgModule.schemas' of this component.

2   <app-header [isPublic]="true"
                ~~~~~~~~~~~~~~~~~

  src/app/public/public.component.ts:6:16
    6   templateUrl: './public.component.html',
                     ~~~~~~~~~~~~~~~~~~~~~~~~~
    Error occurs in the template of component PublicComponent.


Error: src/app/public/public.component.html:3:9 - error NG8002: Can't bind to 'isUserLoggedIn' since it isn't a known property of 'app-header'.
1. If 'app-header' is an Angular component and it has 'isUserLoggedIn' input, then verify that it is part of this module.
2. If 'app-header' is a Web Component then add 'CUSTOM_ELEMENTS_SCHEMA' to the '@NgModule.schemas' of this component to suppress this message.
3. To allow any property add 'NO_ERRORS_SCHEMA' to the '@NgModule.schemas' of this component.

3         [isUserLoggedIn]="isUserLoggedIn" [user]="user"></app-header>
          ~~~~~~~~~~~~~~~~~~~~~~~~~~~~~~~~~

  src/app/public/public.component.ts:6:16
    6   templateUrl: './public.component.html',
                     ~~~~~~~~~~~~~~~~~~~~~~~~~
    Error occurs in the template of component PublicComponent.


Error: src/app/public/public.component.html:3:43 - error NG8002: Can't bind to 'user' since it isn't a known property of 'app-header'.
1. If 'app-header' is an Angular component and it has 'user' input, then verify that it is part of this module.
2. If 'app-header' is a Web Component then add 'CUSTOM_ELEMENTS_SCHEMA' to the '@NgModule.schemas' of this component to suppress this message.
3. To allow any property add 'NO_ERRORS_SCHEMA' to the '@NgModule.schemas' of this component.

3         [isUserLoggedIn]="isUserLoggedIn" [user]="user"></app-header>
                                            ~~~~~~~~~~~~~

  src/app/public/public.component.ts:6:16
    6   templateUrl: './public.component.html',
                     ~~~~~~~~~~~~~~~~~~~~~~~~~
    Error occurs in the template of component PublicComponent.


Error: src/app/public/public.component.html:7:3 - error NG8001: 'router-outlet' is not a known element:
1. If 'router-outlet' is an Angular component, then verify that it is part of this module.
2. If 'router-outlet' is a Web Component then add 'CUSTOM_ELEMENTS_SCHEMA' to the '@NgModule.schemas' of this component to suppress this message.

7   <router-outlet></router-outlet>
    ~~~~~~~~~~~~~~~

  src/app/public/public.component.ts:6:16
    6   templateUrl: './public.component.html',
                     ~~~~~~~~~~~~~~~~~~~~~~~~~
    Error occurs in the template of component PublicComponent.


Error: src/app/public/public.component.html:10:1 - error NG8001: 'app-footer' is not a known element:
1. If 'app-footer' is an Angular component, then verify that it is part of this module.
2. If 'app-footer' is a Web Component then add 'CUSTOM_ELEMENTS_SCHEMA' to the '@NgModule.schemas' of this component to suppress this message.

10 <app-footer></app-footer>
   ~~~~~~~~~~~~

  src/app/public/public.component.ts:6:16
    6   templateUrl: './public.component.html',
                     ~~~~~~~~~~~~~~~~~~~~~~~~~
    Error occurs in the template of component PublicComponent.


Error: src/app/public/public.module.ts:23:43 - error TS2307: Cannot find module './shared/talent-proof-badge/talent-proof-badge.component' or its corresponding type declarations.

23 import { TalentProofBadgeComponent } from './shared/talent-proof-badge/talent-proof-badge.component';
                                             ~~~~~~~~~~~~~~~~~~~~~~~~~~~~~~~~~~~~~~~~~~~~~~~~~~~~~~~~~~


Error: src/app/public/public.module.ts:50:17 - error NG1010: Value at position 12 in the NgModule.declarations of PublicModule is not a reference
  Value could not be determined statically.

 50   declarations: [
                    ~
 51     PublicComponent,
    ~~~~~~~~~~~~~~~~~~~~
... 
 64     JobBoardEmployerCtaComponent
    ~~~~~~~~~~~~~~~~~~~~~~~~~~~~~~~~
 65   ],
    ~~~

  src/app/public/public.module.ts:63:5
    63     TalentProofBadgeComponent,
           ~~~~~~~~~~~~~~~~~~~~~~~~~
    Unknown reference.



√ Browser application bundle generation complete.

./src/app/public/public.module.ts:24:0-101 - Error: Module not found: Error: Can't resolve './shared/talent-proof-badge/talent-proof-badge.component' in 'C:\Users\paulg\OneDrive\Desktop\Gethired\get-hired-FE\src\app\public'

Error: src/app/public/components/banner/banner.component.html:1:35 - error NG8002: Can't bind to 'ngClass' since it isn't a known property of 'div'.

1 <div class="container-fluid px-5" [ngClass]="loggedUser ? 'pe-3' : ''">
                                    ~~~~~~~~~~~~~~~~~~~~~~~~~~~~~~~~~~~~

  src/app/public/components/banner/banner.component.ts:13:16
    13   templateUrl: './banner.component.html',
                      ~~~~~~~~~~~~~~~~~~~~~~~~~
    Error occurs in the template of component BannerComponent.


Error: src/app/public/components/banner/banner.component.html:4:3 - error NG8002: Can't bind to 'ngClass' since it isn't a known property of 'div'.

4   [ngClass]="loggedUser ? 'col-12 col-lg-10' : 'col-12 col-lg-12'">
    ~~~~~~~~~~~~~~~~~~~~~~~~~~~~~~~~~~~~~~~~~~~~~~~~~~~~~~~~~~~~~~~~

  src/app/public/components/banner/banner.component.ts:13:16
    13   templateUrl: './banner.component.html',
                      ~~~~~~~~~~~~~~~~~~~~~~~~~
    Error occurs in the template of component BannerComponent.


Error: src/app/public/components/banner/banner.component.html:21:4 - error NG8002: Can't bind to 'ngClass' since it isn't a known property of 'div'.

21    [ngClass]="screenSize > 1500 ? ' col-lg-10' : 'col-lg-11'"
      ~~~~~~~~~~~~~~~~~~~~~~~~~~~~~~~~~~~~~~~~~~~~~~~~~~~~~~~~~~

  src/app/public/components/banner/banner.component.ts:13:16
    13   templateUrl: './banner.component.html',
                      ~~~~~~~~~~~~~~~~~~~~~~~~~
    Error occurs in the template of component BannerComponent.


Error: src/app/public/components/banner/banner.component.html:24:25 - error NG8002: Can't bind to 'ngClass' since it isn't a known property of 'div'.

24      <div class="me-3 " [ngClass]="loggedUser ? 'search-key-2' : 'search-key'">
                           ~~~~~~~~~~~~~~~~~~~~~~~~~~~~~~~~~~~~~~~~~~~~~~~~~~~~~~

  src/app/public/components/banner/banner.component.ts:13:16
    13   templateUrl: './banner.component.html',
                      ~~~~~~~~~~~~~~~~~~~~~~~~~
    Error occurs in the template of component BannerComponent.


Error: src/app/public/components/banner/banner.component.html:25:95 - error NG8004: No pipe found with name 'translate'.

25       <input type="text" class="form-control" placeholder="{{ 'PUBLIC_PAGE.KEYWORD_TEXTBOX' | translate }}"
                                                                                                 ~~~~~~~~~

  src/app/public/components/banner/banner.component.ts:13:16
    13   templateUrl: './banner.component.html',
                      ~~~~~~~~~~~~~~~~~~~~~~~~~
    Error occurs in the template of component BannerComponent.


Error: src/app/public/components/banner/banner.component.html:26:7 - error NG8002: Can't bind to 'ngModel' since it isn't a known property of 'input'.

26       [(ngModel)]="keyword">
         ~~~~~~~~~~~~~~~~~~~~~

  src/app/public/components/banner/banner.component.ts:13:16
    13   templateUrl: './banner.component.html',
                      ~~~~~~~~~~~~~~~~~~~~~~~~~
    Error occurs in the template of component BannerComponent.


Error: src/app/public/components/banner/banner.component.html:26:20 - error TS2322: Type 'Event' is not assignable to type 'string'.

26       [(ngModel)]="keyword">
                      ~~~~~~~~~
27      </div>
   ~~~~

  src/app/public/components/banner/banner.component.ts:13:16
    13   templateUrl: './banner.component.html',
                      ~~~~~~~~~~~~~~~~~~~~~~~~~
    Error occurs in the template of component BannerComponent.


Error: src/app/public/components/banner/banner.component.html:32:11 - error NG8002: Can't bind to 'ngModel' since it isn't a known property of 'select'.

32           [(ngModel)]="work_setup">
             ~~~~~~~~~~~~~~~~~~~~~~~~

  src/app/public/components/banner/banner.component.ts:13:16
    13   templateUrl: './banner.component.html',
                      ~~~~~~~~~~~~~~~~~~~~~~~~~
    Error occurs in the template of component BannerComponent.


Error: src/app/public/components/banner/banner.component.html:32:24 - error TS2322: Type 'Event' is not assignable to type 'string'.

32           [(ngModel)]="work_setup">
                          ~~~~~~~~~~~~
33             <option selected>{{ 'PUBLIC_PAGE.WORK_SETUP_SELECTOR' | translate }}</option>
   ~~~~

  src/app/public/components/banner/banner.component.ts:13:16
    13   templateUrl: './banner.component.html',
                      ~~~~~~~~~~~~~~~~~~~~~~~~~
    Error occurs in the template of component BannerComponent.


Error: src/app/public/components/banner/banner.component.html:33:69 - error NG8004: No pipe found with name 'translate'.

33             <option selected>{{ 'PUBLIC_PAGE.WORK_SETUP_SELECTOR' | translate }}</option>
                                                                       ~~~~~~~~~

  src/app/public/components/banner/banner.component.ts:13:16
    13   templateUrl: './banner.component.html',
                      ~~~~~~~~~~~~~~~~~~~~~~~~~
    Error occurs in the template of component BannerComponent.


Error: src/app/public/components/banner/banner.component.html:44:11 - error NG8002: Can't bind to 'ngModel' since it isn't a known property of 'select'.

44           [(ngModel)]="job_type">
             ~~~~~~~~~~~~~~~~~~~~~~

  src/app/public/components/banner/banner.component.ts:13:16
    13   templateUrl: './banner.component.html',
                      ~~~~~~~~~~~~~~~~~~~~~~~~~
    Error occurs in the template of component BannerComponent.


Error: src/app/public/components/banner/banner.component.html:44:24 - error TS2322: Type 'Event' is not assignable to type 'string'.

44           [(ngModel)]="job_type">
                          ~~~~~~~~~~
45             <option selected>{{ 'PUBLIC_PAGE.JOB_TYPE_SELECTOR' | translate }}</option>
   ~~~~

  src/app/public/components/banner/banner.component.ts:13:16
    13   templateUrl: './banner.component.html',
                      ~~~~~~~~~~~~~~~~~~~~~~~~~
    Error occurs in the template of component BannerComponent.


Error: src/app/public/components/banner/banner.component.html:45:67 - error NG8004: No pipe found with name 'translate'.

45             <option selected>{{ 'PUBLIC_PAGE.JOB_TYPE_SELECTOR' | translate }}</option>
                                                                     ~~~~~~~~~

  src/app/public/components/banner/banner.component.ts:13:16
    13   templateUrl: './banner.component.html',
                      ~~~~~~~~~~~~~~~~~~~~~~~~~
    Error occurs in the template of component BannerComponent.


Error: src/app/public/components/banner/banner.component.html:60:68 - error NG8004: No pipe found with name 'translate'.

60           (click)="findJobs()">{{ 'PUBLIC_PAGE.FIND_JOBS_BUTTON' | translate }}</button>
                                                                      ~~~~~~~~~

  src/app/public/components/banner/banner.component.ts:13:16
    13   templateUrl: './banner.component.html',
                      ~~~~~~~~~~~~~~~~~~~~~~~~~
    Error occurs in the template of component BannerComponent.


Error: src/app/public/components/explore-users/explore-users.component.html:8:82 - error NG8004: No pipe found with name 'translate'.

8      <h5 class="title-banner mb-3" >{{ 'PUBLIC_PAGE.RESUME_UPLOAD_BOX_MESSAGE' | translate }}</h5>
                                                                                   ~~~~~~~~~

  src/app/public/components/explore-users/explore-users.component.ts:11:16
    11   templateUrl: './explore-users.component.html',
                      ~~~~~~~~~~~~~~~~~~~~~~~~~~~~~~~~
    Error occurs in the template of component ExploreUsersComponent.


Error: src/app/public/components/explore-users/explore-users.component.html:3m12:48 - error NG8004: No pipe found with name 'translate'.

12        {{ 'PUBLIC_PAGE.RESUME_UPLOAD_BUTTON' | translate }}</button>
                                                  ~~~~~~~~~

  src/app/public/components/explore-users/explore-users.component.ts:11:16
    11   templateUrl: './explore-users.component.html',
                      ~~~~~~~~~~~~~~~~~~~~~~~~~~~~~~~~
    Error occurs in the template of component ExploreUsersComponent.


Error: src/app/public/employer-portal/employer-portal.component.html:11:5 - error NG8001: 'app-talent-proof-badge' is not a known element:
1. If 'app-talent-proof-badge' is an Angular component, then verify that it is part of this module.
2. If 'app-talent-proof-badge' is a Web Component then add 'CUSTOM_ELEMENTS_SCHEMA' to the '@NgModule.schemas' of this component to suppress this message.

11     <app-talent-proof-badge variant="card" placement="employer_portal_hero"></app-talent-proof-badge>
       ~~~~~~~~~~~~~~~~~~~~~~~~~~~~~~~~~~~~~~~~~~~~~~~~~~~~~~~~~~~~~~~~~~~~~~~~

  src/app/public/employer-portal/employer-portal.component.ts:10:16
    10   templateUrl: './employer-portal.component.html',
                      ~~~~~~~~~~~~~~~~~~~~~~~~~~~~~~~~~~
    Error occurs in the template of component EmployerPortalComponent.


Error: src/app/public/employer-portal/employer-portal.component.html:45:3 - error NG8001: 'app-portal-faq' is not a known element:
1. If 'app-portal-faq' is an Angular component, then verify that it is part of this module.
2. If 'app-portal-faq' is a Web Component then add 'CUSTOM_ELEMENTS_SCHEMA' to the '@NgModule.schemas' of this component to suppress this message.

45   <app-portal-faq [items]="faqItems"></app-portal-faq>
     ~~~~~~~~~~~~~~~~~~~~~~~~~~~~~~~~~~~

  src/app/public/employer-portal/employer-portal.component.ts:10:16
    10   templateUrl: './employer-portal.component.html',
                      ~~~~~~~~~~~~~~~~~~~~~~~~~~~~~~~~~~
    Error occurs in the template of component EmployerPortalComponent.


Error: src/app/public/employer-portal/employer-portal.component.html:45:19 - error NG8002: Can't bind to 'items' since it isn't a known property of 'app-portal-faq'.
1. If 'app-portal-faq' is an Angular component and it has 'items' input, then verify that it is part of this module.
2. If 'app-portal-faq' is a Web Component then add 'CUSTOM_ELEMENTS_SCHEMA' to the '@NgModule.schemas' of this component to suppress this message.
3. To allow any property add 'NO_ERRORS_SCHEMA' to the '@NgModule.schemas' of this component.

45   <app-portal-faq [items]="faqItems"></app-portal-faq>
                     ~~~~~~~~~~~~~~~~~~

  src/app/public/employer-portal/employer-portal.component.ts:10:16
    10   templateUrl: './employer-portal.component.html',
                      ~~~~~~~~~~~~~~~~~~~~~~~~~~~~~~~~~~
    Error occurs in the template of component EmployerPortalComponent.


Error: src/app/public/employer-portal/employer-portal.component.html:48:1 - error NG8001: 'app-portal-cta-band' is not a known element:
1. If 'app-portal-cta-band' is an Angular component, then verify that it is part of this module.
2. If 'app-portal-cta-band' is a Web Component then add 'CUSTOM_ELEMENTS_SCHEMA' to the '@NgModule.schemas' of this component to suppress this message.

 48 <app-portal-cta-band
    ~~~~~~~~~~~~~~~~~~~~
 49   title="Ready to start hiring?"
    ~~~~~~~~~~~~~~~~~~~~~~~~~~~~~~~~
... 
 51   primaryLabel="Create employer account"
    ~~~~~~~~~~~~~~~~~~~~~~~~~~~~~~~~~~~~~~~~
 52   (primaryClick)="startHiring()">
    ~~~~~~~~~~~~~~~~~~~~~~~~~~~~~~~~~

  src/app/public/employer-portal/employer-portal.component.ts:10:16
    10   templateUrl: './employer-portal.component.html',
                      ~~~~~~~~~~~~~~~~~~~~~~~~~~~~~~~~~~
    Error occurs in the template of component EmployerPortalComponent.


Error: src/app/public/job-seeker-portal/job-seeker-portal.component.html:14:9 - error NG8002: Can't bind to 'ngModel' since it isn't a known property of 'input'.

14         [(ngModel)]="keyword"
           ~~~~~~~~~~~~~~~~~~~~~

  src/app/public/job-seeker-portal/job-seeker-portal.component.ts:11:16
    11   templateUrl: './job-seeker-portal.component.html',
                      ~~~~~~~~~~~~~~~~~~~~~~~~~~~~~~~~~~~~
    Error occurs in the template of component JobSeekerPortalComponent.


Error: src/app/public/job-seeker-portal/job-seeker-portal.component.html:14:22 - error TS2322: Type 'Event' is not assignable to type 'string'.

14         [(ngModel)]="keyword"
                        ~~~~~~~~
15         name="keyword">
   ~~~~~~

  src/app/public/job-seeker-portal/job-seeker-portal.component.ts:11:16
    11   templateUrl: './job-seeker-portal.component.html',
                      ~~~~~~~~~~~~~~~~~~~~~~~~~~~~~~~~~~~~
    Error occurs in the template of component JobSeekerPortalComponent.


Error: src/app/public/job-seeker-portal/job-seeker-portal.component.html:40:3 - error NG8001: [0m'app-inline-loading' is not a known element:
1. If 'app-inline-loading' is an Angular component, then verify that it is part of this module.
2. If 'app-inline-loading' is a Web Component then add 'CUSTOM_ELEMENTS_SCHEMA' to the '@NgModule.schemas' of this component to suppress this message.

40   <app-inline-loading *ngIf="loading$ | async"></app-inline-loading>
     ~~~~~~~~~~~~~~~~~~~~~~~~~~~~~~~~~~~~~~~~~~~~~

  src/app/public/job-seeker-portal/job-seeker-portal.component.ts:11:16
    11   templateUrl: './job-seeker-portal.component.html',
                      ~~~~~~~~~~~~~~~~~~~~~~~~~~~~~~~~~~~~
    Error occurs in the template of component JobSeekerPortalComponent.


Error: src/app/public/job-seeker-portal/job-seeker-portal.component.html:44:7 - error NG8001: 'app-job-card' is not a known element:
1. If 'app-job-card' is an Angular component, then verify that it is part of this module.
2. If 'app-job-card' is a Web Component then add 'CUSTOM_ELEMENTS_SCHEMA' to the '@NgModule.schemas' of this component to suppress this message.

44       <app-job-card *ngFor="let job of jobs.slice(0, 3); let i = index" [data]="job" [i]="i"></app-job-card>
         ~~~~~~~~~~~~~~~~~~~~~~~~~~~~~~~~~~~~~~~~~~~~~~~~~~~~~~~~~~~~~~~~~~~~~~~~~~~~~~~~~~~~~~~

  src/app/public/job-seeker-portal/job-seeker-portal.component.ts:11:16
    11   templateUrl: './job-seeker-portal.component.html',
                      ~~~~~~~~~~~~~~~~~~~~~~~~~~~~~~~~~~~~
    Error occurs in the template of component JobSeekerPortalComponent.


Error: src/app/public/job-seeker-portal/job-seeker-portal.component.html:44:73 - error NG8002: Can't bind to 'data' since it isn't a known property of 'app-job-card'.
1. If 'app-job-card' is an Angular component and it has 'data' input, then verify that it is part of this module.
2. If 'app-job-card' is a Web Component then add 'CUSTOM_ELEMENTS_SCHEMA' to the '@NgModule.schemas' of this component to suppress this message.
3. To allow any property add 'NO_ERRORS_SCHEMA' to the '@NgModule.schemas' of this component.

44       <app-job-card *ngFor="let job of jobs.slice(0, 3); let i = index" [data]="job" [i]="i"></app-job-card>
                                                                           ~~~~~~~~~~~~

  src/app/public/job-seeker-portal/job-seeker-portal.component.ts:11:16
    11   templateUrl: './job-seeker-portal.component.html',
                      ~~~~~~~~~~~~~~~~~~~~~~~~~~~~~~~~~~~~
    Error occurs in the template of component JobSeekerPortalComponent.


Error: src/app/public/job-seeker-portal/job-seeker-portal.component.html:44:86 - error NG8002: Can't bind to 'i' since it isn't a known property of 'app-job-card'.
1. If 'app-job-card' is an Angular component and it has 'i' input, then verify that it is part of this module.
2. If 'app-job-card' is a Web Component then add 'CUSTOM_ELEMENTS_SCHEMA' to the '@NgModule.schemas' of this component to suppress this message.
3. To allow any property add 'NO_ERRORS_SCHEMA' to the '@NgModule.schemas' of this component.

44       <app-job-card *ngFor="let job of jobs.slice(0, 3); let i = index" [data]="job" [i]="i"></app-job-card>
                                                                                        ~~~~~~~

  src/app/public/job-seeker-portal/job-seeker-portal.component.ts:11:16
    11   templateUrl: './job-seeker-portal.component.html',
                      ~~~~~~~~~~~~~~~~~~~~~~~~~~~~~~~~~~~~
    Error occurs in the template of component JobSeekerPortalComponent.


Error: src/app/public/job-seeker-portal/job-seeker-portal.component.html:71:3 - error NG8001: 'app-portal-faq' is not a known element:
1. If 'app-portal-faq' is an Angular component, then verify that it is part of this module.
2. If 'app-portal-faq' is a Web Component then add 'CUSTOM_ELEMENTS_SCHEMA' to the '@NgModule.schemas' of this component to suppress this message.

71   <app-portal-faq [items]="faqItems"></app-portal-faq>
     ~~~~~~~~~~~~~~~~~~~~~~~~~~~~~~~~~~~

  src/app/public/job-seeker-portal/job-seeker-portal.component.ts:11:16
    11   templateUrl: './job-seeker-portal.component.html',
                      ~~~~~~~~~~~~~~~~~~~~~~~~~~~~~~~~~~~~
    Error occurs in the template of component JobSeekerPortalComponent.


Error: src/app/public/job-seeker-portal/job-seeker-portal.component.html:71:19 - error NG8002: Can't bind to 'items' since it isn't a known property of 'app-portal-faq'.
1. If 'app-portal-faq' is an Angular component and it has 'items' input, then verify that it is part of this module.
2. If 'app-portal-faq' is a Web Component then add 'CUSTOM_ELEMENTS_SCHEMA' to the '@NgModule.schemas' of this component to suppress this message.
3. To allow any property add 'NO_ERRORS_SCHEMA' to the '@NgModule.schemas' of this component.

71   <app-portal-faq [items]="faqItems"></app-portal-faq>
                     ~~~~~~~~~~~~~~~~~~

  src/app/public/job-seeker-portal/job-seeker-portal.component.ts:11:16
    11   templateUrl: './job-seeker-portal.component.html',
                      ~~~~~~~~~~~~~~~~~~~~~~~~~~~~~~~~~~~~
    Error occurs in the template of component JobSeekerPortalComponent.


Error: src/app/public/job-seeker-portal/job-seeker-portal.component.html:74:1 - error[90m NG8001: 'app-portal-cta-band' is not a known element:
1. If 'app-portal-cta-band' is an Angular component, then verify that it is part of this module.
2. If 'app-portal-cta-band' is a Web Component then add 'CUSTOM_ELEMENTS_SCHEMA' to the '@NgModule.schemas' of this component to suppress this message.

 74 <app-portal-cta-band
    ~~~~~~~~~~~~~~~~~~~~
 75   title="Ready to find your next role?"
    ~~~~~~~~~~~~~~~~~~~~~~~~~~~~~~~~~~~~~~~
... 
 79   (primaryClick)="createAccount()"
    ~~~~~~~~~~~~~~~~~~~~~~~~~~~~~~~~~~
 80   (secondaryClick)="goToJobs()">
    ~~~~~~~~~~~~~~~~~~~~~~~~~~~~~~~~

  src/app/public/job-seeker-portal/job-seeker-portal.component.ts:11:16
    11   templateUrl: './job-seeker-portal.component.html',
                      ~~~~~~~~~~~~~~~~~~~~~~~~~~~~~~~~~~~~
    Error occurs in the template of component JobSeekerPortalComponent.


Error: src/app/public/main-portal/main-portal.component.html:13:5 - error NG8001: 'app-role-card' is not a known element:
1. If 'app-role-card' is an Angular component, then verify that it is part of this module.
2. If 'app-role-card' is a Web Component then add 'CUSTOM_ELEMENTS_SCHEMA' to the '@NgModule.schemas' of this component to suppress this message.

 13     <app-role-card
        ~~~~~~~~~~~~~~
 14       icon="/assets/images/placeholder/icons/card-applicant-icon.png"
    ~~~~~~~~~~~~~~~~~~~~~~~~~~~~~~~~~~~~~~~~~~~~~~~~~~~~~~~~~~~~~~~~~~~~~
... 
 18       ariaLabel="Continue as Job Seeker"
    ~~~~~~~~~~~~~~~~~~~~~~~~~~~~~~~~~~~~~~~~
 19       (activated)="goToJobSeekerPortal()">
    ~~~~~~~~~~~~~~~~~~~~~~~~~~~~~~~~~~~~~~~~~~

  src/app/public/main-portal/main-portal.component.ts:14:16
    14   templateUrl: './main-portal.component.html',
                      ~~~~~~~~~~~~~~~~~~~~~~~~~~~~~~
    Error occurs in the template of component MainPortalComponent.


Error: src/app/public/main-portal/main-portal.component.html:22:5 - error NG8001: 'app-role-card' is not a known element:
1. If 'app-role-card' is an Angular component, then verify that it is part of this module.
2. If 'app-role-card' is a Web Component then add 'CUSTOM_ELEMENTS_SCHEMA' to the '@NgModule.schemas' of this component to suppress this message.

 22     <app-role-card
        ~~~~~~~~~~~~~~
 23       icon="/assets/images/placeholder/icons/card-interview-icon.png"
    ~~~~~~~~~~~~~~~~~~~~~~~~~~~~~~~~~~~~~~~~~~~~~~~~~~~~~~~~~~~~~~~~~~~~~
... 
 27       ariaLabel="Continue as Employer"
    ~~~~~~~~~~~~~~~~~~~~~~~~~~~~~~~~~~~~~~
 28       (activated)="goToEmployerPortal()">
    ~~~~~~~~~~~~~~~~~~~~~~~~~~~~~~~~~~~~~~~~~

  src/app/public/main-portal/main-portal.component.ts:14:16
    14   templateUrl: './main-portal.component.html',
                      ~~~~~~~~~~~~~~~~~~~~~~~~~~~~~~
    Error occurs in the template of component MainPortalComponent.


Error: src/app/public/main-portal/main-portal.component.html:35:5 - error NG8001: 'app-talent-proof-badge' is not a known element:
1. If 'app-talent-proof-badge' is an Angular component, then verify that it is part of this module.
2. If 'app-talent-proof-badge' is a Web Component then add 'CUSTOM_ELEMENTS_SCHEMA' to the '@NgModule.schemas' of this component to suppress this message.

35     <app-talent-proof-badge variant="pill" placement="main_portal_role_card"></app-talent-proof-badge>
       ~~~~~~~~~~~~~~~~~~~~~~~~~~~~~~~~~~~~~~~~~~~~~~~~~~~~~~~~~~~~~~~~~~~~~~~~~

  src/app/public/main-portal/main-portal.component.ts:14:16
    14   templateUrl: './main-portal.component.html',
                      ~~~~~~~~~~~~~~~~~~~~~~~~~~~~~~
    Error occurs in the template of component MainPortalComponent.


Error: src/app/public/main-portal/main-portal.component.html:55:1 - error NG8001: 'app-portal-cta-band' is not a known element:
1. If 'app-portal-cta-band' is an Angular component, then verify that it is part of this module.
2. If 'app-portal-cta-band' is a Web Component then add 'CUSTOM_ELEMENTS_SCHEMA' to the '@NgModule.schemas' of this component to suppress this message.

 55 <app-portal-cta-band
    ~~~~~~~~~~~~~~~~~~~~
 56   title="Ready to get started?"
    ~~~~~~~~~~~~~~~~~~~~~~~~~~~~~~~
... 
 60   (primaryClick)="goToJobs()"
    ~~~~~~~~~~~~~~~~~~~~~~~~~~~~~
 61   (secondaryClick)="goToEmployerPortal()">
    ~~~~~~~~~~~~~~~~~~~~~~~~~~~~~~~~~~~~~~~~~~

  src/app/public/main-portal/main-portal.component.ts:14:16
    14   templateUrl: './main-portal.component.html',
                      ~~~~~~~~~~~~~~~~~~~~~~~~~~~~~~
    Error occurs in the template of component MainPortalComponent.


Error: src/app/public/public-details/public-details.component.html:12:46 - error NG8004: No pipe found with name 'currency'.

12           {{selectedJobPost?.salaryMinimum | currency: selectedJobPost.salaryCurrency: 'symbol' }} -
                                                ~~~~~~~~

  src/app/public/public-details/public-details.component.ts:8:16
    8   templateUrl: './public-details.component.html',
                     ~~~~~~~~~~~~~~~~~~~~~~~~~~~~~~~~~
    Error occurs in the template of component PublicDetailsComponent.


Error: src/app/public/public-details/public-details.component.html:13:46 - error NG8004: No pipe found with name 'currency'.

13           {{selectedJobPost?.salaryMaximum | currency: selectedJobPost.salaryCurrency: 'symbol' }}
                                                ~~~~~~~~

  src/app/public/public-details/public-details.component.ts:8:16
    8   templateUrl: './public-details.component.html',
                     ~~~~~~~~~~~~~~~~~~~~~~~~~~~~~~~~~
    Error occurs in the template of component PublicDetailsComponent.


Error: src/app/public/public-details/public-details.component.html:23:7 - error NG8001: 'app-job-details-sidecard' is not a known element:
1. If 'app-job-details-sidecard' is an Angular component, then verify that it is part of this module.
2. If 'app-job-details-sidecard' is a Web Component then add 'CUSTOM_ELEMENTS_SCHEMA' to the '@NgModule.schemas' of this component to suppress this message.

23       <app-job-details-sidecard [data]="selectedJobPost" [company]="selectedJobPost" [screenSize]="screenSize">
         ~~~~~~~~~~~~~~~~~~~~~~~~~~~~~~~~~~~~~~~~~~~~~~~~~~~~~~~~~~~~~~~~~~~~~~~~~~~~~~~~~~~~~~~~~~~~~~~~~~~~~~~~~

  src/app/public/public-details/public-details.component.ts:8:16
    8   templateUrl: './public-details.component.html',
                     ~~~~~~~~~~~~~~~~~~~~~~~~~~~~~~~~~
    Error occurs in the template of component PublicDetailsComponent.


Error: src/app/public/public-details/public-details.component.html:23:33 - error NG8002: Can't bind to 'data' since it isn't a known property of 'app-job-details-sidecard'.
1. If 'app-job-details-sidecard' is an Angular component and it has 'data' input, then verify that it is part of this module.
2. If 'app-job-details-sidecard' is a Web Component then add 'CUSTOM_ELEMENTS_SCHEMA' to the '@NgModule.schemas' of this component to suppress this message.
3. To allow any property add 'NO_ERRORS_SCHEMA' to the '@NgModule.schemas' of this component.

23       <app-job-details-sidecard [data]="selectedJobPost" [company]="selectedJobPost" [screenSize]="screenSize">
                                   ~~~~~~~~~~~~~~~~~~~~~~~~

  src/app/public/public-details/public-details.component.ts:8:16
    8   templateUrl: './public-details.component.html',
                     ~~~~~~~~~~~~~~~~~~~~~~~~~~~~~~~~~
    Error occurs in the template of component PublicDetailsComponent.


Error: src/app/public/public-details/public-details.component.html:23:58 - error NG8002: Can't bind to 'company' since it isn't a known property of 'app-job-details-sidecard'.
1. If 'app-job-details-sidecard' is an Angular component and it has 'company' input, then verify that it is part of this module.
2. If 'app-job-details-sidecard' is a Web Component then add 'CUSTOM_ELEMENTS_SCHEMA' to the '@NgModule.schemas' of this component to suppress this message.
3. To allow any property add 'NO_ERRORS_SCHEMA' to the '@NgModule.schemas' of this component.

23       <app-job-details-sidecard [data]="selectedJobPost" [company]="selectedJobPost" [screenSize]="screenSize">
                                                            ~~~~~~~~~~~~~~~~~~~~~~~~~~~

  src/app/public/public-details/public-details.component.ts:8:16
    8   templateUrl: './public-details.component.html',
                     ~~~~~~~~~~~~~~~~~~~~~~~~~~~~~~~~~
    Error occurs in the template of component PublicDetailsComponent.


Error: src/app/public/public-details/public-details.component.html:23:86 - error NG8002: Can't bind to 'screenSize' since it isn't a known property of 'app-job-details-sidecard'.
1. If 'app-job-details-sidecard' is an Angular component and it has 'screenSize' input, then verify that it is part of this module.
2. If 'app-job-details-sidecard' is a Web Component then add 'CUSTOM_ELEMENTS_SCHEMA' to the '@NgModule.schemas' of this component to suppress this message.
3. To allow any property add 'NO_ERRORS_SCHEMA' to the '@NgModule.schemas' of this component.

23       <app-job-details-sidecard [data]="selectedJobPost" [company]="selectedJobPost" [screenSize]="screenSize">
                                                                                        ~~~~~~~~~~~~~~~~~~~~~~~~~

  src/app/public/public-details/public-details.component.ts:8:16
    8   templateUrl: './public-details.component.html',
                     ~~~~~~~~~~~~~~~~~~~~~~~~~~~~~~~~~
    Error occurs in the template of component PublicDetailsComponent.


Error: src/app/public/public-details/public-details.component.html:29:7 - error NG8001: 'app-application-process' is not a known element:
1. If 'app-application-process' is an Angular component, then verify that it is part of this module.
2. If 'app-application-process' is a Web Component then add 'CUSTOM_ELEMENTS_SCHEMA' to the '@NgModule.schemas' of this component to suppress this message.

29       <app-application-process *ngIf="isApplying" [job]="selectedJobPost" (apply)="apply($event)">
         ~~~~~~~~~~~~~~~~~~~~~~~~~~~~~~~~~~~~~~~~~~~~~~~~~~~~~~~~~~~~~~~~~~~~~~~~~~~~~~~~~~~~~~~~~~~~

  src/app/public/public-details/public-details.component.ts:8:16
    8   templateUrl: './public-details.component.html',
                     ~~~~~~~~~~~~~~~~~~~~~~~~~~~~~~~~~
    Error occurs in the template of component PublicDetailsComponent.


Error: src/app/public/public-details/public-details.component.html:29:51 - error NG8002: Can't bind to 'job' since it isn't a known property of 'app-application-process'.
1. If 'app-application-process' is an Angular component and it has 'job' input, then verify that it is part of this module.
2. If 'app-application-process' is a Web Component then add 'CUSTOM_ELEMENTS_SCHEMA' to the '@NgModule.schemas' of this component to suppress this message.
3. To allow any property add 'NO_ERRORS_SCHEMA' to the '@NgModule.schemas' of this component.

29       <app-application-process *ngIf="isApplying" [job]="selectedJobPost" (apply)="apply($event)">
                                                     ~~~~~~~~~~~~~~~~~~~~~~~

  src/app/public/public-details/public-details.component.ts:8:16
    8   templateUrl: './public-details.component.html',
                     ~~~~~~~~~~~~~~~~~~~~~~~~~~~~~~~~~
    Error occurs in the template of component PublicDetailsComponent.


Error: src/app/public/public-details/public-details.component.html:32:7 - error NG8001: 'app-job-posts-details' is not a known element:
1. If 'app-job-posts-details' is an Angular component, then verify that it is part of this module.
2. If 'app-job-posts-details' is a Web Component then add 'CUSTOM_ELEMENTS_SCHEMA' to the '@NgModule.schemas' of this component to suppress this message.

32       <app-job-posts-details [withBanner]="false" *ngIf="!isApplying" (apply)="apply($event)">
         ~~~~~~~~~~~~~~~~~~~~~~~~~~~~~~~~~~~~~~~~~~~~~~~~~~~~~~~~~~~~~~~~~~~~~~~~~~~~~~~~~~~~~~~~

  src/app/public/public-details/public-details.component.ts:8:16
    8   templateUrl: './public-details.component.html',
                     ~~~~~~~~~~~~~~~~~~~~~~~~~~~~~~~~~
    Error occurs in the template of component PublicDetailsComponent.


Error: src/app/public/public-details/public-details.component.html:32:30 - error NG8002: Can't bind to 'withBanner' since it isn't a known property of 'app-job-posts-details'.
1. If 'app-job-posts-details' is an Angular component and it has 'withBanner' input, then verify that it is part of this module.
2. If 'app-job-posts-details' is a Web Component then add 'CUSTOM_ELEMENTS_SCHEMA' to the '@NgModule.schemas' of this component to suppress this message.
3. To allow any property add 'NO_ERRORS_SCHEMA' to the '@NgModule.schemas' of this component.

32       <app-job-posts-details [withBanner]="false" *ngIf="!isApplying" (apply)="apply($event)">
                                ~~~~~~~~~~~~~~~~~~~~

  src/app/public/public-details/public-details.component.ts:8:16
    8   templateUrl: './public-details.component.html',
                     ~~~~~~~~~~~~~~~~~~~~~~~~~~~~~~~~~
    Error occurs in the template of component PublicDetailsComponent.


Error: src/app/public/public-list/public-list.component.html:2:1 - error NG8001: 'app-public-banner' is not a known element:
1. If 'app-public-banner' is an Angular component, then verify that it is part of this module.
2. If 'app-public-banner' is a Web Component then add 'CUSTOM_ELEMENTS_SCHEMA' to the '@NgModule.schemas' of this component to suppress this message.

2 <app-public-banner [screenSize]="screenSize"></app-public-banner>
  ~~~~~~~~~~~~~~~~~~~~~~~~~~~~~~~~~~~~~~~~~~~~~

  src/app/public/public-list/public-list.component.ts:5:16
    5   templateUrl: './public-list.component.html',
                     ~~~~~~~~~~~~~~~~~~~~~~~~~~~~~~
    Error occurs in the template of component PublicListComponent.


Error: src/app/public/public-list/public-list.component.html:2:20 - error NG8002: Can't bind to 'screenSize' since it isn't a known property of 'app-public-banner'.
1. If 'app-public-banner' is an Angular component and it has 'screenSize' input, then verify that it is part of this module.
2. If 'app-public-banner' is a Web Component then add 'CUSTOM_ELEMENTS_SCHEMA' to the '@NgModule.schemas' of this component to suppress this message.
3. To allow any property add 'NO_ERRORS_SCHEMA' to the '@NgModule.schemas' of this component.

2 <app-public-banner [screenSize]="screenSize"></app-public-banner>
                     ~~~~~~~~~~~~~~~~~~~~~~~~~

  src/app/public/public-list/public-list.component.ts:5:16
    5   templateUrl: './public-list.component.html',
                     ~~~~~~~~~~~~~~~~~~~~~~~~~~~~~~
    Error occurs in the template of component PublicListComponent.


Error: src/app/public/public-list/public-list.component.html:5:1 - error NG8001: 'app-public-companies-recommended' is not a known element:
1. If 'app-public-companies-recommended' is an Angular component, then verify that it is part of this module.
2. If 'app-public-companies-recommended' is a Web Component then add 'CUSTOM_ELEMENTS_SCHEMA' to the '@NgModule.schemas' of this component to suppress this message.

5 <app-public-companies-recommended></app-public-companies-recommended>
  ~~~~~~~~~~~~~~~~~~~~~~~~~~~~~~~~~~

  src/app/public/public-list/public-list.component.ts:5:16
    5   templateUrl: './public-list.component.html',
                     ~~~~~~~~~~~~~~~~~~~~~~~~~~~~~~
    Error occurs in the template of component PublicListComponent.


Error: src/app/public/public-list/public-list.component.html:12:5 - error NG8001: 'app-job-board-employer-cta' is not a known element:
1. If 'app-job-board-employer-cta' is an Angular component, then verify that it is part of this module.
2. If 'app-job-board-employer-cta' is a Web Component then add 'CUSTOM_ELEMENTS_SCHEMA' to the '@NgModule.schemas' of this component to suppress this message.

12     <app-job-board-employer-cta></app-job-board-employer-cta>
       ~~~~~~~~~~~~~~~~~~~~~~~~~~~~

  src/app/public/public-list/public-list.component.ts:5:16
    5   templateUrl: './public-list.component.html',
                     ~~~~~~~~~~~~~~~~~~~~~~~~~~~~~~
    Error occurs in the template of component PublicListComponent.


Error: src/app/public/public-list/public-list.component.html:14:5 - error NG8001: 'app-job-posts-list' is not a known element:
1. If 'app-job-posts-list' is an Angular component, then verify that it is part of this module.
2. If 'app-job-posts-list' is a Web Component then add 'CUSTOM_ELEMENTS_SCHEMA' to the '@NgModule.schemas' of this component to suppress this message.

14     <app-job-posts-list label="{{ 'PUBLIC_PAGE.JOB_POST_SECTION_MESSAGE' | translate }}"></app-job-posts-list>
       ~~~~~~~~~~~~~~~~~~~~~~~~~~~~~~~~~~~~~~~~~~~~~~~~~~~~~~~~~~~~~~~~~~~~~~~~~~~~~~~~~~~~~

  src/app/public/public-list/public-list.component.ts:5:16
    5   templateUrl: './public-list.component.html',
                     ~~~~~~~~~~~~~~~~~~~~~~~~~~~~~~
    Error occurs in the template of component PublicListComponent.


Error: src/app/public/public-list/public-list.component.html:14:25 - error NG8002: Can't bind to 'label' since it isn't a known property of 'app-job-posts-list'.
1. If 'app-job-posts-list' is an Angular component and it has 'label' input, then verify that it is part of this module.
2. If 'app-job-posts-list' is a Web Component then add 'CUSTOM_ELEMENTS_SCHEMA' to the '@NgModule.schemas' of this component to suppress this message.
3. To allow any property add 'NO_ERRORS_SCHEMA' to the '@NgModule.schemas' of this component.

14     <app-job-posts-list label="{{ 'PUBLIC_PAGE.JOB_POST_SECTION_MESSAGE' | translate }}"></app-job-posts-list>
                           ~~~~~~~~~~~~~~~~~~~~~~~~~~~~~~~~~~~~~~~~~~~~~~~~~~~~~~~~~~~~~~~~

  src/app/public/public-list/public-list.component.ts:5:16
    5   templateUrl: './public-list.component.html',
                     ~~~~~~~~~~~~~~~~~~~~~~~~~~~~~~
    Error occurs in the template of component PublicListComponent.


Error: src/app/public/public-list/public-list.component.html:14:76 - error NG8004: No pipe found with name 'translate'.

14     <app-job-posts-list label="{{ 'PUBLIC_PAGE.JOB_POST_SECTION_MESSAGE' | translate }}"></app-job-posts-list>
                                                                              ~~~~~~~~~

  src/app/public/public-list/public-list.component.ts:5:16
    5   templateUrl: './public-list.component.html',
                     ~~~~~~~~~~~~~~~~~~~~~~~~~~~~~~
    Error occurs in the template of component PublicListComponent.


Error: src/app/public/public-list/public-list.component.html:18:1 - error NG8001: 'app-public-explore-users' is not a known element:
1. If 'app-public-explore-users' is an Angular component, then verify that it is part of this module.
2. If 'app-public-explore-users' is a Web Component then add 'CUSTOM_ELEMENTS_SCHEMA' to the '@NgModule.schemas' of this component to suppress this message.

18 <app-public-explore-users [userRole]="userRole"></app-public-explore-users>
   ~~~~~~~~~~~~~~~~~~~~~~~~~~~~~~~~~~~~~~~~~~~~~~~~

  src/app/public/public-list/public-list.component.ts:5:16
    5   templateUrl: './public-list.component.html',
                     ~~~~~~~~~~~~~~~~~~~~~~~~~~~~~~
    Error occurs in the template of component PublicListComponent.


Error: src/app/public/public-list/public-list.component.html:18:27 - error NG8002: Can't bind to 'userRole' since it isn't a known property of 'app-public-explore-users'.
1. If 'app-public-explore-users' is an Angular component and it has 'userRole' input, then verify that it is part of this module.
2. If 'app-public-explore-users' is a Web Component then add 'CUSTOM_ELEMENTS_SCHEMA' to the '@NgModule.schemas' of this component to suppress this message.
3. To allow any property add 'NO_ERRORS_SCHEMA' to the '@NgModule.schemas' of this component.

18 <app-public-explore-users [userRole]="userRole"></app-public-explore-users>
                             ~~~~~~~~~~~~~~~~~~~~~

  src/app/public/public-list/public-list.component.ts:5:16
    5   templateUrl: './public-list.component.html',
                     ~~~~~~~~~~~~~~~~~~~~~~~~~~~~~~
    Error occurs in the template of component PublicListComponent.


Error: src/app/public/public-search/public-search.component.html:1:34 - error NG8002: Can't bind to 'ngClass' since it isn't a known property of 'div'.

1 <div class="container-fluid p-0" [ngClass]="loggedUser ? '' : ''">
                                   ~~~~~~~~~~~~~~~~~~~~~~~~~~~~~~~~

  src/app/public/public-search/public-search.component.ts:13:16
    13   templateUrl: './public-search.component.html',
                      ~~~~~~~~~~~~~~~~~~~~~~~~~~~~~~~~
    Error occurs in the template of component PublicSearchComponent.


Error: src/app/public/public-search/public-search.component.html:5:4 - error NG8002: Can't bind to 'ngClass' since it isn't a known property of 'div'.

5    [ngClass]="screenSize > 1500 ? ' col-lg-11' : 'col-lg-11'"
     ~~~~~~~~~~~~~~~~~~~~~~~~~~~~~~~~~~~~~~~~~~~~~~~~~~~~~~~~~~

  src/app/public/public-search/public-search.component.ts:13:16
    13   templateUrl: './public-search.component.html',
                      ~~~~~~~~~~~~~~~~~~~~~~~~~~~~~~~~
    Error occurs in the template of component PublicSearchComponent.


Error: src/app/public/public-search/public-search.component.html:8:25 - error NG8002: Can't bind to 'ngClass' since it isn't a known property of 'div'.

8      <div class="me-3 " [ngClass]="loggedUser ? 'search-key-2' : 'search-key'">
                          ~~~~~~~~~~~~~~~~~~~~~~~~~~~~~~~~~~~~~~~~~~~~~~~~~~~~~~

  src/app/public/public-search/public-search.component.ts:13:16
    13   templateUrl: './public-search.component.html',
                      ~~~~~~~~~~~~~~~~~~~~~~~~~~~~~~~~
    Error occurs in the template of component PublicSearchComponent.


Error: src/app/public/public-search/public-search.component.html:10:7 - error NG8002: Can't bind to 'ngModel' since it isn't a known property of 'input'.

10       [(ngModel)]="keyword">
         ~~~~~~~~~~~~~~~~~~~~~

  src/app/public/public-search/public-search.component.ts:13:16
    13   templateUrl: './public-search.component.html',
                      ~~~~~~~~~~~~~~~~~~~~~~~~~~~~~~~~
    Error occurs in the template of component PublicSearchComponent.


Error: src/app/public/public-search/public-search.component.html:10:20 - error TS2322: Type 'Event' is not assignable to type 'string'.

10       [(ngModel)]="keyword">
                      ~~~~~~~~~
11      </div>
   ~~~~

  src/app/public/public-search/public-search.component.ts:13:16
    13   templateUrl: './public-search.component.html',
                      ~~~~~~~~~~~~~~~~~~~~~~~~~~~~~~~~
    Error occurs in the template of component PublicSearchComponent.


Error: src/app/public/public-search/public-search.component.html:16:11 - error NG8002: Can't bind to 'ngModel' since it isn't a known property of 'select'.

16           [(ngModel)]="work_setup">
             ~~~~~~~~~~~~~~~~~~~~~~~~

  src/app/public/public-search/public-search.component.ts:13:16
    13   templateUrl: './public-search.component.html',
                      ~~~~~~~~~~~~~~~~~~~~~~~~~~~~~~~~
    Error occurs in the template of component PublicSearchComponent.


Error: src/app/public/public-search/public-search.component.html:16:24 - error TS2322: Type 'Event' is not assignable to type 'string'.

16           [(ngModel)]="work_setup">
                          ~~~~~~~~~~~~
17             <option selected>Work Setup</option>
   ~~~~

  src/app/public/public-search/public-search.component.ts[0m:13:16
    13   templateUrl: './public-search.component.html',
                      ~~~~~~~~~~~~~~~~~~~~~~~~~~~~~~~~
    Error occurs in the template of component PublicSearchComponent.


Error: src/app/public/public-search/public-search.component.html:28:11 - error NG8002: Can't bind to 'ngModel' since it isn't a known property of 'select'.

28           [(ngModel)]="job_type">
             ~~~~~~~~~~~~~~~~~~~~~~

  src/app/public/public-search/public-search.component.ts:13:16
    13   templateUrl: './public-search.component.html',
                      ~~~~~~~~~~~~~~~~~~~~~~~~~~~~~~~~
    Error occurs in the template of component PublicSearchComponent.


Error: src/app/public/public-search/public-search.component.html:28:24 - error TS2322: Type 'Event' is not assignable to type 'string'.

28           [(ngModel)]="job_type">
                          ~~~~~~~~~~
29             <option selected>Job Type</option>
   ~~~~

  src/app/public/public-search/public-search.component.ts:13:16
    13   templateUrl: './public-search.component.html',
                      ~~~~~~~~~~~~~~~~~~~~~~~~~~~~~~~~
    Error occurs in the template of component PublicSearchComponent.


Error: src/app/public/public-search/public-search.component.html:53:5 - error NG8001: 'app-job-posts-list' is not a known element:
1. If 'app-job-posts-list' is an Angular component, then verify that it is part of this module.
2. If 'app-job-posts-list' is a Web Component then add 'CUSTOM_ELEMENTS_SCHEMA' to the '@NgModule.schemas' of this component to suppress this message.

53     <app-job-posts-list [label]="'Jobs Search Result'"
       ~~~~~~~~~~~~~~~~~~~~~~~~~~~~~~~~~~~~~~~~~~~~~~~~~~
54     [searchData]="jobSearch"
   ~~~~~~~~~~~~~~~~~~~~~~~~~~~~
55     [fromSearch]="true"
   ~~~~~~~~~~~~~~~~~~~~~~~
56     [subLabel]="'List of available jobs based on current search keywords'"></app-job-posts-list>
   ~~~~~~~~~~~~~~~~~~~~~~~~~~~~~~~~~~~~~~~~~~~~~~~~~~~~~~~~~~~~~~~~~~~~~~~~~~~

  src/app/public/public-search/public-search.component.ts:13:16
    13   templateUrl: './public-search.component.html',
                      ~~~~~~~~~~~~~~~~~~~~~~~~~~~~~~~~
    Error occurs in the template of component PublicSearchComponent.


Error: src/app/public/public-search/public-search.component.html:53:25 - error NG8002: Can't bind to 'label' since it isn't a known property of 'app-job-posts-list'.
1. If 'app-job-posts-list' is an Angular component and it has 'label' input, then verify that it is part of this module.
2. If 'app-job-posts-list' is a Web Component then add 'CUSTOM_ELEMENTS_SCHEMA' to the '@NgModule.schemas' of this component to suppress this message.
3. To allow any property add 'NO_ERRORS_SCHEMA' to the '@NgModule.schemas' of this component.

53     <app-job-posts-list [label]="'Jobs Search Result'"
                           ~~~~~~~~~~~~~~~~~~~~~~~~~~~~~~

  src/app/public/public-search/public-search.component.ts:13:16
    13   templateUrl: './public-search.component.html',
                      ~~~~~~~~~~~~~~~~~~~~~~~~~~~~~~~~
    Error occurs in the template of component PublicSearchComponent.


Error: src/app/public/public-search/public-search.component.html:54:5 - error NG8002: Can't bind to 'searchData' since it isn't a known property of 'app-job-posts-list'.
1. If 'app-job-posts-list' is an Angular component and it has 'searchData' input, then verify that it is part of this module.
2. If 'app-job-posts-list' is a Web Component then add 'CUSTOM_ELEMENTS_SCHEMA' to the '@NgModule.schemas' of this component to suppress this message.
3. To allow any property add 'NO_ERRORS_SCHEMA' to the '@NgModule.schemas' of this component.

54     [searchData]="jobSearch"
       ~~~~~~~~~~~~~~~~~~~~~~~~

  src/app/public/public-search/public-search.component.ts:13:16
    13   templateUrl: './public-search.component.html',
                      ~~~~~~~~~~~~~~~~~~~~~~~~~~~~~~~~
    Error occurs in the template of component PublicSearchComponent.


Error: src/app/public/public-search/public-search.component.html:55:5 - error NG8002: Can't bind to 'fromSearch' since it isn't a known property of 'app-job-posts-list'.
1. If 'app-job-posts-list' is an Angular component and it has 'fromSearch' input, then verify that it is part of this module.
2. If 'app-job-posts-list' is a Web Component then add 'CUSTOM_ELEMENTS_SCHEMA' to the '@NgModule.schemas' of this component to suppress this message.
3. To allow any property add 'NO_ERRORS_SCHEMA' to the '@NgModule.schemas' of this component.

55     [fromSearch]="true"
       ~~~~~~~~~~~~~~~~~~~

  src/app/public/public-search/public-search.component.ts:13:16
    13   templateUrl: './public-search.component.html',
                      ~~~~~~~~~~~~~~~~~~~~~~~~~~~~~~~~
    Error occurs in the template of component PublicSearchComponent.


Error: src/app/public/public-search/public-search.component.html:56:5 - error NG8002: Can't bind to 'subLabel' since it isn't a known property of 'app-job-posts-list'.
1. If 'app-job-posts-list' is an Angular component and it has 'subLabel' input, then verify that it is part of this module.
2. If 'app-job-posts-list' is a Web Component then add 'CUSTOM_ELEMENTS_SCHEMA' to the '@NgModule.schemas' of this component to suppress this message.
3. To allow any property add 'NO_ERRORS_SCHEMA' to the '@NgModule.schemas' of this component.

56     [subLabel]="'List of available jobs based on current search keywords'"></app-job-posts-list>
       ~~~~~~~~~~~~~~~~~~~~~~~~~~~~~~~~~~~~~~~~~~~~~~~~~~~~~~~~~~~~~~~~~~~~~~

  src/app/public/public-search/public-search.component.ts:13:16
    13   templateUrl: './public-search.component.html',
                      ~~~~~~~~~~~~~~~~~~~~~~~~~~~~~~~~
    Error occurs in the template of component PublicSearchComponent.


Error: src/app/public/public.component.html:2:3 - error NG8001: 'app-header' is not a known element:
1. If 'app-header' is an Angular component, then verify that it is part of this module.
2. If 'app-header' is a Web Component then add 'CUSTOM_ELEMENTS_SCHEMA' to the '@NgModule.schemas' of this component to suppress this message.

2   <app-header [isPublic]="true"
    ~~~~~~~~~~~~~~~~~~~~~~~~~~~~~
3         [isUserLoggedIn]="isUserLoggedIn" [user]="user"></app-header>
  ~~~~~~~~~~~~~~~~~~~~~~~~~~~~~~~~~~~~~~~~~~~~~~~~~~~~~~~~

  src/app/public/public.component.ts:6:16
    6   templateUrl: './public.component.html',
                     ~~~~~~~~~~~~~~~~~~~~~~~~~
    Error occurs in the template of component PublicComponent.


Error: src/app/public/public.component.html:2:15 - error NG8002: Can't bind to 'isPublic' since it isn't a known property of 'app-header'.
1. If 'app-header' is an Angular component and it has 'isPublic' input, then verify that it is part of this module.
2. If 'app-header' is a Web Component then add 'CUSTOM_ELEMENTS_SCHEMA' to the '@NgModule.schemas' of this component to suppress this message.
3. To allow any property add 'NO_ERRORS_SCHEMA' to the '@NgModule.schemas' of this component.

2   <app-header [isPublic]="true"
                ~~~~~~~~~~~~~~~~~

  src/app/public/public.component.ts:6:16
    6   templateUrl: './public.component.html',
                     ~~~~~~~~~~~~~~~~~~~~~~~~~
    Error occurs in the template of component PublicComponent.


Error: src/app/public/public.component.html:3:9 - error NG8002: Can't bind to 'isUserLoggedIn' since it isn't a known property of 'app-header'.
1. If 'app-header' is an Angular component and it has 'isUserLoggedIn' input, then verify that it is part of this module.
2. If 'app-header' is a Web Component then add 'CUSTOM_ELEMENTS_SCHEMA' to the '@NgModule.schemas' of this component to suppress this message.
3. To allow any property add 'NO_ERRORS_SCHEMA' to the '@NgModule.schemas' of this component.

3         [isUserLoggedIn]="isUserLoggedIn" [user]="user"></app-header>
          ~~~~~~~~~~~~~~~~~~~~~~~~~~~~~~~~~

  src/app/public/public.component.ts:6:16
    6   templateUrl: './public.component.html',
                     ~~~~~~~~~~~~~~~~~~~~~~~~~
    Error occurs in the template of component PublicComponent.


Error: src/app/public/public.component.html:3:43 - error NG8002: Can't bind to 'user' since it isn't a known property of 'app-header'.
1. If 'app-header' is an Angular component and it has 'user' input, then verify that it is part of this module.
2. If 'app-header' is a Web Component then add 'CUSTOM_ELEMENTS_SCHEMA' to the '@NgModule.schemas' of this component to suppress this message.
3. To allow any property add 'NO_ERRORS_SCHEMA' to the '@NgModule.schemas' of this component.

3         [isUserLoggedIn]="isUserLoggedIn" [user]="user"></app-header>
                                            ~~~~~~~~~~~~~

  src/app/public/public.component.ts:6:16
    6   templateUrl: './public.component.html',
                     ~~~~~~~~~~~~~~~~~~~~~~~~~
    Error occurs in the template of component PublicComponent.


Error: src/app/public/public.component.html:7:3 - error NG8001: 'router-outlet' is not a known element:
1. If 'router-outlet' is an Angular component, then verify that it is part of this module.
2. If 'router-outlet' is a Web Component then add 'CUSTOM_ELEMENTS_SCHEMA' to the '@NgModule.schemas' of this component to suppress this message.

7   <router-outlet></router-outlet>
    ~~~~~~~~~~~~~~~

  src/app/public/public.component.ts:6:16
    6   templateUrl: './public.component.html',
                     ~~~~~~~~~~~~~~~~~~~~~~~~~
    Error occurs in the template of component PublicComponent.


Error: src/app/public/public.component.html:10:1 - error NG8001: 'app-footer' is not a known element:
1. If 'app-footer' is an Angular component, then verify that it is part of this module.
2. If 'app-footer' is a Web Component then add 'CUSTOM_ELEMENTS_SCHEMA' to the '@NgModule.schemas' of this component to suppress this message.

10 <app-footer></app-footer>
   ~~~~~~~~~~~~

  src/app/public/public.component.ts:6:16
    6   templateUrl: './public.component.html',
                     ~~~~~~~~~~~~~~~~~~~~~~~~~
    Error occurs in the template of component PublicComponent.


Error: src/app/public/public.module.ts:23:43 - error TS2307: Cannot find module './shared/talent-proof-badge/talent-proof-badge.component' or its corresponding type declarations.

23 import { TalentProofBadgeComponent } from './shared/talent-proof-badge/talent-proof-badge.component';
                                             ~~~~~~~~~~~~~~~~~~~~~~~~~~~~~~~~~~~~~~~~~~~~~~~~~~~~~~~~~~


Error: src/app/public/public.module.ts:50:17 - error NG1010: Value at position 12 in the NgModule.declarations of PublicModule is not a reference
  Value could not be determined statically.

 50   declarations: [
                    ~
 51     PublicComponent,
    ~~~~~~~~~~~~~~~~~~~~
... 
 64     JobBoardEmployerCtaComponent
    ~~~~~~~~~~~~~~~~~~~~~~~~~~~~~~~~
 65   ],
    ~~~

  src/app/public/public.module.ts:63:5
    63     TalentProofBadgeComponent,
           ~~~~~~~~~~~~~~~~~~~~~~~~~
    Unknown reference.


Error: src/app/shared/components/talent-proof-badge/talent-proof-badge.component.html:1:27 - error NG8002: Can't bind to 'ngClass' since it isn't a known property of 'div'.

1 <div class="talent-proof" [ngClass]="'talent-proof--' + variant" [attr.aria-label]="accessibleLabel">
                            ~~~~~~~~~~~~~~~~~~~~~~~~~~~~~~~~~~~~~~

  src/app/shared/components/talent-proof-badge/talent-proof-badge.component.ts:21:16
    21   templateUrl: './talent-proof-badge.component.html',
                      ~~~~~~~~~~~~~~~~~~~~~~~~~~~~~~~~~~~~~
    Error occurs in the template of component TalentProofBadgeComponent.



√ Browser application bundle generation complete.

./src/app/public/public.module.ts:24:0-101 - Error: Module not found: Error: Can't resolve './shared/talent-proof-badge/talent-proof-badge.component' in 'C:\Users\paulg\OneDrive\Desktop\Gethired\get-hired-FE\src\app\public'

Error: src/app/public/components/banner/banner.component.html:1:35 - error NG8002: Can't bind to 'ngClass' since it isn't a known property of 'div'.

1 <div class="container-fluid px-5" [ngClass]="loggedUser ? 'pe-3' : ''">
                                    ~~~~~~~~~~~~~~~~~~~~~~~~~~~~~~~~~~~~

  src/app/public/components/banner/banner.component.ts:13:16
    13   templateUrl: './banner.component.html',
                      ~~~~~~~~~~~~~~~~~~~~~~~~~
    Error occurs in the template of component BannerComponent.


Error: src/app/public/components/banner/banner.component.html:4:3 - error NG8002: Can't bind to 'ngClass' since it isn't a known property of 'div'.

4   [ngClass]="loggedUser ? 'col-12 col-lg-10' : 'col-12 col-lg-12'">
    ~~~~~~~~~~~~~~~~~~~~~~~~~~~~~~~~~~~~~~~~~~~~~~~~~~~~~~~~~~~~~~~~

  src/app/public/components/banner/banner.component.ts:13:16
    13   templateUrl: './banner.component.html',
                      ~~~~~~~~~~~~~~~~~~~~~~~~~
    Error occurs in the template of component BannerComponent.


Error: src/app/public/components/banner/banner.component.html:21:4 - error NG8002: Can't bind to 'ngClass' since it isn't a known property of 'div'.

21    [ngClass]="screenSize > 1500 ? ' col-lg-10' : 'col-lg-11'"
      ~~~~~~~~~~~~~~~~~~~~~~~~~~~~~~~~~~~~~~~~~~~~~~~~~~~~~~~~~~

  src/app/public/components/banner/banner.component.ts:13:16
    13   templateUrl: './banner.component.html',
                      ~~~~~~~~~~~~~~~~~~~~~~~~~
    Error occurs in the template of component BannerComponent.


Error: src/app/public/components/banner/banner.component.html:24:25 - error NG8002: Can't bind to 'ngClass' since it isn't a known property of 'div'.

24      <div class="me-3 " [ngClass]="loggedUser ? 'search-key-2' : 'search-key'">
                           ~~~~~~~~~~~~~~~~~~~~~~~~~~~~~~~~~~~~~~~~~~~~~~~~~~~~~~

  src/app/public/components/banner/banner.component.ts:13:16
    13   templateUrl: './banner.component.html',
                      ~~~~~~~~~~~~~~~~~~~~~~~~~
    Error occurs in the template of component BannerComponent.


Error: src/app/public/components/banner/banner.component.html:25:95 - error NG8004: No pipe found with name 'translate'.

25       <input type="text" class="form-control" placeholder="{{ 'PUBLIC_PAGE.KEYWORD_TEXTBOX' | translate }}"
                                                                                                 ~~~~~~~~~

  src/app/public/components/banner/banner.component.ts:13:16
    13   templateUrl: './banner.component.html',
                      ~~~~~~~~~~~~~~~~~~~~~~~~~
    Error occurs in the template of component BannerComponent.


Error: src/app/public/components/banner/banner.component.html:26:7 - error NG8002: Can't bind to 'ngModel' since it isn't a known property of 'input'.

26       [(ngModel)]="keyword">
         ~~~~~~~~~~~~~~~~~~~~~

  src/app/public/components/banner/banner.component.ts:13:16
    13   templateUrl: './banner.component.html',
                      ~~~~~~~~~~~~~~~~~~~~~~~~~
    Error occurs in the template of component BannerComponent.


Error: src/app/public/components/banner/banner.component.html:26:20 - error TS2322: Type 'Event' is not assignable to type 'string'.

26       [(ngModel)]="keyword">
                      ~~~~~~~~~
27      </div>
   ~~~~

  src/app/public/components/banner/banner.component.ts:13:16
    13   templateUrl: './banner.component.html',
                      ~~~~~~~~~~~~~~~~~~~~~~~~~
    Error occurs in the template of component BannerComponent.


Error: src/app/public/components/banner/banner.component.html:32:11 - error NG8002: Can't bind to 'ngModel' since it isn't a known property of 'select'.

32           [(ngModel)]="work_setup">
             ~~~~~~~~~~~~~~~~~~~~~~~~

  src/app/public/components/banner/banner.component.ts:13:16
    13   templateUrl: './banner.component.html',
                      ~~~~~~~~~~~~~~~~~~~~~~~~~
    Error occurs in the template of component BannerComponent.


Error: src/app/public/components/banner/banner.component.html:32:24 - error TS2322: Type 'Event' is not assignable to type 'string'.

32           [(ngModel)]="work_setup">
                          ~~~~~~~~~~~~
33             <option selected>{{ 'PUBLIC_PAGE.WORK_SETUP_SELECTOR' | translate }}</option>
   ~~~~

  src/app/public/components/banner/banner.component.ts:13:16
    13   templateUrl: './banner.component.html',
                      ~~~~~~~~~~~~~~~~~~~~~~~~~
    Error occurs in the template of component BannerComponent.


Error: src/app/public/components/banner/banner.component.html:33:69 - error NG8004: No pipe found with name 'translate'.

33             <option selected>{{ 'PUBLIC_PAGE.WORK_SETUP_SELECTOR' | translate }}</option>
                                                                       ~~~~~~~~~

  src/app/public/components/banner/banner.component.ts:13:16
    13   templateUrl: './banner.component.html',
                      ~~~~~~~~~~~~~~~~~~~~~~~~~
    Error occurs in the template of component BannerComponent.


Error: src/app/public/components/banner/banner.component.html:44:11 - error NG8002: Can't bind to 'ngModel' since it isn't a known property of 'select'.

44           [(ngModel)]="job_type">
             ~~~~~~~~~~~~~~~~~~~~~~

  src/app/public/components/banner/banner.component.ts:13:16
    13   templateUrl: './banner.component.html',
                      ~~~~~~~~~~~~~~~~~~~~~~~~~
    Error occurs in the template of component BannerComponent.


Error: src/app/public/components/banner/banner.component.html:44:24 - error TS2322: Type 'Event' is not assignable to type 'string'.

44           [(ngModel)]="job_type">
                          ~~~~~~~~~~
45             <option selected>{{ 'PUBLIC_PAGE.JOB_TYPE_SELECTOR' | translate }}</option>
   ~~~~

  src/app/public/components/banner/banner.component.ts:13:16
    13   templateUrl: './banner.component.html',
                      ~~~~~~~~~~~~~~~~~~~~~~~~~
    Error occurs in the template of component BannerComponent.


Error: src/app/public/components/banner/banner.component.html:45:67 - error NG8004: No pipe found with name 'translate'.

45             <option selected>{{ 'PUBLIC_PAGE.JOB_TYPE_SELECTOR' | translate }}</option>
                                                                     ~~~~~~~~~

  src/app/public/components/banner/banner.component.ts:13:16
    13   templateUrl: './banner.component.html',
                      ~~~~~~~~~~~~~~~~~~~~~~~~~
    Error occurs in the template of component BannerComponent.


Error: src/app/public/components/banner/banner.component.html:60:68 - error NG8004: No pipe found with name 'translate'.

60           (click)="findJobs()">{{ 'PUBLIC_PAGE.FIND_JOBS_BUTTON' | translate }}</button>
                                                                      ~~~~~~~~~

  src/app/public/components/banner/banner.component.ts:13:16
    13   templateUrl: './banner.component.html',
                      ~~~~~~~~~~~~~~~~~~~~~~~~~
    Error occurs in the template of component BannerComponent.


Error: src/app/public/components/explore-users/explore-users.component.html:8:82 - error NG8004: No pipe found with name 'translate'.

8      <h5 class="title-banner mb-3" >{{ 'PUBLIC_PAGE.RESUME_UPLOAD_BOX_MESSAGE' | translate }}</h5>
                                                                                   ~~~~~~~~~

  src/app/public/components/explore-users/explore-users.component.ts:11:16
    11   templateUrl: './explore-users.component.html',
                      ~~~~~~~~~~~~~~~~~~~~~~~~~~~~~~~~
    Error occurs in the template of component ExploreUsersComponent.


Error: src/app/public/components/explore-users/explore-users.component.html:3m12:48 - error NG8004: No pipe found with name 'translate'.

12        {{ 'PUBLIC_PAGE.RESUME_UPLOAD_BUTTON' | translate }}</button>
                                                  ~~~~~~~~~

  src/app/public/components/explore-users/explore-users.component.ts:11:16
    11   templateUrl: './explore-users.component.html',
                      ~~~~~~~~~~~~~~~~~~~~~~~~~~~~~~~~
    Error occurs in the template of component ExploreUsersComponent.


Error: src/app/public/employer-portal/employer-portal.component.html:11:5 - error NG8001: 'app-talent-proof-badge' is not a known element:
1. If 'app-talent-proof-badge' is an Angular component, then verify that it is part of this module.
2. If 'app-talent-proof-badge' is a Web Component then add 'CUSTOM_ELEMENTS_SCHEMA' to the '@NgModule.schemas' of this component to suppress this message.

11     <app-talent-proof-badge variant="card" placement="employer_portal_hero"></app-talent-proof-badge>
       ~~~~~~~~~~~~~~~~~~~~~~~~~~~~~~~~~~~~~~~~~~~~~~~~~~~~~~~~~~~~~~~~~~~~~~~~

  src/app/public/employer-portal/employer-portal.component.ts:10:16
    10   templateUrl: './employer-portal.component.html',
                      ~~~~~~~~~~~~~~~~~~~~~~~~~~~~~~~~~~
    Error occurs in the template of component EmployerPortalComponent.


Error: src/app/public/employer-portal/employer-portal.component.html:45:3 - error NG8001: 'app-portal-faq' is not a known element:
1. If 'app-portal-faq' is an Angular component, then verify that it is part of this module.
2. If 'app-portal-faq' is a Web Component then add 'CUSTOM_ELEMENTS_SCHEMA' to the '@NgModule.schemas' of this component to suppress this message.

45   <app-portal-faq [items]="faqItems"></app-portal-faq>
     ~~~~~~~~~~~~~~~~~~~~~~~~~~~~~~~~~~~

  src/app/public/employer-portal/employer-portal.component.ts:10:16
    10   templateUrl: './employer-portal.component.html',
                      ~~~~~~~~~~~~~~~~~~~~~~~~~~~~~~~~~~
    Error occurs in the template of component EmployerPortalComponent.


Error: src/app/public/employer-portal/employer-portal.component.html:45:19 - error NG8002: Can't bind to 'items' since it isn't a known property of 'app-portal-faq'.
1. If 'app-portal-faq' is an Angular component and it has 'items' input, then verify that it is part of this module.
2. If 'app-portal-faq' is a Web Component then add 'CUSTOM_ELEMENTS_SCHEMA' to the '@NgModule.schemas' of this component to suppress this message.
3. To allow any property add 'NO_ERRORS_SCHEMA' to the '@NgModule.schemas' of this component.

45   <app-portal-faq [items]="faqItems"></app-portal-faq>
                     ~~~~~~~~~~~~~~~~~~

  src/app/public/employer-portal/employer-portal.component.ts:10:16
    10   templateUrl: './employer-portal.component.html',
                      ~~~~~~~~~~~~~~~~~~~~~~~~~~~~~~~~~~
    Error occurs in the template of component EmployerPortalComponent.


Error: src/app/public/employer-portal/employer-portal.component.html:48:1 - error NG8001: 'app-portal-cta-band' is not a known element:
1. If 'app-portal-cta-band' is an Angular component, then verify that it is part of this module.
2. If 'app-portal-cta-band' is a Web Component then add 'CUSTOM_ELEMENTS_SCHEMA' to the '@NgModule.schemas' of this component to suppress this message.

 48 <app-portal-cta-band
    ~~~~~~~~~~~~~~~~~~~~
 49   title="Ready to start hiring?"
    ~~~~~~~~~~~~~~~~~~~~~~~~~~~~~~~~
... 
 51   primaryLabel="Create employer account"
    ~~~~~~~~~~~~~~~~~~~~~~~~~~~~~~~~~~~~~~~~
 52   (primaryClick)="startHiring()">
    ~~~~~~~~~~~~~~~~~~~~~~~~~~~~~~~~~

  src/app/public/employer-portal/employer-portal.component.ts:10:16
    10   templateUrl: './employer-portal.component.html',
                      ~~~~~~~~~~~~~~~~~~~~~~~~~~~~~~~~~~
    Error occurs in the template of component EmployerPortalComponent.


Error: src/app/public/job-seeker-portal/job-seeker-portal.component.html:14:9 - error NG8002: Can't bind to 'ngModel' since it isn't a known property of 'input'.

14         [(ngModel)]="keyword"
           ~~~~~~~~~~~~~~~~~~~~~

  src/app/public/job-seeker-portal/job-seeker-portal.component.ts:11:16
    11   templateUrl: './job-seeker-portal.component.html',
                      ~~~~~~~~~~~~~~~~~~~~~~~~~~~~~~~~~~~~
    Error occurs in the template of component JobSeekerPortalComponent.


Error: src/app/public/job-seeker-portal/job-seeker-portal.component.html:14:22 - error TS2322: Type 'Event' is not assignable to type 'string'.

14         [(ngModel)]="keyword"
                        ~~~~~~~~
15         name="keyword">
   ~~~~~~

  src/app/public/job-seeker-portal/job-seeker-portal.component.ts:11:16
    11   templateUrl: './job-seeker-portal.component.html',
                      ~~~~~~~~~~~~~~~~~~~~~~~~~~~~~~~~~~~~
    Error occurs in the template of component JobSeekerPortalComponent.


Error: src/app/public/job-seeker-portal/job-seeker-portal.component.html:40:3 - error NG8001: [0m'app-inline-loading' is not a known element:
1. If 'app-inline-loading' is an Angular component, then verify that it is part of this module.
2. If 'app-inline-loading' is a Web Component then add 'CUSTOM_ELEMENTS_SCHEMA' to the '@NgModule.schemas' of this component to suppress this message.

40   <app-inline-loading *ngIf="loading$ | async"></app-inline-loading>
     ~~~~~~~~~~~~~~~~~~~~~~~~~~~~~~~~~~~~~~~~~~~~~

  src/app/public/job-seeker-portal/job-seeker-portal.component.ts:11:16
    11   templateUrl: './job-seeker-portal.component.html',
                      ~~~~~~~~~~~~~~~~~~~~~~~~~~~~~~~~~~~~
    Error occurs in the template of component JobSeekerPortalComponent.


Error: src/app/public/job-seeker-portal/job-seeker-portal.component.html:44:7 - error NG8001: 'app-job-card' is not a known element:
1. If 'app-job-card' is an Angular component, then verify that it is part of this module.
2. If 'app-job-card' is a Web Component then add 'CUSTOM_ELEMENTS_SCHEMA' to the '@NgModule.schemas' of this component to suppress this message.

44       <app-job-card *ngFor="let job of jobs.slice(0, 3); let i = index" [data]="job" [i]="i"></app-job-card>
         ~~~~~~~~~~~~~~~~~~~~~~~~~~~~~~~~~~~~~~~~~~~~~~~~~~~~~~~~~~~~~~~~~~~~~~~~~~~~~~~~~~~~~~~

  src/app/public/job-seeker-portal/job-seeker-portal.component.ts:11:16
    11   templateUrl: './job-seeker-portal.component.html',
                      ~~~~~~~~~~~~~~~~~~~~~~~~~~~~~~~~~~~~
    Error occurs in the template of component JobSeekerPortalComponent.


Error: src/app/public/job-seeker-portal/job-seeker-portal.component.html:44:73 - error NG8002: Can't bind to 'data' since it isn't a known property of 'app-job-card'.
1. If 'app-job-card' is an Angular component and it has 'data' input, then verify that it is part of this module.
2. If 'app-job-card' is a Web Component then add 'CUSTOM_ELEMENTS_SCHEMA' to the '@NgModule.schemas' of this component to suppress this message.
3. To allow any property add 'NO_ERRORS_SCHEMA' to the '@NgModule.schemas' of this component.

44       <app-job-card *ngFor="let job of jobs.slice(0, 3); let i = index" [data]="job" [i]="i"></app-job-card>
                                                                           ~~~~~~~~~~~~

  src/app/public/job-seeker-portal/job-seeker-portal.component.ts:11:16
    11   templateUrl: './job-seeker-portal.component.html',
                      ~~~~~~~~~~~~~~~~~~~~~~~~~~~~~~~~~~~~
    Error occurs in the template of component JobSeekerPortalComponent.


Error: src/app/public/job-seeker-portal/job-seeker-portal.component.html:44:86 - error NG8002: Can't bind to 'i' since it isn't a known property of 'app-job-card'.
1. If 'app-job-card' is an Angular component and it has 'i' input, then verify that it is part of this module.
2. If 'app-job-card' is a Web Component then add 'CUSTOM_ELEMENTS_SCHEMA' to the '@NgModule.schemas' of this component to suppress this message.
3. To allow any property add 'NO_ERRORS_SCHEMA' to the '@NgModule.schemas' of this component.

44       <app-job-card *ngFor="let job of jobs.slice(0, 3); let i = index" [data]="job" [i]="i"></app-job-card>
                                                                                        ~~~~~~~

  src/app/public/job-seeker-portal/job-seeker-portal.component.ts:11:16
    11   templateUrl: './job-seeker-portal.component.html',
                      ~~~~~~~~~~~~~~~~~~~~~~~~~~~~~~~~~~~~
    Error occurs in the template of component JobSeekerPortalComponent.


Error: src/app/public/job-seeker-portal/job-seeker-portal.component.html:71:3 - error NG8001: 'app-portal-faq' is not a known element:
1. If 'app-portal-faq' is an Angular component, then verify that it is part of this module.
2. If 'app-portal-faq' is a Web Component then add 'CUSTOM_ELEMENTS_SCHEMA' to the '@NgModule.schemas' of this component to suppress this message.

71   <app-portal-faq [items]="faqItems"></app-portal-faq>
     ~~~~~~~~~~~~~~~~~~~~~~~~~~~~~~~~~~~

  src/app/public/job-seeker-portal/job-seeker-portal.component.ts:11:16
    11   templateUrl: './job-seeker-portal.component.html',
                      ~~~~~~~~~~~~~~~~~~~~~~~~~~~~~~~~~~~~
    Error occurs in the template of component JobSeekerPortalComponent.


Error: src/app/public/job-seeker-portal/job-seeker-portal.component.html:71:19 - error NG8002: Can't bind to 'items' since it isn't a known property of 'app-portal-faq'.
1. If 'app-portal-faq' is an Angular component and it has 'items' input, then verify that it is part of this module.
2. If 'app-portal-faq' is a Web Component then add 'CUSTOM_ELEMENTS_SCHEMA' to the '@NgModule.schemas' of this component to suppress this message.
3. To allow any property add 'NO_ERRORS_SCHEMA' to the '@NgModule.schemas' of this component.

71   <app-portal-faq [items]="faqItems"></app-portal-faq>
                     ~~~~~~~~~~~~~~~~~~

  src/app/public/job-seeker-portal/job-seeker-portal.component.ts:11:16
    11   templateUrl: './job-seeker-portal.component.html',
                      ~~~~~~~~~~~~~~~~~~~~~~~~~~~~~~~~~~~~
    Error occurs in the template of component JobSeekerPortalComponent.


Error: src/app/public/job-seeker-portal/job-seeker-portal.component.html:74:1 - error[90m NG8001: 'app-portal-cta-band' is not a known element:
1. If 'app-portal-cta-band' is an Angular component, then verify that it is part of this module.
2. If 'app-portal-cta-band' is a Web Component then add 'CUSTOM_ELEMENTS_SCHEMA' to the '@NgModule.schemas' of this component to suppress this message.

 74 <app-portal-cta-band
    ~~~~~~~~~~~~~~~~~~~~
 75   title="Ready to find your next role?"
    ~~~~~~~~~~~~~~~~~~~~~~~~~~~~~~~~~~~~~~~
... 
 79   (primaryClick)="createAccount()"
    ~~~~~~~~~~~~~~~~~~~~~~~~~~~~~~~~~~
 80   (secondaryClick)="goToJobs()">
    ~~~~~~~~~~~~~~~~~~~~~~~~~~~~~~~~

  src/app/public/job-seeker-portal/job-seeker-portal.component.ts:11:16
    11   templateUrl: './job-seeker-portal.component.html',
                      ~~~~~~~~~~~~~~~~~~~~~~~~~~~~~~~~~~~~
    Error occurs in the template of component JobSeekerPortalComponent.


Error: src/app/public/main-portal/main-portal.component.html:13:5 - error NG8001: 'app-role-card' is not a known element:
1. If 'app-role-card' is an Angular component, then verify that it is part of this module.
2. If 'app-role-card' is a Web Component then add 'CUSTOM_ELEMENTS_SCHEMA' to the '@NgModule.schemas' of this component to suppress this message.

 13     <app-role-card
        ~~~~~~~~~~~~~~
 14       icon="/assets/images/placeholder/icons/card-applicant-icon.png"
    ~~~~~~~~~~~~~~~~~~~~~~~~~~~~~~~~~~~~~~~~~~~~~~~~~~~~~~~~~~~~~~~~~~~~~
... 
 18       ariaLabel="Continue as Job Seeker"
    ~~~~~~~~~~~~~~~~~~~~~~~~~~~~~~~~~~~~~~~~
 19       (activated)="goToJobSeekerPortal()">
    ~~~~~~~~~~~~~~~~~~~~~~~~~~~~~~~~~~~~~~~~~~

  src/app/public/main-portal/main-portal.component.ts:14:16
    14   templateUrl: './main-portal.component.html',
                      ~~~~~~~~~~~~~~~~~~~~~~~~~~~~~~
    Error occurs in the template of component MainPortalComponent.


Error: src/app/public/main-portal/main-portal.component.html:22:5 - error NG8001: 'app-role-card' is not a known element:
1. If 'app-role-card' is an Angular component, then verify that it is part of this module.
2. If 'app-role-card' is a Web Component then add 'CUSTOM_ELEMENTS_SCHEMA' to the '@NgModule.schemas' of this component to suppress this message.

 22     <app-role-card
        ~~~~~~~~~~~~~~
 23       icon="/assets/images/placeholder/icons/card-interview-icon.png"
    ~~~~~~~~~~~~~~~~~~~~~~~~~~~~~~~~~~~~~~~~~~~~~~~~~~~~~~~~~~~~~~~~~~~~~
... 
 27       ariaLabel="Continue as Employer"
    ~~~~~~~~~~~~~~~~~~~~~~~~~~~~~~~~~~~~~~
 28       (activated)="goToEmployerPortal()">
    ~~~~~~~~~~~~~~~~~~~~~~~~~~~~~~~~~~~~~~~~~

  src/app/public/main-portal/main-portal.component.ts:14:16
    14   templateUrl: './main-portal.component.html',
                      ~~~~~~~~~~~~~~~~~~~~~~~~~~~~~~
    Error occurs in the template of component MainPortalComponent.


Error: src/app/public/main-portal/main-portal.component.html:35:5 - error NG8001: 'app-talent-proof-badge' is not a known element:
1. If 'app-talent-proof-badge' is an Angular component, then verify that it is part of this module.
2. If 'app-talent-proof-badge' is a Web Component then add 'CUSTOM_ELEMENTS_SCHEMA' to the '@NgModule.schemas' of this component to suppress this message.

35     <app-talent-proof-badge variant="pill" placement="main_portal_role_card"></app-talent-proof-badge>
       ~~~~~~~~~~~~~~~~~~~~~~~~~~~~~~~~~~~~~~~~~~~~~~~~~~~~~~~~~~~~~~~~~~~~~~~~~

  src/app/public/main-portal/main-portal.component.ts:14:16
    14   templateUrl: './main-portal.component.html',
                      ~~~~~~~~~~~~~~~~~~~~~~~~~~~~~~
    Error occurs in the template of component MainPortalComponent.


Error: src/app/public/main-portal/main-portal.component.html:55:1 - error NG8001: 'app-portal-cta-band' is not a known element:
1. If 'app-portal-cta-band' is an Angular component, then verify that it is part of this module.
2. If 'app-portal-cta-band' is a Web Component then add 'CUSTOM_ELEMENTS_SCHEMA' to the '@NgModule.schemas' of this component to suppress this message.

 55 <app-portal-cta-band
    ~~~~~~~~~~~~~~~~~~~~
 56   title="Ready to get started?"
    ~~~~~~~~~~~~~~~~~~~~~~~~~~~~~~~
... 
 60   (primaryClick)="goToJobs()"
    ~~~~~~~~~~~~~~~~~~~~~~~~~~~~~
 61   (secondaryClick)="goToEmployerPortal()">
    ~~~~~~~~~~~~~~~~~~~~~~~~~~~~~~~~~~~~~~~~~~

  src/app/public/main-portal/main-portal.component.ts:14:16
    14   templateUrl: './main-portal.component.html',
                      ~~~~~~~~~~~~~~~~~~~~~~~~~~~~~~
    Error occurs in the template of component MainPortalComponent.


Error: src/app/public/public-details/public-details.component.html:12:46 - error NG8004: No pipe found with name 'currency'.

12           {{selectedJobPost?.salaryMinimum | currency: selectedJobPost.salaryCurrency: 'symbol' }} -
                                                ~~~~~~~~

  src/app/public/public-details/public-details.component.ts:8:16
    8   templateUrl: './public-details.component.html',
                     ~~~~~~~~~~~~~~~~~~~~~~~~~~~~~~~~~
    Error occurs in the template of component PublicDetailsComponent.


Error: src/app/public/public-details/public-details.component.html:13:46 - error NG8004: No pipe found with name 'currency'.

13           {{selectedJobPost?.salaryMaximum | currency: selectedJobPost.salaryCurrency: 'symbol' }}
                                                ~~~~~~~~

  src/app/public/public-details/public-details.component.ts:8:16
    8   templateUrl: './public-details.component.html',
                     ~~~~~~~~~~~~~~~~~~~~~~~~~~~~~~~~~
    Error occurs in the template of component PublicDetailsComponent.


Error: src/app/public/public-details/public-details.component.html:23:7 - error NG8001: 'app-job-details-sidecard' is not a known element:
1. If 'app-job-details-sidecard' is an Angular component, then verify that it is part of this module.
2. If 'app-job-details-sidecard' is a Web Component then add 'CUSTOM_ELEMENTS_SCHEMA' to the '@NgModule.schemas' of this component to suppress this message.

23       <app-job-details-sidecard [data]="selectedJobPost" [company]="selectedJobPost" [screenSize]="screenSize">
         ~~~~~~~~~~~~~~~~~~~~~~~~~~~~~~~~~~~~~~~~~~~~~~~~~~~~~~~~~~~~~~~~~~~~~~~~~~~~~~~~~~~~~~~~~~~~~~~~~~~~~~~~~

  src/app/public/public-details/public-details.component.ts:8:16
    8   templateUrl: './public-details.component.html',
                     ~~~~~~~~~~~~~~~~~~~~~~~~~~~~~~~~~
    Error occurs in the template of component PublicDetailsComponent.


Error: src/app/public/public-details/public-details.component.html:23:33 - error NG8002: Can't bind to 'data' since it isn't a known property of 'app-job-details-sidecard'.
1. If 'app-job-details-sidecard' is an Angular component and it has 'data' input, then verify that it is part of this module.
2. If 'app-job-details-sidecard' is a Web Component then add 'CUSTOM_ELEMENTS_SCHEMA' to the '@NgModule.schemas' of this component to suppress this message.
3. To allow any property add 'NO_ERRORS_SCHEMA' to the '@NgModule.schemas' of this component.

23       <app-job-details-sidecard [data]="selectedJobPost" [company]="selectedJobPost" [screenSize]="screenSize">
                                   ~~~~~~~~~~~~~~~~~~~~~~~~

  src/app/public/public-details/public-details.component.ts:8:16
    8   templateUrl: './public-details.component.html',
                     ~~~~~~~~~~~~~~~~~~~~~~~~~~~~~~~~~
    Error occurs in the template of component PublicDetailsComponent.


Error: src/app/public/public-details/public-details.component.html:23:58 - error NG8002: Can't bind to 'company' since it isn't a known property of 'app-job-details-sidecard'.
1. If 'app-job-details-sidecard' is an Angular component and it has 'company' input, then verify that it is part of this module.
2. If 'app-job-details-sidecard' is a Web Component then add 'CUSTOM_ELEMENTS_SCHEMA' to the '@NgModule.schemas' of this component to suppress this message.
3. To allow any property add 'NO_ERRORS_SCHEMA' to the '@NgModule.schemas' of this component.

23       <app-job-details-sidecard [data]="selectedJobPost" [company]="selectedJobPost" [screenSize]="screenSize">
                                                            ~~~~~~~~~~~~~~~~~~~~~~~~~~~

  src/app/public/public-details/public-details.component.ts:8:16
    8   templateUrl: './public-details.component.html',
                     ~~~~~~~~~~~~~~~~~~~~~~~~~~~~~~~~~
    Error occurs in the template of component PublicDetailsComponent.


Error: src/app/public/public-details/public-details.component.html:23:86 - error NG8002: Can't bind to 'screenSize' since it isn't a known property of 'app-job-details-sidecard'.
1. If 'app-job-details-sidecard' is an Angular component and it has 'screenSize' input, then verify that it is part of this module.
2. If 'app-job-details-sidecard' is a Web Component then add 'CUSTOM_ELEMENTS_SCHEMA' to the '@NgModule.schemas' of this component to suppress this message.
3. To allow any property add 'NO_ERRORS_SCHEMA' to the '@NgModule.schemas' of this component.

23       <app-job-details-sidecard [data]="selectedJobPost" [company]="selectedJobPost" [screenSize]="screenSize">
                                                                                        ~~~~~~~~~~~~~~~~~~~~~~~~~

  src/app/public/public-details/public-details.component.ts:8:16
    8   templateUrl: './public-details.component.html',
                     ~~~~~~~~~~~~~~~~~~~~~~~~~~~~~~~~~
    Error occurs in the template of component PublicDetailsComponent.


Error: src/app/public/public-details/public-details.component.html:29:7 - error NG8001: 'app-application-process' is not a known element:
1. If 'app-application-process' is an Angular component, then verify that it is part of this module.
2. If 'app-application-process' is a Web Component then add 'CUSTOM_ELEMENTS_SCHEMA' to the '@NgModule.schemas' of this component to suppress this message.

29       <app-application-process *ngIf="isApplying" [job]="selectedJobPost" (apply)="apply($event)">
         ~~~~~~~~~~~~~~~~~~~~~~~~~~~~~~~~~~~~~~~~~~~~~~~~~~~~~~~~~~~~~~~~~~~~~~~~~~~~~~~~~~~~~~~~~~~~

  src/app/public/public-details/public-details.component.ts:8:16
    8   templateUrl: './public-details.component.html',
                     ~~~~~~~~~~~~~~~~~~~~~~~~~~~~~~~~~
    Error occurs in the template of component PublicDetailsComponent.


Error: src/app/public/public-details/public-details.component.html:29:51 - error NG8002: Can't bind to 'job' since it isn't a known property of 'app-application-process'.
1. If 'app-application-process' is an Angular component and it has 'job' input, then verify that it is part of this module.
2. If 'app-application-process' is a Web Component then add 'CUSTOM_ELEMENTS_SCHEMA' to the '@NgModule.schemas' of this component to suppress this message.
3. To allow any property add 'NO_ERRORS_SCHEMA' to the '@NgModule.schemas' of this component.

29       <app-application-process *ngIf="isApplying" [job]="selectedJobPost" (apply)="apply($event)">
                                                     ~~~~~~~~~~~~~~~~~~~~~~~

  src/app/public/public-details/public-details.component.ts:8:16
    8   templateUrl: './public-details.component.html',
                     ~~~~~~~~~~~~~~~~~~~~~~~~~~~~~~~~~
    Error occurs in the template of component PublicDetailsComponent.


Error: src/app/public/public-details/public-details.component.html:32:7 - error NG8001: 'app-job-posts-details' is not a known element:
1. If 'app-job-posts-details' is an Angular component, then verify that it is part of this module.
2. If 'app-job-posts-details' is a Web Component then add 'CUSTOM_ELEMENTS_SCHEMA' to the '@NgModule.schemas' of this component to suppress this message.

32       <app-job-posts-details [withBanner]="false" *ngIf="!isApplying" (apply)="apply($event)">
         ~~~~~~~~~~~~~~~~~~~~~~~~~~~~~~~~~~~~~~~~~~~~~~~~~~~~~~~~~~~~~~~~~~~~~~~~~~~~~~~~~~~~~~~~

  src/app/public/public-details/public-details.component.ts:8:16
    8   templateUrl: './public-details.component.html',
                     ~~~~~~~~~~~~~~~~~~~~~~~~~~~~~~~~~
    Error occurs in the template of component PublicDetailsComponent.


Error: src/app/public/public-details/public-details.component.html:32:30 - error NG8002: Can't bind to 'withBanner' since it isn't a known property of 'app-job-posts-details'.
1. If 'app-job-posts-details' is an Angular component and it has 'withBanner' input, then verify that it is part of this module.
2. If 'app-job-posts-details' is a Web Component then add 'CUSTOM_ELEMENTS_SCHEMA' to the '@NgModule.schemas' of this component to suppress this message.
3. To allow any property add 'NO_ERRORS_SCHEMA' to the '@NgModule.schemas' of this component.

32       <app-job-posts-details [withBanner]="false" *ngIf="!isApplying" (apply)="apply($event)">
                                ~~~~~~~~~~~~~~~~~~~~

  src/app/public/public-details/public-details.component.ts:8:16
    8   templateUrl: './public-details.component.html',
                     ~~~~~~~~~~~~~~~~~~~~~~~~~~~~~~~~~
    Error occurs in the template of component PublicDetailsComponent.


Error: src/app/public/public-list/public-list.component.html:2:1 - error NG8001: 'app-public-banner' is not a known element:
1. If 'app-public-banner' is an Angular component, then verify that it is part of this module.
2. If 'app-public-banner' is a Web Component then add 'CUSTOM_ELEMENTS_SCHEMA' to the '@NgModule.schemas' of this component to suppress this message.

2 <app-public-banner [screenSize]="screenSize"></app-public-banner>
  ~~~~~~~~~~~~~~~~~~~~~~~~~~~~~~~~~~~~~~~~~~~~~

  src/app/public/public-list/public-list.component.ts:5:16
    5   templateUrl: './public-list.component.html',
                     ~~~~~~~~~~~~~~~~~~~~~~~~~~~~~~
    Error occurs in the template of component PublicListComponent.


Error: src/app/public/public-list/public-list.component.html:2:20 - error NG8002: Can't bind to 'screenSize' since it isn't a known property of 'app-public-banner'.
1. If 'app-public-banner' is an Angular component and it has 'screenSize' input, then verify that it is part of this module.
2. If 'app-public-banner' is a Web Component then add 'CUSTOM_ELEMENTS_SCHEMA' to the '@NgModule.schemas' of this component to suppress this message.
3. To allow any property add 'NO_ERRORS_SCHEMA' to the '@NgModule.schemas' of this component.

2 <app-public-banner [screenSize]="screenSize"></app-public-banner>
                     ~~~~~~~~~~~~~~~~~~~~~~~~~

  src/app/public/public-list/public-list.component.ts:5:16
    5   templateUrl: './public-list.component.html',
                     ~~~~~~~~~~~~~~~~~~~~~~~~~~~~~~
    Error occurs in the template of component PublicListComponent.


Error: src/app/public/public-list/public-list.component.html:5:1 - error NG8001: 'app-public-companies-recommended' is not a known element:
1. If 'app-public-companies-recommended' is an Angular component, then verify that it is part of this module.
2. If 'app-public-companies-recommended' is a Web Component then add 'CUSTOM_ELEMENTS_SCHEMA' to the '@NgModule.schemas' of this component to suppress this message.

5 <app-public-companies-recommended></app-public-companies-recommended>
  ~~~~~~~~~~~~~~~~~~~~~~~~~~~~~~~~~~

  src/app/public/public-list/public-list.component.ts:5:16
    5   templateUrl: './public-list.component.html',
                     ~~~~~~~~~~~~~~~~~~~~~~~~~~~~~~
    Error occurs in the template of component PublicListComponent.


Error: src/app/public/public-list/public-list.component.html:12:5 - error NG8001: 'app-job-board-employer-cta' is not a known element:
1. If 'app-job-board-employer-cta' is an Angular component, then verify that it is part of this module.
2. If 'app-job-board-employer-cta' is a Web Component then add 'CUSTOM_ELEMENTS_SCHEMA' to the '@NgModule.schemas' of this component to suppress this message.

12     <app-job-board-employer-cta></app-job-board-employer-cta>
       ~~~~~~~~~~~~~~~~~~~~~~~~~~~~

  src/app/public/public-list/public-list.component.ts:5:16
    5   templateUrl: './public-list.component.html',
                     ~~~~~~~~~~~~~~~~~~~~~~~~~~~~~~
    Error occurs in the template of component PublicListComponent.


Error: src/app/public/public-list/public-list.component.html:14:5 - error NG8001: 'app-job-posts-list' is not a known element:
1. If 'app-job-posts-list' is an Angular component, then verify that it is part of this module.
2. If 'app-job-posts-list' is a Web Component then add 'CUSTOM_ELEMENTS_SCHEMA' to the '@NgModule.schemas' of this component to suppress this message.

14     <app-job-posts-list label="{{ 'PUBLIC_PAGE.JOB_POST_SECTION_MESSAGE' | translate }}"></app-job-posts-list>
       ~~~~~~~~~~~~~~~~~~~~~~~~~~~~~~~~~~~~~~~~~~~~~~~~~~~~~~~~~~~~~~~~~~~~~~~~~~~~~~~~~~~~~

  src/app/public/public-list/public-list.component.ts:5:16
    5   templateUrl: './public-list.component.html',
                     ~~~~~~~~~~~~~~~~~~~~~~~~~~~~~~
    Error occurs in the template of component PublicListComponent.


Error: src/app/public/public-list/public-list.component.html:14:25 - error NG8002: Can't bind to 'label' since it isn't a known property of 'app-job-posts-list'.
1. If 'app-job-posts-list' is an Angular component and it has 'label' input, then verify that it is part of this module.
2. If 'app-job-posts-list' is a Web Component then add 'CUSTOM_ELEMENTS_SCHEMA' to the '@NgModule.schemas' of this component to suppress this message.
3. To allow any property add 'NO_ERRORS_SCHEMA' to the '@NgModule.schemas' of this component.

14     <app-job-posts-list label="{{ 'PUBLIC_PAGE.JOB_POST_SECTION_MESSAGE' | translate }}"></app-job-posts-list>
                           ~~~~~~~~~~~~~~~~~~~~~~~~~~~~~~~~~~~~~~~~~~~~~~~~~~~~~~~~~~~~~~~~

  src/app/public/public-list/public-list.component.ts:5:16
    5   templateUrl: './public-list.component.html',
                     ~~~~~~~~~~~~~~~~~~~~~~~~~~~~~~
    Error occurs in the template of component PublicListComponent.


Error: src/app/public/public-list/public-list.component.html:14:76 - error NG8004: No pipe found with name 'translate'.

14     <app-job-posts-list label="{{ 'PUBLIC_PAGE.JOB_POST_SECTION_MESSAGE' | translate }}"></app-job-posts-list>
                                                                              ~~~~~~~~~

  src/app/public/public-list/public-list.component.ts:5:16
    5   templateUrl: './public-list.component.html',
                     ~~~~~~~~~~~~~~~~~~~~~~~~~~~~~~
    Error occurs in the template of component PublicListComponent.


Error: src/app/public/public-list/public-list.component.html:18:1 - error NG8001: 'app-public-explore-users' is not a known element:
1. If 'app-public-explore-users' is an Angular component, then verify that it is part of this module.
2. If 'app-public-explore-users' is a Web Component then add 'CUSTOM_ELEMENTS_SCHEMA' to the '@NgModule.schemas' of this component to suppress this message.

18 <app-public-explore-users [userRole]="userRole"></app-public-explore-users>
   ~~~~~~~~~~~~~~~~~~~~~~~~~~~~~~~~~~~~~~~~~~~~~~~~

  src/app/public/public-list/public-list.component.ts:5:16
    5   templateUrl: './public-list.component.html',
                     ~~~~~~~~~~~~~~~~~~~~~~~~~~~~~~
    Error occurs in the template of component PublicListComponent.


Error: src/app/public/public-list/public-list.component.html:18:27 - error NG8002: Can't bind to 'userRole' since it isn't a known property of 'app-public-explore-users'.
1. If 'app-public-explore-users' is an Angular component and it has 'userRole' input, then verify that it is part of this module.
2. If 'app-public-explore-users' is a Web Component then add 'CUSTOM_ELEMENTS_SCHEMA' to the '@NgModule.schemas' of this component to suppress this message.
3. To allow any property add 'NO_ERRORS_SCHEMA' to the '@NgModule.schemas' of this component.

18 <app-public-explore-users [userRole]="userRole"></app-public-explore-users>
                             ~~~~~~~~~~~~~~~~~~~~~

  src/app/public/public-list/public-list.component.ts:5:16
    5   templateUrl: './public-list.component.html',
                     ~~~~~~~~~~~~~~~~~~~~~~~~~~~~~~
    Error occurs in the template of component PublicListComponent.


Error: src/app/public/public-search/public-search.component.html:1:34 - error NG8002: Can't bind to 'ngClass' since it isn't a known property of 'div'.

1 <div class="container-fluid p-0" [ngClass]="loggedUser ? '' : ''">
                                   ~~~~~~~~~~~~~~~~~~~~~~~~~~~~~~~~

  src/app/public/public-search/public-search.component.ts:13:16
    13   templateUrl: './public-search.component.html',
                      ~~~~~~~~~~~~~~~~~~~~~~~~~~~~~~~~
    Error occurs in the template of component PublicSearchComponent.


Error: src/app/public/public-search/public-search.component.html:5:4 - error NG8002: Can't bind to 'ngClass' since it isn't a known property of 'div'.

5    [ngClass]="screenSize > 1500 ? ' col-lg-11' : 'col-lg-11'"
     ~~~~~~~~~~~~~~~~~~~~~~~~~~~~~~~~~~~~~~~~~~~~~~~~~~~~~~~~~~

  src/app/public/public-search/public-search.component.ts:13:16
    13   templateUrl: './public-search.component.html',
                      ~~~~~~~~~~~~~~~~~~~~~~~~~~~~~~~~
    Error occurs in the template of component PublicSearchComponent.


Error: src/app/public/public-search/public-search.component.html:8:25 - error NG8002: Can't bind to 'ngClass' since it isn't a known property of 'div'.

8      <div class="me-3 " [ngClass]="loggedUser ? 'search-key-2' : 'search-key'">
                          ~~~~~~~~~~~~~~~~~~~~~~~~~~~~~~~~~~~~~~~~~~~~~~~~~~~~~~

  src/app/public/public-search/public-search.component.ts:13:16
    13   templateUrl: './public-search.component.html',
                      ~~~~~~~~~~~~~~~~~~~~~~~~~~~~~~~~
    Error occurs in the template of component PublicSearchComponent.


Error: src/app/public/public-search/public-search.component.html:10:7 - error NG8002: Can't bind to 'ngModel' since it isn't a known property of 'input'.

10       [(ngModel)]="keyword">
         ~~~~~~~~~~~~~~~~~~~~~

  src/app/public/public-search/public-search.component.ts:13:16
    13   templateUrl: './public-search.component.html',
                      ~~~~~~~~~~~~~~~~~~~~~~~~~~~~~~~~
    Error occurs in the template of component PublicSearchComponent.


Error: src/app/public/public-search/public-search.component.html:10:20 - error TS2322: Type 'Event' is not assignable to type 'string'.

10       [(ngModel)]="keyword">
                      ~~~~~~~~~
11      </div>
   ~~~~

  src/app/public/public-search/public-search.component.ts:13:16
    13   templateUrl: './public-search.component.html',
                      ~~~~~~~~~~~~~~~~~~~~~~~~~~~~~~~~
    Error occurs in the template of component PublicSearchComponent.


Error: src/app/public/public-search/public-search.component.html:16:11 - error NG8002: Can't bind to 'ngModel' since it isn't a known property of 'select'.

16           [(ngModel)]="work_setup">
             ~~~~~~~~~~~~~~~~~~~~~~~~

  src/app/public/public-search/public-search.component.ts:13:16
    13   templateUrl: './public-search.component.html',
                      ~~~~~~~~~~~~~~~~~~~~~~~~~~~~~~~~
    Error occurs in the template of component PublicSearchComponent.


Error: src/app/public/public-search/public-search.component.html:16:24 - error TS2322: Type 'Event' is not assignable to type 'string'.

16           [(ngModel)]="work_setup">
                          ~~~~~~~~~~~~
17             <option selected>Work Setup</option>
   ~~~~

  src/app/public/public-search/public-search.component.ts[0m:13:16
    13   templateUrl: './public-search.component.html',
                      ~~~~~~~~~~~~~~~~~~~~~~~~~~~~~~~~
    Error occurs in the template of component PublicSearchComponent.


Error: src/app/public/public-search/public-search.component.html:28:11 - error NG8002: Can't bind to 'ngModel' since it isn't a known property of 'select'.

28           [(ngModel)]="job_type">
             ~~~~~~~~~~~~~~~~~~~~~~

  src/app/public/public-search/public-search.component.ts:13:16
    13   templateUrl: './public-search.component.html',
                      ~~~~~~~~~~~~~~~~~~~~~~~~~~~~~~~~
    Error occurs in the template of component PublicSearchComponent.


Error: src/app/public/public-search/public-search.component.html:28:24 - error TS2322: Type 'Event' is not assignable to type 'string'.

28           [(ngModel)]="job_type">
                          ~~~~~~~~~~
29             <option selected>Job Type</option>
   ~~~~

  src/app/public/public-search/public-search.component.ts:13:16
    13   templateUrl: './public-search.component.html',
                      ~~~~~~~~~~~~~~~~~~~~~~~~~~~~~~~~
    Error occurs in the template of component PublicSearchComponent.


Error: src/app/public/public-search/public-search.component.html:53:5 - error NG8001: 'app-job-posts-list' is not a known element:
1. If 'app-job-posts-list' is an Angular component, then verify that it is part of this module.
2. If 'app-job-posts-list' is a Web Component then add 'CUSTOM_ELEMENTS_SCHEMA' to the '@NgModule.schemas' of this component to suppress this message.

53     <app-job-posts-list [label]="'Jobs Search Result'"
       ~~~~~~~~~~~~~~~~~~~~~~~~~~~~~~~~~~~~~~~~~~~~~~~~~~
54     [searchData]="jobSearch"
   ~~~~~~~~~~~~~~~~~~~~~~~~~~~~
55     [fromSearch]="true"
   ~~~~~~~~~~~~~~~~~~~~~~~
56     [subLabel]="'List of available jobs based on current search keywords'"></app-job-posts-list>
   ~~~~~~~~~~~~~~~~~~~~~~~~~~~~~~~~~~~~~~~~~~~~~~~~~~~~~~~~~~~~~~~~~~~~~~~~~~~

  src/app/public/public-search/public-search.component.ts:13:16
    13   templateUrl: './public-search.component.html',
                      ~~~~~~~~~~~~~~~~~~~~~~~~~~~~~~~~
    Error occurs in the template of component PublicSearchComponent.


Error: src/app/public/public-search/public-search.component.html:53:25 - error NG8002: Can't bind to 'label' since it isn't a known property of 'app-job-posts-list'.
1. If 'app-job-posts-list' is an Angular component and it has 'label' input, then verify that it is part of this module.
2. If 'app-job-posts-list' is a Web Component then add 'CUSTOM_ELEMENTS_SCHEMA' to the '@NgModule.schemas' of this component to suppress this message.
3. To allow any property add 'NO_ERRORS_SCHEMA' to the '@NgModule.schemas' of this component.

53     <app-job-posts-list [label]="'Jobs Search Result'"
                           ~~~~~~~~~~~~~~~~~~~~~~~~~~~~~~

  src/app/public/public-search/public-search.component.ts:13:16
    13   templateUrl: './public-search.component.html',
                      ~~~~~~~~~~~~~~~~~~~~~~~~~~~~~~~~
    Error occurs in the template of component PublicSearchComponent.


Error: src/app/public/public-search/public-search.component.html:54:5 - error NG8002: Can't bind to 'searchData' since it isn't a known property of 'app-job-posts-list'.
1. If 'app-job-posts-list' is an Angular component and it has 'searchData' input, then verify that it is part of this module.
2. If 'app-job-posts-list' is a Web Component then add 'CUSTOM_ELEMENTS_SCHEMA' to the '@NgModule.schemas' of this component to suppress this message.
3. To allow any property add 'NO_ERRORS_SCHEMA' to the '@NgModule.schemas' of this component.

54     [searchData]="jobSearch"
       ~~~~~~~~~~~~~~~~~~~~~~~~

  src/app/public/public-search/public-search.component.ts:13:16
    13   templateUrl: './public-search.component.html',
                      ~~~~~~~~~~~~~~~~~~~~~~~~~~~~~~~~
    Error occurs in the template of component PublicSearchComponent.


Error: src/app/public/public-search/public-search.component.html:55:5 - error NG8002: Can't bind to 'fromSearch' since it isn't a known property of 'app-job-posts-list'.
1. If 'app-job-posts-list' is an Angular component and it has 'fromSearch' input, then verify that it is part of this module.
2. If 'app-job-posts-list' is a Web Component then add 'CUSTOM_ELEMENTS_SCHEMA' to the '@NgModule.schemas' of this component to suppress this message.
3. To allow any property add 'NO_ERRORS_SCHEMA' to the '@NgModule.schemas' of this component.

55     [fromSearch]="true"
       ~~~~~~~~~~~~~~~~~~~

  src/app/public/public-search/public-search.component.ts:13:16
    13   templateUrl: './public-search.component.html',
                      ~~~~~~~~~~~~~~~~~~~~~~~~~~~~~~~~
    Error occurs in the template of component PublicSearchComponent.


Error: src/app/public/public-search/public-search.component.html:56:5 - error NG8002: Can't bind to 'subLabel' since it isn't a known property of 'app-job-posts-list'.
1. If 'app-job-posts-list' is an Angular component and it has 'subLabel' input, then verify that it is part of this module.
2. If 'app-job-posts-list' is a Web Component then add 'CUSTOM_ELEMENTS_SCHEMA' to the '@NgModule.schemas' of this component to suppress this message.
3. To allow any property add 'NO_ERRORS_SCHEMA' to the '@NgModule.schemas' of this component.

56     [subLabel]="'List of available jobs based on current search keywords'"></app-job-posts-list>
       ~~~~~~~~~~~~~~~~~~~~~~~~~~~~~~~~~~~~~~~~~~~~~~~~~~~~~~~~~~~~~~~~~~~~~~

  src/app/public/public-search/public-search.component.ts:13:16
    13   templateUrl: './public-search.component.html',
                      ~~~~~~~~~~~~~~~~~~~~~~~~~~~~~~~~
    Error occurs in the template of component PublicSearchComponent.


Error: src/app/public/public.component.html:2:3 - error NG8001: 'app-header' is not a known element:
1. If 'app-header' is an Angular component, then verify that it is part of this module.
2. If 'app-header' is a Web Component then add 'CUSTOM_ELEMENTS_SCHEMA' to the '@NgModule.schemas' of this component to suppress this message.

2   <app-header [isPublic]="true"
    ~~~~~~~~~~~~~~~~~~~~~~~~~~~~~
3         [isUserLoggedIn]="isUserLoggedIn" [user]="user"></app-header>
  ~~~~~~~~~~~~~~~~~~~~~~~~~~~~~~~~~~~~~~~~~~~~~~~~~~~~~~~~

  src/app/public/public.component.ts:6:16
    6   templateUrl: './public.component.html',
                     ~~~~~~~~~~~~~~~~~~~~~~~~~
    Error occurs in the template of component PublicComponent.


Error: src/app/public/public.component.html:2:15 - error NG8002: Can't bind to 'isPublic' since it isn't a known property of 'app-header'.
1. If 'app-header' is an Angular component and it has 'isPublic' input, then verify that it is part of this module.
2. If 'app-header' is a Web Component then add 'CUSTOM_ELEMENTS_SCHEMA' to the '@NgModule.schemas' of this component to suppress this message.
3. To allow any property add 'NO_ERRORS_SCHEMA' to the '@NgModule.schemas' of this component.

2   <app-header [isPublic]="true"
                ~~~~~~~~~~~~~~~~~

  src/app/public/public.component.ts:6:16
    6   templateUrl: './public.component.html',
                     ~~~~~~~~~~~~~~~~~~~~~~~~~
    Error occurs in the template of component PublicComponent.


Error: src/app/public/public.component.html:3:9 - error NG8002: Can't bind to 'isUserLoggedIn' since it isn't a known property of 'app-header'.
1. If 'app-header' is an Angular component and it has 'isUserLoggedIn' input, then verify that it is part of this module.
2. If 'app-header' is a Web Component then add 'CUSTOM_ELEMENTS_SCHEMA' to the '@NgModule.schemas' of this component to suppress this message.
3. To allow any property add 'NO_ERRORS_SCHEMA' to the '@NgModule.schemas' of this component.

3         [isUserLoggedIn]="isUserLoggedIn" [user]="user"></app-header>
          ~~~~~~~~~~~~~~~~~~~~~~~~~~~~~~~~~

  src/app/public/public.component.ts:6:16
    6   templateUrl: './public.component.html',
                     ~~~~~~~~~~~~~~~~~~~~~~~~~
    Error occurs in the template of component PublicComponent.


Error: src/app/public/public.component.html:3:43 - error NG8002: Can't bind to 'user' since it isn't a known property of 'app-header'.
1. If 'app-header' is an Angular component and it has 'user' input, then verify that it is part of this module.
2. If 'app-header' is a Web Component then add 'CUSTOM_ELEMENTS_SCHEMA' to the '@NgModule.schemas' of this component to suppress this message.
3. To allow any property add 'NO_ERRORS_SCHEMA' to the '@NgModule.schemas' of this component.

3         [isUserLoggedIn]="isUserLoggedIn" [user]="user"></app-header>
                                            ~~~~~~~~~~~~~

  src/app/public/public.component.ts:6:16
    6   templateUrl: './public.component.html',
                     ~~~~~~~~~~~~~~~~~~~~~~~~~
    Error occurs in the template of component PublicComponent.


Error: src/app/public/public.component.html:7:3 - error NG8001: 'router-outlet' is not a known element:
1. If 'router-outlet' is an Angular component, then verify that it is part of this module.
2. If 'router-outlet' is a Web Component then add 'CUSTOM_ELEMENTS_SCHEMA' to the '@NgModule.schemas' of this component to suppress this message.

7   <router-outlet></router-outlet>
    ~~~~~~~~~~~~~~~

  src/app/public/public.component.ts:6:16
    6   templateUrl: './public.component.html',
                     ~~~~~~~~~~~~~~~~~~~~~~~~~
    Error occurs in the template of component PublicComponent.


Error: src/app/public/public.component.html:10:1 - error NG8001: 'app-footer' is not a known element:
1. If 'app-footer' is an Angular component, then verify that it is part of this module.
2. If 'app-footer' is a Web Component then add 'CUSTOM_ELEMENTS_SCHEMA' to the '@NgModule.schemas' of this component to suppress this message.

10 <app-footer></app-footer>
   ~~~~~~~~~~~~

  src/app/public/public.component.ts:6:16
    6   templateUrl: './public.component.html',
                     ~~~~~~~~~~~~~~~~~~~~~~~~~
    Error occurs in the template of component PublicComponent.


Error: src/app/public/public.module.ts:23:43 - error TS2307: Cannot find module './shared/talent-proof-badge/talent-proof-badge.component' or its corresponding type declarations.

23 import { TalentProofBadgeComponent } from './shared/talent-proof-badge/talent-proof-badge.component';
                                             ~~~~~~~~~~~~~~~~~~~~~~~~~~~~~~~~~~~~~~~~~~~~~~~~~~~~~~~~~~


Error: src/app/public/public.module.ts:50:17 - error NG1010: Value at position 12 in the NgModule.declarations of PublicModule is not a reference
  Value could not be determined statically.

 50   declarations: [
                    ~
 51     PublicComponent,
    ~~~~~~~~~~~~~~~~~~~~
... 
 64     JobBoardEmployerCtaComponent
    ~~~~~~~~~~~~~~~~~~~~~~~~~~~~~~~~
 65   ],
    ~~~

  src/app/public/public.module.ts:63:5
    63     TalentProofBadgeComponent,
           ~~~~~~~~~~~~~~~~~~~~~~~~~
    Unknown reference.



√ Browser application bundle generation complete.

Error: src/app/public/components/banner/banner.component.html:1:35 - error NG8002: Can't bind to 'ngClass' since it isn't a known property of 'div'.

1 <div class="container-fluid px-5" [ngClass]="loggedUser ? 'pe-3' : ''">
                                    ~~~~~~~~~~~~~~~~~~~~~~~~~~~~~~~~~~~~

  src/app/public/components/banner/banner.component.ts:13:16
    13   templateUrl: './banner.component.html',
                      ~~~~~~~~~~~~~~~~~~~~~~~~~
    Error occurs in the template of component BannerComponent.


Error: src/app/public/components/banner/banner.component.html:4:3 - error NG8002: Can't bind to 'ngClass' since it isn't a known property of 'div'.

4   [ngClass]="loggedUser ? 'col-12 col-lg-10' : 'col-12 col-lg-12'">
    ~~~~~~~~~~~~~~~~~~~~~~~~~~~~~~~~~~~~~~~~~~~~~~~~~~~~~~~~~~~~~~~~

  src/app/public/components/banner/banner.component.ts:13:16
    13   templateUrl: './banner.component.html',
                      ~~~~~~~~~~~~~~~~~~~~~~~~~
    Error occurs in the template of component BannerComponent.


Error: src/app/public/components/banner/banner.component.html:21:4 - error NG8002: Can't bind to 'ngClass' since it isn't a known property of 'div'.

21    [ngClass]="screenSize > 1500 ? ' col-lg-10' : 'col-lg-11'"
      ~~~~~~~~~~~~~~~~~~~~~~~~~~~~~~~~~~~~~~~~~~~~~~~~~~~~~~~~~~

  src/app/public/components/banner/banner.component.ts:13:16
    13   templateUrl: './banner.component.html',
                      ~~~~~~~~~~~~~~~~~~~~~~~~~
    Error occurs in the template of component BannerComponent.


Error: src/app/public/components/banner/banner.component.htmlm:24:25 - error NG8002: Can't bind to 'ngClass' since it isn't a known property of 'div'.

24      <div class="me-3 " [ngClass]="loggedUser ? 'search-key-2' : 'search-key'">
                           ~~~~~~~~~~~~~~~~~~~~~~~~~~~~~~~~~~~~~~~~~~~~~~~~~~~~~~

  src/app/public/components/banner/banner.component.ts:13:16
    13   templateUrl: './banner.component.html',
                      ~~~~~~~~~~~~~~~~~~~~~~~~~
    Error occurs in the template of component BannerComponent.


Error: src/app/public/components/banner/banner.component.html:25:95 - error NG8004: No pipe found with name 'translate'.

25       <input type="text" class="form-control" placeholder="{{ 'PUBLIC_PAGE.KEYWORD_TEXTBOX' | translate }}"
                                                                                                 ~~~~~~~~~

  src/app/public/components/banner/banner.component.ts:13:16
    13   templateUrl: './banner.component.html',
                      ~~~~~~~~~~~~~~~~~~~~~~~~~
    Error occurs in the template of component BannerComponent.


Error: src/app/public/components/banner/banner.component.html:26:7 - error NG8002: Can't bind to 'ngModel' since it isn't a known property of 'input'.

26       [(ngModel)]="keyword">
         ~~~~~~~~~~~~~~~~~~~~~

  src/app/public/components/banner/banner.component.ts:13:16
    13   templateUrl: './banner.component.html',
                      ~~~~~~~~~~~~~~~~~~~~~~~~~
    Error occurs in the template of component BannerComponent.


Error: src/app/public/components/banner/banner.component.html:26:20 - error TS2322: Type 'Event' is not assignable to type 'string'.

26       [(ngModel)]="keyword">
                      ~~~~~~~~~
27      </div>
   ~~~~

  src/app/public/components/banner/banner.component.ts:13:16
    13   templateUrl: './banner.component.html',
                      ~~~~~~~~~~~~~~~~~~~~~~~~~
    Error occurs in the template of component BannerComponent.


Error: src/app/public/components/banner/banner.component.html:32:11 - error NG8002: Can't bind to 'ngModel' since it isn't a known property of 'select'.

32           [(ngModel)]="work_setup">
             ~~~~~~~~~~~~~~~~~~~~~~~~

  src/app/public/components/banner/banner.component.ts:13:16
    13   templateUrl: './banner.component.html',
                      ~~~~~~~~~~~~~~~~~~~~~~~~~
    Error occurs in the template of component BannerComponent.


Error: src/app/public/components/banner/banner.component.html:32:24 - error TS2322: Type 'Event' is not assignable to type 'string'.

32           [(ngModel)]="work_setup">
                          ~~~~~~~~~~~~
33             <option selected>{{ 'PUBLIC_PAGE.WORK_SETUP_SELECTOR' | translate }}</option>
   ~~~~

  src/app/public/components/banner/banner.component.ts:13:16
    13   templateUrl: './banner.component.html',
                      ~~~~~~~~~~~~~~~~~~~~~~~~~
    Error occurs in the template of component BannerComponent.


Error: src/app/public/components/banner/banner.component.html:33:69 - error NG8004: No pipe found with name 'translate'.

33             <option selected>{{ 'PUBLIC_PAGE.WORK_SETUP_SELECTOR' | translate }}</option>
                                                                       ~~~~~~~~~

  src/app/public/components/banner/banner.component.ts:13:16
    13   templateUrl: './banner.component.html',
                      ~~~~~~~~~~~~~~~~~~~~~~~~~
    Error occurs in the template of component BannerComponent.


Error: src/app/public/components/banner/banner.component.html:44:11 - error NG8002: Can't bind to 'ngModel' since it isn't a known property of 'select'.

44           [(ngModel)]="job_type">
             ~~~~~~~~~~~~~~~~~~~~~~

  src/app/public/components/banner/banner.component.ts:13:16
    13   templateUrl: './banner.component.html',
                      ~~~~~~~~~~~~~~~~~~~~~~~~~
    Error occurs in the template of component BannerComponent.


Error: src/app/public/components/banner/banner.component.html:44:24 - error TS2322: Type 'Event' is not assignable to type 'string'.

44           [(ngModel)]="job_type">
                          ~~~~~~~~~~
45             <option selected>{{ 'PUBLIC_PAGE.JOB_TYPE_SELECTOR' | translate }}</option>
   ~~~~

  src/app/public/components/banner/banner.component.ts:13:16
    13   templateUrl: './banner.component.html',
                      ~~~~~~~~~~~~~~~~~~~~~~~~~
    Error occurs in the template of component BannerComponent.


Error: src/app/public/components/banner/banner.component.html:45:67 - error NG8004: No pipe found with name 'translate'.

45             <option selected>{{ 'PUBLIC_PAGE.JOB_TYPE_SELECTOR' | translate }}</option>
                                                                     ~~~~~~~~~

  src/app/public/components/banner/banner.component.ts:13:16
    13   templateUrl: './banner.component.html',
                      ~~~~~~~~~~~~~~~~~~~~~~~~~
    Error occurs in the template of component BannerComponent.


Error: src/app/public/components/banner/banner.component.html:60:68 - error NG8004: No pipe found with name 'translate'.

60           (click)="findJobs()">{{ 'PUBLIC_PAGE.FIND_JOBS_BUTTON' | translate }}</button>
                                                                      ~~~~~~~~~

  src/app/public/components/banner/banner.component.ts:13:16
    13   templateUrl: './banner.component.html',
                      ~~~~~~~~~~~~~~~~~~~~~~~~~
    Error occurs in the template of component BannerComponent.


Error: src/app/public/components/explore-users/explore-users.component.html:8:82 - error NG8004: No pipe found with name 'translate'.

8      <h5 class="title-banner mb-3" >{{ 'PUBLIC_PAGE.RESUME_UPLOAD_BOX_MESSAGE' | translate }}</h5>
                                                                                   ~~~~~~~~~

  src/app/public/components/explore-users/explore-users.component.ts:11:16
    11   templateUrl: './explore-users.component.html',
                      ~~~~~~~~~~~~~~~~~~~~~~~~~~~~~~~~
    Error occurs in the template of component ExploreUsersComponent.


Error: src/app/public/components/explore-users/explore-users.component.html:12:48 - error NG8004: No pipe found with name 'translate'.

12        {{ 'PUBLIC_PAGE.RESUME_UPLOAD_BUTTON' | translate }}</button>
                                                  ~~~~~~~~~

  src/app/public/components/explore-users/explore-users.component.ts:11:16
    11   templateUrl: './explore-users.component.html',
                      ~~~~~~~~~~~~~~~~~~~~~~~~~~~~~~~~
    Error occurs in the template of component ExploreUsersComponent.


Error: src/app/public/employer-portal/employer-portal.component.html:11:5 - error NG8001: 'app-talent-proof-badge' is not a known element:
1. If 'app-talent-proof-badge' is an Angular component, then verify that it is part of this module.
2. If 'app-talent-proof-badge' is a Web Component then add 'CUSTOM_ELEMENTS_SCHEMA' to the '@NgModule.schemas' of this component to suppress this message.

11     <app-talent-proof-badge variant="card" placement="employer_portal_hero"></app-talent-proof-badge>
       ~~~~~~~~~~~~~~~~~~~~~~~~~~~~~~~~~~~~~~~~~~~~~~~~~~~~~~~~~~~~~~~~~~~~~~~~

  src/app/public/employer-portal/employer-portal.component.ts:10:16
    10   templateUrl: './employer-portal.component.html',
                      ~~~~~~~~~~~~~~~~~~~~~~~~~~~~~~~~~~
    Error occurs in the template of component EmployerPortalComponent.


Error: src/app/public/employer-portal/employer-portal.component.html:45:3 - error NG8001: 'app-portal-faq' is not a known element:
1. If 'app-portal-faq' is an Angular component, then verify that it is part of this module.
2. If 'app-portal-faq' is a Web Component then add 'CUSTOM_ELEMENTS_SCHEMA' to the '@NgModule.schemas' of this component to suppress this message.

45   <app-portal-faq [items]="faqItems"></app-portal-faq>
     ~~~~~~~~~~~~~~~~~~~~~~~~~~~~~~~~~~~

  src/app/public/employer-portal/employer-portal.component.ts:10:16
    10   templateUrl: './employer-portal.component.html',
                      ~~~~~~~~~~~~~~~~~~~~~~~~~~~~~~~~~~
    Error occurs in the template of component EmployerPortalComponent.


Error: src/app/public/employer-portal/employer-portal.component.html:45:19 - error NG8002: Can't bind to 'items' since it isn't a known property of 'app-portal-faq'.
1. If 'app-portal-faq' is an Angular component and it has 'items' input, then verify that it is part of this module.
2. If 'app-portal-faq' is a Web Component then add 'CUSTOM_ELEMENTS_SCHEMA' to the '@NgModule.schemas' of this component to suppress this message.
3. To allow any property add 'NO_ERRORS_SCHEMA' to the '@NgModule.schemas' of this component.

45   <app-portal-faq [items]="faqItems"></app-portal-faq>
                     ~~~~~~~~~~~~~~~~~~

  src/app/public/employer-portal/employer-portal.component.ts:10:16
    10   templateUrl: './employer-portal.component.html',
                      ~~~~~~~~~~~~~~~~~~~~~~~~~~~~~~~~~~
    Error occurs in the template of component EmployerPortalComponent.


Error: src/app/public/employer-portal/employer-portal.component.html:48:1 - error NG8001: 'app-portal-cta-band' is not a known element:
1. If 'app-portal-cta-band' is an Angular component, then verify that it is part of this module.
2. If 'app-portal-cta-band' is a Web Component then add 'CUSTOM_ELEMENTS_SCHEMA' to the '@NgModule.schemas' of this component to suppress this message.

 48 <app-portal-cta-band
    ~~~~~~~~~~~~~~~~~~~~
 49   title="Ready to start hiring?"
    ~~~~~~~~~~~~~~~~~~~~~~~~~~~~~~~~
... 
 51   primaryLabel="Create employer account"
    ~~~~~~~~~~~~~~~~~~~~~~~~~~~~~~~~~~~~~~~~
 52   (primaryClick)="startHiring()">
    ~~~~~~~~~~~~~~~~~~~~~~~~~~~~~~~~~

  src/app/public/employer-portal/employer-portal.component.ts:10:16
    10   templateUrl: './employer-portal.component.html',
                      ~~~~~~~~~~~~~~~~~~~~~~~~~~~~~~~~~~
    Error occurs in the template of component EmployerPortalComponent.


Error: src/app/public/job-seeker-portal/job-seeker-portal.component.html:14:9 - error NG8002: Can't bind to 'ngModel' since it isn't a known property of 'input'.

14         [(ngModel)]="keyword"
           ~~~~~~~~~~~~~~~~~~~~~

  src/app/public/job-seeker-portal/job-seeker-portal.component.ts:11:16
    11   templateUrl: './job-seeker-portal.component.html',
                      ~~~~~~~~~~~~~~~~~~~~~~~~~~~~~~~~~~~~
    Error occurs in the template of component JobSeekerPortalComponent.


Error: src/app/public/job-seeker-portal/job-seeker-portal.component.html:14:22 - error TS2322: Type 'Event' is not assignable to type 'string'.

14         [(ngModel)]="keyword"
                        ~~~~~~~~
15         name="keyword">
   ~~~~~~

  src/app/public/job-seeker-portal/job-seeker-portal.component.ts:11:16
    11   templateUrl: './job-seeker-portal.component.html',
                      ~~~~~~~~~~~~~~~~~~~~~~~~~~~~~~~~~~~~
    Error occurs in the template of component JobSeekerPortalComponent.


Error: src/app/public/job-seeker-portal/job-seeker-portal.component.html:40:3 - error NG8001: 'app-inline-loading' is not a known element:
1. If 'app-inline-loading' is an Angular component, then verify that it is part of this module.
2. If 'app-inline-loading' is a Web Component then add 'CUSTOM_ELEMENTS_SCHEMA' to the '@NgModule.schemas' of this component to suppress this message.

40   <app-inline-loading *ngIf="loading$ | async"></app-inline-loading>
     ~~~~~~~~~~~~~~~~~~~~~~~~~~~~~~~~~~~~~~~~~~~~~

  src/app/public/job-seeker-portal/job-seeker-portal.component.ts:11:16
    11   templateUrl: './job-seeker-portal.component.html',
                      ~~~~~~~~~~~~~~~~~~~~~~~~~~~~~~~~~~~~
    Error occurs in the template of component JobSeekerPortalComponent.


Error: src/app/public/job-seeker-portal/job-seeker-portal.component.html:44:7 - error NG8001: 'app-job-card' is not a known element:
1. If 'app-job-card' is an Angular component, then verify that it is part of this module.
2. If 'app-job-card' is a Web Component then add 'CUSTOM_ELEMENTS_SCHEMA' to the '@NgModule.schemas' of this component to suppress this message.

44       <app-job-card *ngFor="let job of jobs.slice(0, 3); let i = index" [data]="job" [i]="i"></app-job-card>
         ~~~~~~~~~~~~~~~~~~~~~~~~~~~~~~~~~~~~~~~~~~~~~~~~~~~~~~~~~~~~~~~~~~~~~~~~~~~~~~~~~~~~~~~

  src/app/public/job-seeker-portal/job-seeker-portal.component.ts:11:16
    11   templateUrl: './job-seeker-portal.component.html',
                      ~~~~~~~~~~~~~~~~~~~~~~~~~~~~~~~~~~~~
    Error occurs in the template of component JobSeekerPortalComponent.


Error: src/app/public/job-seeker-portal/job-seeker-portal.component.html:44:73 - error NG8002: Can't bind to 'data' since it isn't a known property of 'app-job-card'.
1. If 'app-job-card' is an Angular component and it has 'data' input, then verify that it is part of this module.
2. If 'app-job-card' is a Web Component then add 'CUSTOM_ELEMENTS_SCHEMA' to the '@NgModule.schemas' of this component to suppress this message.
3. To allow any property add 'NO_ERRORS_SCHEMA' to the '@NgModule.schemas' of this component.

44       <app-job-card *ngFor="let job of jobs.slice(0, 3); let i = index" [data]="job" [i]="i"></app-job-card>
                                                                           ~~~~~~~~~~~~

  src/app/public/job-seeker-portal/job-seeker-portal.component.ts:11:16
    11   templateUrl: './job-seeker-portal.component.html',
                      ~~~~~~~~~~~~~~~~~~~~~~~~~~~~~~~~~~~~
    Error occurs in the template of component JobSeekerPortalComponent.


Error: src/app/public/job-seeker-portal/job-seeker-portal.component.html:44:86 - error NG8002: Can't bind to 'i' since it isn't a known property of 'app-job-card'.
1. If 'app-job-card' is an Angular component and it has 'i' input, then verify that it is part of this module.
2. If 'app-job-card' is a Web Component then add 'CUSTOM_ELEMENTS_SCHEMA' to the '@NgModule.schemas' of this component to suppress this message.
3. To allow any property add 'NO_ERRORS_SCHEMA' to the '@NgModule.schemas' of this component.

44       <app-job-card *ngFor="let job of jobs.slice(0, 3); let i = index" [data]="job" [i]="i"></app-job-card>
                                                                                        ~~~~~~~

  src/app/public/job-seeker-portal/job-seeker-portal.component.ts:11:16
    11   templateUrl: './job-seeker-portal.component.html',
                      ~~~~~~~~~~~~~~~~~~~~~~~~~~~~~~~~~~~~
    Error occurs in the template of component JobSeekerPortalComponent.


Error: src/app/public/job-seeker-portal/job-seeker-portal.component.html:71:3 - error NG8001: 'app-portal-faq' is not a known element:
1. If 'app-portal-faq' is an Angular component, then verify that it is part of this module.
2. If 'app-portal-faq' is a Web Component then add 'CUSTOM_ELEMENTS_SCHEMA' to the '@NgModule.schemas' of this component to suppress this message.

71   <app-portal-faq [items]="faqItems"></app-portal-faq>
     ~~~~~~~~~~~~~~~~~~~~~~~~~~~~~~~~~~~

  src/app/public/job-seeker-portal/job-seeker-portal.component.ts:11:16
    11   templateUrl: './job-seeker-portal.component.html',
                      ~~~~~~~~~~~~~~~~~~~~~~~~~~~~~~~~~~~~
    Error occurs in the template of component JobSeekerPortalComponent.


Error: src/app/public/job-seeker-portal/job-seeker-portal.component.html:71:19 - error NG8002: Can't bind to 'items' since it isn't a known property of 'app-portal-faq'.
1. If 'app-portal-faq' is an Angular component and it has 'items' input, then verify that it is part of this module.
2. If 'app-portal-faq' is a Web Component then add 'CUSTOM_ELEMENTS_SCHEMA' to the '@NgModule.schemas' of this component to suppress this message.
3. To allow any property add 'NO_ERRORS_SCHEMA' to the '@NgModule.schemas' of this component.

71   <app-portal-faq [items]="faqItems"></app-portal-faq>
                     ~~~~~~~~~~~~~~~~~~

  src/app/public/job-seeker-portal/job-seeker-portal.component.ts:11:16
    11   templateUrl: './job-seeker-portal.component.html',
                      ~~~~~~~~~~~~~~~~~~~~~~~~~~~~~~~~~~~~
    Error occurs in the template of component JobSeekerPortalComponent.


Error: src/app/public/job-seeker-portal/job-seeker-portal.component.html:74:1 - error NG8001: 'app-portal-cta-band' is not a known element:
1. If 'app-portal-cta-band' is an Angular component, then verify that it is part of this module.
2. If 'app-portal-cta-band' is a Web Component then add 'CUSTOM_ELEMENTS_SCHEMA' to the '@NgModule.schemas' of this component to suppress this message.

 74 <app-portal-cta-band
    ~~~~~~~~~~~~~~~~~~~~
 75   title="Ready to find your next role?"
    ~~~~~~~~~~~~~~~~~~~~~~~~~~~~~~~~~~~~~~~
... 
 79   (primaryClick)="createAccount()"
    ~~~~~~~~~~~~~~~~~~~~~~~~~~~~~~~~~~
 80   (secondaryClick)="goToJobs()">
    ~~~~~~~~~~~~~~~~~~~~~~~~~~~~~~~~

  src/app/public/job-seeker-portal/job-seeker-portal.component.ts:11:16
    11   templateUrl: './job-seeker-portal.component.html',
                      ~~~~~~~~~~~~~~~~~~~~~~~~~~~~~~~~~~~~
    Error occurs in the template of component JobSeekerPortalComponent.


Error: src/app/public/main-portal/main-portal.component.html:13:5 - error NG8001: 'app-role-card' is not a known element:
1. If 'app-role-card' is an Angular component, then verify that it is part of this module.
2. If 'app-role-card' is a Web Component then add 'CUSTOM_ELEMENTS_SCHEMA' to the '@NgModule.schemas' of this component to suppress this message.

 13     <app-role-card
        ~~~~~~~~~~~~~~
 14       icon="/assets/images/placeholder/icons/card-applicant-icon.png"
    ~~~~~~~~~~~~~~~~~~~~~~~~~~~~~~~~~~~~~~~~~~~~~~~~~~~~~~~~~~~~~~~~~~~~~
... 
 18       ariaLabel="Continue as Job Seeker"
    ~~~~~~~~~~~~~~~~~~~~~~~~~~~~~~~~~~~~~~~~
 19       (activated)="goToJobSeekerPortal()">
    ~~~~~~~~~~~~~~~~~~~~~~~~~~~~~~~~~~~~~~~~~~

  src/app/public/main-portal/main-portal.component.ts:14:16
    14   templateUrl: './main-portal.component.html',
                      ~~~~~~~~~~~~~~~~~~~~~~~~~~~~~~
    Error occurs in the template of component MainPortalComponent.


Error: src/app/public/main-portal/main-portal.component.html:22:5 - error NG8001: 'app-role-card' is not a known element:
1. If 'app-role-card' is an Angular component, then verify that it is part of this module.
2. If 'app-role-card' is a Web Component then add 'CUSTOM_ELEMENTS_SCHEMA' to the '@NgModule.schemas' of this component to suppress this message.

 22     <app-role-card
        ~~~~~~~~~~~~~~
 23       icon="/assets/images/placeholder/icons/card-interview-icon.png"
    ~~~~~~~~~~~~~~~~~~~~~~~~~~~~~~~~~~~~~~~~~~~~~~~~~~~~~~~~~~~~~~~~~~~~~
... 
 27       ariaLabel="Continue as Employer"
    ~~~~~~~~~~~~~~~~~~~~~~~~~~~~~~~~~~~~~~
 28       (activated)="goToEmployerPortal()">
    ~~~~~~~~~~~~~~~~~~~~~~~~~~~~~~~~~~~~~~~~~

  src/app/public/main-portal/main-portal.component.ts:14:16
    14   templateUrl: './main-portal.component.html',
                      ~~~~~~~~~~~~~~~~~~~~~~~~~~~~~~
    Error occurs in the template of component MainPortalComponent.


Error: src/app/public/main-portal/main-portal.component.html:35:5 - error NG8001: 'app-talent-proof-badge' is not a known element:
1. If 'app-talent-proof-badge' is an Angular component, then verify that it is part of this module.
2. If 'app-talent-proof-badge' is a Web Component then add 'CUSTOM_ELEMENTS_SCHEMA' to the '@NgModule.schemas' of this component to suppress this message.

35     <app-talent-proof-badge variant="pill" placement="main_portal_role_card"></app-talent-proof-badge>
       ~~~~~~~~~~~~~~~~~~~~~~~~~~~~~~~~~~~~~~~~~~~~~~~~~~~~~~~~~~~~~~~~~~~~~~~~~

  src/app/public/main-portal/main-portal.component.ts:14:16
    14   templateUrl: './main-portal.component.html',
                      ~~~~~~~~~~~~~~~~~~~~~~~~~~~~~~
    Error occurs in the template of component MainPortalComponent.


Error: src/app/public/main-portal/main-portal.component.html:55:1 - error NG8001: 'app-portal-cta-band' is not a known element:
1. If 'app-portal-cta-band' is an Angular component, then verify that it is part of this module.
2. If 'app-portal-cta-band' is a Web Component then add 'CUSTOM_ELEMENTS_SCHEMA' to the '@NgModule.schemas' of this component to suppress this message.

 55 <app-portal-cta-band
    ~~~~~~~~~~~~~~~~~~~~
 56   title="Ready to get started?"
    ~~~~~~~~~~~~~~~~~~~~~~~~~~~~~~~
... 
 60   (primaryClick)="goToJobs()"
    ~~~~~~~~~~~~~~~~~~~~~~~~~~~~~
 61   (secondaryClick)="goToEmployerPortal()">
    ~~~~~~~~~~~~~~~~~~~~~~~~~~~~~~~~~~~~~~~~~~

  src/app/public/main-portal/main-portal.component.ts:14:16
    14   templateUrl: './main-portal.component.html',
                      ~~~~~~~~~~~~~~~~~~~~~~~~~~~~~~
    Error occurs in the template of component MainPortalComponent.


Error: src/app/public/public-details/public-details.component.html:12:46 - error NG8004: No pipe found with name 'currency'.

12           {{selectedJobPost?.salaryMinimum | currency: selectedJobPost.salaryCurrency: 'symbol' }} -
                                                ~~~~~~~~

  src/app/public/public-details/public-details.component.ts:8:16
    8   templateUrl: './public-details.component.html',
                     ~~~~~~~~~~~~~~~~~~~~~~~~~~~~~~~~~
    Error occurs in the template of component PublicDetailsComponent.


Error: src/app/public/public-details/public-details.component.html:13:46 - error NG8004: No pipe found with name 'currency'.

13           {{selectedJobPost?.salaryMaximum | currency: selectedJobPost.salaryCurrency: 'symbol' }}
                                                ~~~~~~~~

  src/app/public/public-details/public-details.component.ts:8:16
    8   templateUrl: './public-details.component.html',
                     ~~~~~~~~~~~~~~~~~~~~~~~~~~~~~~~~~
    Error occurs in the template of component PublicDetailsComponent.


Error: src/app/public/public-details/public-details.component.html:23:7 - error NG8001: 'app-job-details-sidecard' is not a known element:
1. If 'app-job-details-sidecard' is an Angular component, then verify that it is part of this module.
2. If 'app-job-details-sidecard' is a Web Component then add 'CUSTOM_ELEMENTS_SCHEMA' to the '@NgModule.schemas' of this component to suppress this message.

23       <app-job-details-sidecard [data]="selectedJobPost" [company]="selectedJobPost" [screenSize]="screenSize">
         ~~~~~~~~~~~~~~~~~~~~~~~~~~~~~~~~~~~~~~~~~~~~~~~~~~~~~~~~~~~~~~~~~~~~~~~~~~~~~~~~~~~~~~~~~~~~~~~~~~~~~~~~~

  src/app/public/public-details/public-details.component.ts:8:16
    8   templateUrl: './public-details.component.html',
                     ~~~~~~~~~~~~~~~~~~~~~~~~~~~~~~~~~
    Error occurs in the template of component PublicDetailsComponent.


Error: src/app/public/public-details/public-details.component.html:23:33 - error NG8002: Can't bind to 'data' since it isn't a known property of 'app-job-details-sidecard'.
1. If 'app-job-details-sidecard' is an Angular component and it has 'data' input, then verify that it is part of this module.
2. If 'app-job-details-sidecard' is a Web Component then add 'CUSTOM_ELEMENTS_SCHEMA' to the '@NgModule.schemas' of this component to suppress this message.
3. To allow any property add 'NO_ERRORS_SCHEMA' to the '@NgModule.schemas' of this component.

23       <app-job-details-sidecard [data]="selectedJobPost" [company]="selectedJobPost" [screenSize]="screenSize">
                                   ~~~~~~~~~~~~~~~~~~~~~~~~

  src/app/public/public-details/public-details.component.ts:8:16
    8   templateUrl: './public-details.component.html',
                     ~~~~~~~~~~~~~~~~~~~~~~~~~~~~~~~~~
    Error occurs in the template of component PublicDetailsComponent.


Error: src/app/public/public-details/public-details.component.html:23:58 - error NG8002: Can't bind to 'company' since it isn't a known property of 'app-job-details-sidecard'.
1. If 'app-job-details-sidecard' is an Angular component and it has 'company' input, then verify that it is part of this module.
2. If 'app-job-details-sidecard' is a Web Component then add 'CUSTOM_ELEMENTS_SCHEMA' to the '@NgModule.schemas' of this component to suppress this message.
3. To allow any property add 'NO_ERRORS_SCHEMA' to the '@NgModule.schemas' of this component.

23       <app-job-details-sidecard [data]="selectedJobPost" [company]="selectedJobPost" [screenSize]="screenSize">
                                                            ~~~~~~~~~~~~~~~~~~~~~~~~~~~

  src/app/public/public-details/public-details.component.ts:8:16
    8   templateUrl: './public-details.component.html',
                     ~~~~~~~~~~~~~~~~~~~~~~~~~~~~~~~~~
    Error occurs in the template of component PublicDetailsComponent.


Error: src/app/public/public-details/public-details.component.html:23:86 - error NG8002: Can't bind to 'screenSize' since it isn't a known property of 'app-job-details-sidecard'.
1. If 'app-job-details-sidecard' is an Angular component and it has 'screenSize' input, then verify that it is part of this module.
2. If 'app-job-details-sidecard' is a Web Component then add 'CUSTOM_ELEMENTS_SCHEMA' to the '@NgModule.schemas' of this component to suppress this message.
3. To allow any property add 'NO_ERRORS_SCHEMA' to the '@NgModule.schemas' of this component.

23       <app-job-details-sidecard [data]="selectedJobPost" [company]="selectedJobPost" [screenSize]="screenSize">
                                                                                        ~~~~~~~~~~~~~~~~~~~~~~~~~

  src/app/public/public-details/public-details.component.ts:8:16
    8   templateUrl: './public-details.component.html',
                     ~~~~~~~~~~~~~~~~~~~~~~~~~~~~~~~~~
    Error occurs in the template of component PublicDetailsComponent.


Error: src/app/public/public-details/public-details.component.html:29:7 - error NG8001: 'app-application-process' is not a known element:
1. If 'app-application-process' is an Angular component, then verify that it is part of this module.
2. If 'app-application-process' is a Web Component then add 'CUSTOM_ELEMENTS_SCHEMA' to the '@NgModule.schemas' of this component to suppress this message.

29       <app-application-process *ngIf="isApplying" [job]="selectedJobPost" (apply)="apply($event)">
         ~~~~~~~~~~~~~~~~~~~~~~~~~~~~~~~~~~~~~~~~~~~~~~~~~~~~~~~~~~~~~~~~~~~~~~~~~~~~~~~~~~~~~~~~~~~~

  src/app/public/public-details/public-details.component.ts:8:16
    8   templateUrl: './public-details.component.html',
                     ~~~~~~~~~~~~~~~~~~~~~~~~~~~~~~~~~
    Error occurs in the template of component PublicDetailsComponent.


Error: src/app/public/public-details/public-details.component.html:29:51 - error NG8002: Can't bind to 'job' since it isn't a known property of 'app-application-process'.
1. If 'app-application-process' is an Angular component and it has 'job' input, then verify that it is part of this module.
2. If 'app-application-process' is a Web Component then add 'CUSTOM_ELEMENTS_SCHEMA' to the '@NgModule.schemas' of this component to suppress this message.
3. To allow any property add 'NO_ERRORS_SCHEMA' to the '@NgModule.schemas' of this component.

29       <app-application-process *ngIf="isApplying" [job]="selectedJobPost" (apply)="apply($event)">
                                                     ~~~~~~~~~~~~~~~~~~~~~~~

  src/app/public/public-details/public-details.component.ts:8:16
    8   templateUrl: './public-details.component.html',
                     ~~~~~~~~~~~~~~~~~~~~~~~~~~~~~~~~~
    Error occurs in the template of component PublicDetailsComponent.


Error: src/app/public/public-details/public-details.component.html:32:7 - error NG8001: 'app-job-posts-details' is not a known element:
1. If 'app-job-posts-details' is an Angular component, then verify that it is part of this module.
2. If 'app-job-posts-details' is a Web Component then add 'CUSTOM_ELEMENTS_SCHEMA' to the '@NgModule.schemas' of this component to suppress this message.

32       <app-job-posts-details [withBanner]="false" *ngIf="!isApplying" (apply)="apply($event)">
         ~~~~~~~~~~~~~~~~~~~~~~~~~~~~~~~~~~~~~~~~~~~~~~~~~~~~~~~~~~~~~~~~~~~~~~~~~~~~~~~~~~~~~~~~

  src/app/public/public-details/public-details.component.ts:8:16
    8   templateUrl: './public-details.component.html',
                     ~~~~~~~~~~~~~~~~~~~~~~~~~~~~~~~~~
    Error occurs in the template of component PublicDetailsComponent.


Error: src/app/public/public-details/public-details.component.html:32:30 - error NG8002: Can't bind to 'withBanner' since it isn't a known property of 'app-job-posts-details'.
1. If 'app-job-posts-details' is an Angular component and it has 'withBanner' input, then verify that it is part of this module.
2. If 'app-job-posts-details' is a Web Component then add 'CUSTOM_ELEMENTS_SCHEMA' to the '@NgModule.schemas' of this component to suppress this message.
3. To allow any property add 'NO_ERRORS_SCHEMA' to the '@NgModule.schemas' of this component.

32       <app-job-posts-details [withBanner]="false" *ngIf="!isApplying" (apply)="apply($event)">
                                ~~~~~~~~~~~~~~~~~~~~

  src/app/public/public-details/public-details.component.ts:8:16
    8   templateUrl: './public-details.component.html',
                     ~~~~~~~~~~~~~~~~~~~~~~~~~~~~~~~~~
    Error occurs in the template of component PublicDetailsComponent.


Error: src/app/public/public-list/public-list.component.html:2:1 - error NG8001: 'app-public-banner' is not a known element:
1. If 'app-public-banner' is an Angular component, then verify that it is part of this module.
2. If 'app-public-banner' is a Web Component then add 'CUSTOM_ELEMENTS_SCHEMA' to the '@NgModule.schemas' of this component to suppress this message.

2 <app-public-banner [screenSize]="screenSize"></app-public-banner>
  ~~~~~~~~~~~~~~~~~~~~~~~~~~~~~~~~~~~~~~~~~~~~~

  src/app/public/public-list/public-list.component.ts:5:16
    5   templateUrl: './public-list.component.html',
                     ~~~~~~~~~~~~~~~~~~~~~~~~~~~~~~
    Error occurs in the template of component PublicListComponent.


Error: src/app/public/public-list/public-list.component.html:2:20 - error NG8002: Can't bind to 'screenSize' since it isn't a known property of 'app-public-banner'.
1. If 'app-public-banner' is an Angular component and it has 'screenSize' input, then verify that it is part of this module.
2. If 'app-public-banner' is a Web Component then add 'CUSTOM_ELEMENTS_SCHEMA' to the '@NgModule.schemas' of this component to suppress this message.
3. To allow any property add 'NO_ERRORS_SCHEMA' to the '@NgModule.schemas' of this component.

2 <app-public-banner [screenSize]="screenSize"></app-public-banner>
                     ~~~~~~~~~~~~~~~~~~~~~~~~~

  src/app/public/public-list/public-list.component.ts:5:16
    5   templateUrl: './public-list.component.html',
                     ~~~~~~~~~~~~~~~~~~~~~~~~~~~~~~
    Error occurs in the template of component PublicListComponent.


Error: src/app/public/public-list/public-list.component.html:5:1 - error NG8001: 'app-public-companies-recommended' is not a known element:
1. If 'app-public-companies-recommended' is an Angular component, then verify that it is part of this module.
2. If 'app-public-companies-recommended' is a Web Component then add 'CUSTOM_ELEMENTS_SCHEMA' to the '@NgModule.schemas' of this component to suppress this message.

5 <app-public-companies-recommended></app-public-companies-recommended>
  ~~~~~~~~~~~~~~~~~~~~~~~~~~~~~~~~~~

  src/app/public/public-list/public-list.component.ts:5:16
    5   templateUrl: './public-list.component.html',
                     ~~~~~~~~~~~~~~~~~~~~~~~~~~~~~~
    Error occurs in the template of component PublicListComponent.


Error: src/app/public/public-list/public-list.component.html:12:5 - error NG8001: 'app-job-board-employer-cta' is not a known element:
1. If 'app-job-board-employer-cta' is an Angular component, then verify that it is part of this module.
2. If 'app-job-board-employer-cta' is a Web Component then add 'CUSTOM_ELEMENTS_SCHEMA' to the '@NgModule.schemas' of this component to suppress this message.

12     <app-job-board-employer-cta></app-job-board-employer-cta>
       ~~~~~~~~~~~~~~~~~~~~~~~~~~~~

  src/app/public/public-list/public-list.component.ts:5:16
    5   templateUrl: './public-list.component.html',
                     ~~~~~~~~~~~~~~~~~~~~~~~~~~~~~~
    Error occurs in the template of component PublicListComponent.


Error: src/app/public/public-list/public-list.component.html:14:5 - error NG8001: 'app-job-posts-list' is not a known element:
1. If 'app-job-posts-list' is an Angular component, then verify that it is part of this module.
2. If 'app-job-posts-list' is a Web Component then add 'CUSTOM_ELEMENTS_SCHEMA' to the '@NgModule.schemas' of this component to suppress this message.

14     <app-job-posts-list label="{{ 'PUBLIC_PAGE.JOB_POST_SECTION_MESSAGE' | translate }}"></app-job-posts-list>
       ~~~~~~~~~~~~~~~~~~~~~~~~~~~~~~~~~~~~~~~~~~~~~~~~~~~~~~~~~~~~~~~~~~~~~~~~~~~~~~~~~~~~~

  src/app/public/public-list/public-list.component.ts:5:16
    5   templateUrl: './public-list.component.html',
                     ~~~~~~~~~~~~~~~~~~~~~~~~~~~~~~
    Error occurs in the template of component PublicListComponent.


Error: src/app/public/public-list/public-list.component.html:14:25 - error NG8002: Can't bind to 'label' since it isn't a known property of 'app-job-posts-list'.
1. If 'app-job-posts-list' is an Angular component and it has 'label' input, then verify that it is part of this module.
2. If 'app-job-posts-list' is a Web Component then add 'CUSTOM_ELEMENTS_SCHEMA' to the '@NgModule.schemas' of this component to suppress this message.
3. To allow any property add 'NO_ERRORS_SCHEMA' to the '@NgModule.schemas' of this component.

14     <app-job-posts-list label="{{ 'PUBLIC_PAGE.JOB_POST_SECTION_MESSAGE' | translate }}"></app-job-posts-list>
                           ~~~~~~~~~~~~~~~~~~~~~~~~~~~~~~~~~~~~~~~~~~~~~~~~~~~~~~~~~~~~~~~~

  src/app/public/public-list/public-list.component.ts:5:16
    5   templateUrl: './public-list.component.html',
                     ~~~~~~~~~~~~~~~~~~~~~~~~~~~~~~
    Error occurs in the template of component PublicListComponent.


Error: src/app/public/public-list/public-list.component.html:14:76 - error NG8004: No pipe found with name 'translate'.

14     <app-job-posts-list label="{{ 'PUBLIC_PAGE.JOB_POST_SECTION_MESSAGE' | translate }}"></app-job-posts-list>
                                                                              ~~~~~~~~~

  src/app/public/public-list/public-list.component.ts:5:16
    5   templateUrl: './public-list.component.html',
                     ~~~~~~~~~~~~~~~~~~~~~~~~~~~~~~
    Error occurs in the template of component PublicListComponent.


Error: src/app/public/public-list/public-list.component.html:18:1 - error NG8001: 'app-public-explore-users' is not a known element:
1. If 'app-public-explore-users' is an Angular component, then verify that it is part of this module.
2. If 'app-public-explore-users' is a Web Component then add 'CUSTOM_ELEMENTS_SCHEMA' to the '@NgModule.schemas' of this component to suppress this message.

18 <app-public-explore-users [userRole]="userRole"></app-public-explore-users>
   ~~~~~~~~~~~~~~~~~~~~~~~~~~~~~~~~~~~~~~~~~~~~~~~~

  src/app/public/public-list/public-list.component.ts:5:16
    5   templateUrl: './public-list.component.html',
                     ~~~~~~~~~~~~~~~~~~~~~~~~~~~~~~
    Error occurs in the template of component PublicListComponent.


Error: src/app/public/public-list/public-list.component.html:18:27 - error NG8002: Can't bind to 'userRole' since it isn't a known property of 'app-public-explore-users'.
1. If 'app-public-explore-users' is an Angular component and it has 'userRole' input, then verify that it is part of this module.
2. If 'app-public-explore-users' is a Web Component then add 'CUSTOM_ELEMENTS_SCHEMA' to the '@NgModule.schemas' of this component to suppress this message.
3. To allow any property add 'NO_ERRORS_SCHEMA' to the '@NgModule.schemas' of this component.

18 <app-public-explore-users [userRole]="userRole"></app-public-explore-users>
                             ~~~~~~~~~~~~~~~~~~~~~

  src/app/public/public-list/public-list.component.ts:5:16
    5   templateUrl: './public-list.component.html',
                     ~~~~~~~~~~~~~~~~~~~~~~~~~~~~~~
    Error occurs in the template of component PublicListComponent.


Error: src/app/public/public-search/public-search.component.html:1:34 - error NG8002: Can't bind to 'ngClass' since it isn't a known property of 'div'.

1 <div class="container-fluid p-0" [ngClass]="loggedUser ? '' : ''">
                                   ~~~~~~~~~~~~~~~~~~~~~~~~~~~~~~~~

  src/app/public/public-search/public-search.component.ts:13:16
    13   templateUrl: './public-search.component.html',
                      ~~~~~~~~~~~~~~~~~~~~~~~~~~~~~~~~
    Error occurs in the template of component PublicSearchComponent.


Error: src/app/public/public-search/public-search.component.html:5:4 - error NG8002: Can't bind to 'ngClass' since it isn't a known property of 'div'.

5    [ngClass]="screenSize > 1500 ? ' col-lg-11' : 'col-lg-11'"
     ~~~~~~~~~~~~~~~~~~~~~~~~~~~~~~~~~~~~~~~~~~~~~~~~~~~~~~~~~~

  src/app/public/public-search/public-search.component.ts:13:16
    13   templateUrl: './public-search.component.html',
                      ~~~~~~~~~~~~~~~~~~~~~~~~~~~~~~~~
    Error occurs in the template of component PublicSearchComponent.


Error: src/app/public/public-search/public-search.component.html:8:25 - error NG8002: Can't bind to 'ngClass' since it isn't a known property of 'div'.

8      <div class="me-3 " [ngClass]="loggedUser ? 'search-key-2' : 'search-key'">
                          ~~~~~~~~~~~~~~~~~~~~~~~~~~~~~~~~~~~~~~~~~~~~~~~~~~~~~~

  src/app/public/public-search/public-search.component.ts:13:16
    13   templateUrl: './public-search.component.html',
                      ~~~~~~~~~~~~~~~~~~~~~~~~~~~~~~~~
    Error occurs in the template of component PublicSearchComponent.


Error: src/app/public/public-search/public-search.component.html:10:7 - error NG8002: Can't bind to 'ngModel' since it isn't a known property of 'input'.

10       [(ngModel)]="keyword">
         ~~~~~~~~~~~~~~~~~~~~~

  src/app/public/public-search/public-search.component.ts:13:16
    13   templateUrl: './public-search.component.html',
                      ~~~~~~~~~~~~~~~~~~~~~~~~~~~~~~~~
    Error occurs in the template of component PublicSearchComponent.


Error: src/app/public/public-search/public-search.component.html:10:20 - error TS2322: Type 'Event' is not assignable to type 'string'.

10       [(ngModel)]="keyword">
                      ~~~~~~~~~
11      </div>
   ~~~~

  src/app/public/public-search/public-search.component.ts:13:16
    13   templateUrl: './public-search.component.html',
                      ~~~~~~~~~~~~~~~~~~~~~~~~~~~~~~~~
    Error occurs in the template of component PublicSearchComponent.


Error: src/app/public/public-search/public-search.component.html:16:11 - error NG8002: Can't bind to 'ngModel' since it isn't a known property of 'select'.

16           [(ngModel)]="work_setup">
             ~~~~~~~~~~~~~~~~~~~~~~~~

  src/app/public/public-search/public-search.component.ts:13:16
    13   templateUrl: './public-search.component.html',
                      ~~~~~~~~~~~~~~~~~~~~~~~~~~~~~~~~
    Error occurs in the template of component PublicSearchComponent.


Error: src/app/public/public-search/public-search.component.html:16:24 - error TS2322: Type 'Event' is not assignable to type 'string'.

16           [(ngModel)]="work_setup">
                          ~~~~~~~~~~~~
17             <option selected>Work Setup</option>
   ~~~~

  src/app/public/public-search/public-search.component.ts:13:16
    13   templateUrl: './public-search.component.html',
                      ~~~~~~~~~~~~~~~~~~~~~~~~~~~~~~~~
    Error occurs in the template of component PublicSearchComponent.


Error: src/app/public/public-search/public-search.component.html:28:11 - error NG8002: Can't bind to 'ngModel' since it isn't a known property of 'select'.

28           [(ngModel)]="job_type">
             ~~~~~~~~~~~~~~~~~~~~~~

  src/app/public/public-search/public-search.component.ts:13:16
    13   templateUrl: './public-search.component.html',
                      ~~~~~~~~~~~~~~~~~~~~~~~~~~~~~~~~
    Error occurs in the template of component PublicSearchComponent.


Error: src/app/public/public-search/public-search.component.html:28:24 - error TS2322: Type 'Event' is not assignable to type 'string'.

28           [(ngModel)]="job_type">
                          ~~~~~~~~~~
29             <option selected>Job Type</option>
   ~~~~

  src/app/public/public-search/public-search.component.ts:13:16
    13   templateUrl: './public-search.component.html',
                      ~~~~~~~~~~~~~~~~~~~~~~~~~~~~~~~~
    Error occurs in the template of component PublicSearchComponent.


Error: src/app/public/public-search/public-search.component.html:53:5 - error NG8001: 'app-job-posts-list' is not a known element:
1. If 'app-job-posts-list' is an Angular component, then verify that it is part of this module.
2. If 'app-job-posts-list' is a Web Component then add 'CUSTOM_ELEMENTS_SCHEMA' to the '@NgModule.schemas' of this component to suppress this message.

53     <app-job-posts-list [label]="'Jobs Search Result'"
       ~~~~~~~~~~~~~~~~~~~~~~~~~~~~~~~~~~~~~~~~~~~~~~~~~~
54     [searchData]="jobSearch"
   ~~~~~~~~~~~~~~~~~~~~~~~~~~~~
55     [fromSearch]="true"
  [0m ~~~~~~~~~~~~~~~~~~~~~~~
56     [subLabel]="'List of available jobs based on current search keywords'"></app-job-posts-list>
   ~~~~~~~~~~~~~~~~~~~~~~~~~~~~~~~~~~~~~~~~~~~~~~~~~~~~~~~~~~~~~~~~~~~~~~~~~~~

  src/app/public/public-search/public-search.component.ts:13:16
    13   templateUrl: './public-search.component.html',
                      ~~~~~~~~~~~~~~~~~~~~~~~~~~~~~~~~
    Error occurs in the template of component PublicSearchComponent.


Error: src/app/public/public-search/public-search.component.html:53:25 - error NG8002: Can't bind to 'label' since it isn't a known property of 'app-job-posts-list'.
1. If 'app-job-posts-list' is an Angular component and it has 'label' input, then verify that it is part of this module.
2. If 'app-job-posts-list' is a Web Component then add 'CUSTOM_ELEMENTS_SCHEMA' to the '@NgModule.schemas' of this component to suppress this message.
3. To allow any property add 'NO_ERRORS_SCHEMA' to the '@NgModule.schemas' of this component.

53     <app-job-posts-list [label]="'Jobs Search Result'"
                           ~~~~~~~~~~~~~~~~~~~~~~~~~~~~~~

  src/app/public/public-search/public-search.component.ts:13:16
    13   templateUrl: './public-search.component.html',
                      ~~~~~~~~~~~~~~~~~~~~~~~~~~~~~~~~
    Error occurs in the template of component PublicSearchComponent.


Error: src/app/public/public-search/public-search.component.html:54:5 - error NG8002: Can't bind to 'searchData' since it isn't a known property of 'app-job-posts-list'.
1. If 'app-job-posts-list' is an Angular component and it has 'searchData' input, then verify that it is part of this module.
2. If 'app-job-posts-list' is a Web Component then add 'CUSTOM_ELEMENTS_SCHEMA' to the '@NgModule.schemas' of this component to suppress this message.
3. To allow any property add 'NO_ERRORS_SCHEMA' to the '@NgModule.schemas' of this component.

54     [searchData]="jobSearch"
       ~~~~~~~~~~~~~~~~~~~~~~~~

  src/app/public/public-search/public-search.component.ts:13:16
    13   templateUrl: './public-search.component.html',
                      ~~~~~~~~~~~~~~~~~~~~~~~~~~~~~~~~
    Error occurs in the template of component PublicSearchComponent.


Error: src/app/public/public-search/public-search.component.html:55:5 - error NG8002: Can't bind to 'fromSearch' since it isn't a known property of 'app-job-posts-list'.
1. If 'app-job-posts-list' is an Angular component and it has 'fromSearch' input, then verify that it is part of this module.
2. If 'app-job-posts-list' is a Web Component then add 'CUSTOM_ELEMENTS_SCHEMA' to the '@NgModule.schemas' of this component to suppress this message.
3. To allow any property add 'NO_ERRORS_SCHEMA' to the '@NgModule.schemas' of this component.

55     [fromSearch]="true"
       ~~~~~~~~~~~~~~~~~~~

  src/app/public/public-search/public-search.component.ts:13:16
    13   templateUrl: './public-search.component.html',
                      ~~~~~~~~~~~~~~~~~~~~~~~~~~~~~~~~
    Error occurs in the template of component PublicSearchComponent.


Error: src/app/public/public-search/public-search.component.html:56:5 - error NG8002: Can't bind to 'subLabel' since it isn't a known property of 'app-job-posts-list'.
1. If 'app-job-posts-list' is an Angular component and it has 'subLabel' input, then verify that it is part of this module.
2. If 'app-job-posts-list' is a Web Component then add 'CUSTOM_ELEMENTS_SCHEMA' to the '@NgModule.schemas' of this component to suppress this message.
3. To allow any property add 'NO_ERRORS_SCHEMA' to the '@NgModule.schemas' of this component.

56     [subLabel]="'List of available jobs based on current search keywords'"></app-job-posts-list>
       ~~~~~~~~~~~~~~~~~~~~~~~~~~~~~~~~~~~~~~~~~~~~~~~~~~~~~~~~~~~~~~~~~~~~~~

  src/app/public/public-search/public-search.component.ts:13:16
    13   templateUrl: './public-search.component.html',
                      ~~~~~~~~~~~~~~~~~~~~~~~~~~~~~~~~
    Error occurs in the template of component PublicSearchComponent.


Error: src/app/public/public.component.html:2:3 - error NG8001: 'app-header' is not a known element:
1. If 'app-header' is an Angular component, then verify that it is part of this module.
2. If 'app-header' is a Web Component then add 'CUSTOM_ELEMENTS_SCHEMA' to the '@NgModule.schemas' of this component to suppress this message.

2   <app-header [isPublic]="true"
    ~~~~~~~~~~~~~~~~~~~~~~~~~~~~~
3         [isUserLoggedIn]="isUserLoggedIn" [user]="user"></app-header>
  ~~~~~~~~~~~~~~~~~~~~~~~~~~~~~~~~~~~~~~~~~~~~~~~~~~~~~~~~

  src/app/public/public.component.ts:6:16
    6   templateUrl: './public.component.html',
                     ~~~~~~~~~~~~~~~~~~~~~~~~~
    Error occurs in the template of component PublicComponent.


Error: src/app/public/public.component.html:2:15 - error NG8002: Can't bind to 'isPublic' since it isn't a known property of 'app-header'.
1. If 'app-header' is an Angular component and it has 'isPublic' input, then verify that it is part of this module.
2. If 'app-header' is a Web Component then add 'CUSTOM_ELEMENTS_SCHEMA' to the '@NgModule.schemas' of this component to suppress this message.
3. To allow any property add 'NO_ERRORS_SCHEMA' to the '@NgModule.schemas' of this component.

2   <app-header [isPublic]="true"
                ~~~~~~~~~~~~~~~~~

  src/app/public/public.component.ts:6:16
    6   templateUrl: './public.component.html',
                     ~~~~~~~~~~~~~~~~~~~~~~~~~
    Error occurs in the template of component PublicComponent.


Error: src/app/public/public.component.html:3:9 - error NG8002: Can't bind to 'isUserLoggedIn' since it isn't a known property of 'app-header'.
1. If 'app-header' is an Angular component and it has 'isUserLoggedIn' input, then verify that it is part of this module.
2. If 'app-header' is a Web Component then add 'CUSTOM_ELEMENTS_SCHEMA' to the '@NgModule.schemas' of this component to suppress this message.
3. To allow any property add 'NO_ERRORS_SCHEMA' to the '@NgModule.schemas' of this component.

3         [isUserLoggedIn]="isUserLoggedIn" [user]="user"></app-header>
          ~~~~~~~~~~~~~~~~~~~~~~~~~~~~~~~~~

  src/app/public/public.component.ts:6:16
    6   templateUrl: './public.component.html',
                     ~~~~~~~~~~~~~~~~~~~~~~~~~
    Error occurs in the template of component PublicComponent.


Error: src/app/public/public.component.html:3:43 - error NG8002: Can't bind to 'user' since it isn't a known property of 'app-header'.
1. If 'app-header' is an Angular component and it has 'user' input, then verify that it is part of this module.
2. If 'app-header' is a Web Component then add 'CUSTOM_ELEMENTS_SCHEMA' to the '@NgModule.schemas' of this component to suppress this message.
3. To allow any property add 'NO_ERRORS_SCHEMA' to the '@NgModule.schemas' of this component.

3         [isUserLoggedIn]="isUserLoggedIn" [user]="user"></app-header>
                                            ~~~~~~~~~~~~~

  src/app/public/public.component.ts:6:16
    6   templateUrl: './public.component.html',
                     ~~~~~~~~~~~~~~~~~~~~~~~~~
    Error occurs in the template of component PublicComponent.


Error: src/app/public/public.component.html:7:3 - error NG8001: 'router-outlet' is not a known element:
1. If 'router-outlet' is an Angular component, then verify that it is part of this module.
2. If 'router-outlet' is a Web Component then add 'CUSTOM_ELEMENTS_SCHEMA' to the '@NgModule.schemas' of this component to suppress this message.

7   <router-outlet></router-outlet>
    ~~~~~~~~~~~~~~~

  src/app/public/public.component.ts:6:16
    6   templateUrl: './public.component.html',
                     ~~~~~~~~~~~~~~~~~~~~~~~~~
    Error occurs in the template of component PublicComponent.


Error: src/app/public/public.component.html:10:1 - error NG8001: 'app-footer' is not a known element:
1. If 'app-footer' is an Angular component, then verify that it is part of this module.
2. If 'app-footer' is a Web Component then add 'CUSTOM_ELEMENTS_SCHEMA' to the '@NgModule.schemas' of this component to suppress this message.

10 <app-footer></app-footer>
   ~~~~~~~~~~~~

  src/app/public/public.component.ts:6:16
    6   templateUrl: './public.component.html',
                     ~~~~~~~~~~~~~~~~~~~~~~~~~
    Error occurs in the template of component PublicComponent.


Error: src/app/public/public.module.ts:49:17 - error NG1010: Value at position 12 in the NgModule.declarations of PublicModule is not a reference
  Value could not be determined statically.

 49   declarations: [
                    ~
 50     PublicComponent,
    ~~~~~~~~~~~~~~~~~~~~
... 
 63     JobBoardEmployerCtaComponent
    ~~~~~~~~~~~~~~~~~~~~~~~~~~~~~~~~
 64   ],
    ~~~

  src/app/public/public.module.ts:62:5
    62     TalentProofBadgeComponent,
           ~~~~~~~~~~~~~~~~~~~~~~~~~
    Unknown reference.


Error: src/app/public/public.module.ts:62:5 - error TS2304: Cannot find name 'TalentProofBadgeComponent'.

62     TalentProofBadgeComponent,
       ~~~~~~~~~~~~~~~~~~~~~~~~~



√ Browser application bundle generation complete.
√ Browser application bundle generation complete.
√ Browser application bundle generation complete.
√ Browser application bundle generation complete.
√ Browser application bundle generation complete.
√ Browser application bundle generation complete.
√ Browser application bundle generation complete.
√ Browser application bundle generation complete.
